t,C_0_0,C_0_1,C_0_2,C_0_3,C_0_4,C_0_5,C_0_6,C_0_7,C_0_8,C_0_9,C_0_10,C_0_11,C_0_12,C_0_13,C_1_0,C_1_1,C_1_2,C_1_3,C_1_4,C_1_5,C_1_6,C_1_7,C_1_8,C_1_9,C_1_10,C_1_11,C_1_12,C_1_13,C_2_0,C_2_1,C_2_2,C_2_3,C_2_4,C_2_5,C_2_6,C_2_7,C_2_8,C_2_9,C_2_10,C_2_11,C_2_12,C_2_13,C_3_0,C_3_1,C_3_2,C_3_3,C_3_4,C_3_5,C_3_6,C_3_7,C_3_8,C_3_9,C_3_10,C_3_11,C_3_12,C_3_13,C_4_0,C_4_1,C_4_2,C_4_3,C_4_4,C_4_5,C_4_6,C_4_7,C_4_8,C_4_9,C_4_10,C_4_11,C_4_12,C_4_13,C_5_0,C_5_1,C_5_2,C_5_3,C_5_4,C_5_5,C_5_6,C_5_7,C_5_8,C_5_9,C_5_10,C_5_11,C_5_12,C_5_13,C_6_0,C_6_1,C_6_2,C_6_3,C_6_4,C_6_5,C_6_6,C_6_7,C_6_8,C_6_9,C_6_10,C_6_11,C_6_12,C_6_13,C_7_0,C_7_1,C_7_2,C_7_3,C_7_4,C_7_5,C_7_6,C_7_7,C_7_8,C_7_9,C_7_10,C_7_11,C_7_12,C_7_13,C_8_0,C_8_1,C_8_2,C_8_3,C_8_4,C_8_5,C_8_6,C_8_7,C_8_8,C_8_9,C_8_10,C_8_11,C_8_12,C_8_13,C_9_0,C_9_1,C_9_2,C_9_3,C_9_4,C_9_5,C_9_6,C_9_7,C_9_8,C_9_9,C_9_10,C_9_11,C_9_12,C_9_13,C_10_0,C_10_1,C_10_2,C_10_3,C_10_4,C_10_5,C_10_6,C_10_7,C_10_8,C_10_9,C_10_10,C_10_11,C_10_12,C_10_13,C_11_0,C_11_1,C_11_2,C_11_3,C_11_4,C_11_5,C_11_6,C_11_7,C_11_8,C_11_9,C_11_10,C_11_11,C_11_12,C_11_13,C_12_0,C_12_1,C_12_2,C_12_3,C_12_4,C_12_5,C_12_6,C_12_7,C_12_8,C_12_9,C_12_10,C_12_11,C_12_12,C_12_13,C_13_0,C_13_1,C_13_2,C_13_3,C_13_4,C_13_5,C_13_6,C_13_7,C_13_8,C_13_9,C_13_10,C_13_11,C_13_12,C_13_13
0.0,0.0,0.0,0.0,0.0,0.0,0.0,0.0,0.0,0.0,0.0,0.0,0.0,0.0,0.0,0.0,0.0,0.9999999843497811,0.0,0.0,0.0,0.0,0.0,0.0,0.0,0.0,0.0,0.0,0.0,0.0,0.9999999843497811,0.0,0.0,0.0,0.0,0.0,0.0,0.0,0.0,0.0,0.0,0.0,0.0,0.0,0.0,0.0,0.0,0.0,0.0,0.0,0.0,0.0,0.0,0.0,0.0,0.0,0.0,0.0,0.0,0.0,0.0,0.0,0.0,0.0,0.0,0.0,0.0,0.0,0.0,0.0,0.0,0.0,0.0,0.0,0.0,0.0,0.0,0.0,0.0,0.0,0.0,0.0,0.0,0.0,0.0,0.0,0.0,0.0,0.0,0.0,0.0,0.0,0.0,0.0,0.0,0.0,0.0,0.0,0.0,0.0,0.0,0.0,0.0,0.0,0.0,0.0,0.0,0.0,0.0,0.0,0.0,0.0,0.0,0.0,0.0,0.0,0.0,0.0,0.0,0.0,0.0,0.0,0.0,0.0,0.0,0.0,0.0,0.0,0.0,0.0,0.0,0.0,0.0,0.0,0.0,0.0,0.0,0.0,0.0,0.0,0.0,0.0,0.0,0.0,0.0,0.0,0.0,0.0,0.0,0.0,0.0,0.0,0.0,0.0,0.0,0.0,0.0,0.0,0.0,0.0,0.0,0.0,0.0,0.0,0.0,0.0,0.0,0.0,0.0,0.0,0.0,0.0,0.0,0.0,0.0,0.0,0.0,0.0,0.0,0.0,0.0,0.0,0.0,0.0,0.0,0.0,0.0,0.0,0.0,0.0,0.0,0.0,0.0,0.0,0.0,0.0,0.0
1.0,0.0,0.11522688467827277,0.004237161816578009,0.018486746401562143,0.006792758627936265,0.0,0.0,0.0,0.0,0.0,0.0,0.0,0.0,0.0,0.11522688467827277,0.0,0.20831996454956359,0.48895218587008155,0.28991954929666175,0.10024567502201923,0.016030160590829665,0.0,0.0,0.0,0.0,0.0,0.0,0.0,0.004237161816578009,0.20831996454956359,0.0,0.027169246607653456,0.015854417993769573,0.0,0.0,0.0,0.0,0.0,0.0,0.0,0.0,0.0,0.018486746401562143,0.48895218587008155,0.027169246607653456,0.0,0.05453888860619622,0.010555636611330861,0.0,0.0,0.0,0.0,0.0,0.0,0.0,0.0,0.006792758627936265,0.28991954929666175,0.015854417993769573,0.05453888860619622,0.0,0.00030276889576032835,0.0,0.0,0.0,0.0,0.0,0.0,0.0,0.0,0.0,0.10024567502201923,0.0,0.010555636611330861,0.00030276889576032835,0.0,0.026308256627245154,0.0016571927438189759,0.0012274029478189406,0.0010276301825745153,0.0005223651899115282,0.0,0.0,0.0,0.0,0.016030160590829665,0.0,0.0,0.0,0.026308256627245154,0.0,0.030334130665861846,0.0036881316486952294,0.0024949927603839387,0.003339940669991769,0.0019964526183669446,0.0,0.0,0.0,0.0,0.0,0.0,0.0,0.0016571927438189759,0.030334130665861846,0.0,0.027002355068984546,0.004217280105721712,0.0036253285982586424,0.004016806249123419,0.0011368001544884371,0.0,0.0,0.0,0.0,0.0,0.0,0.0012274029478189406,0.0036881316486952294,0.027002355068984546,0.0,0.031156350148133522,0.004394584338865198,0.00536052338137965,0.0027334576123349123,0.0,0.0,0.0,0.0,0.0,0.0,0.0010276301825745153,0.0024949927603839387,0.004217280105721712,0.031156350148133522,0.0,0.03397632095296273,0.006156445612474553,0.005005571429780955,0.0006536781010112358,0.0,0.0,0.0,0.0,0.0,0.0005223651899115282,0.003339940669991769,0.0036253285982586424,0.004394584338865198,0.03397632095296273,0.0,0.008517158534920148,0.013239842735208214,0.003988595441374697,0.0,0.0,0.0,0.0,0.0,0.0,0.0019964526183669446,0.004016806249123419,0.00536052338137965,0.006156445612474553,0.008517158534920148,0.0,0.03038992572395098,0.02032249882045739,0.0,0.0,0.0,0.0,0.0,0.0,0.0,0.0011368001544884371,0.0027334576123349123,0.005005571429780955,0.013239842735208214,0.03038992572395098,0.0,0.02744972800470273,0.0,0.0,0.0,0.0,0.0,0.0,0.0,0.0,0.0,0.0006536781010112358,0.003988595441374697,0.02032249882045739,0.02744972800470273,0.0
2.0,0.0,0.16142847564545673,0.1191749553073543,0.045409928594391344,0.026405683619039333,0.017931799238043514,0.00695043922499668,0.0,0.0,0.0,0.0,0.0,0.0,0.0,0.16142847564545673,0.0,0.8191929176721684,0.3647597517310008,0.22817752366836813,0.14979192598410404,0.08224021775701224,0.032069006916947626,0.0,0.0,0.0,0.0,0.0,0.0,0.1191749553073543,0.8191929176721684,0.0,0.27604402049554283,0.17718063644219242,0.11986044930644843,0.060935451437179385,0.022545480116968216,0.0,0.0,0.0,0.0,0.0,0.0,0.045409928594391344,0.3647597517310008,0.27604402049554283,0.0,0.059815864443599494,0.05146142236063815,0.02273110443830412,0.009059838827590257,0.0,0.0,0.0,0.0,0.0,0.0,0.026405683619039333,0.22817752366836813,0.17718063644219242,0.059815864443599494,0.0,0.01173256744192993,0.011895071573654372,0.003237150053245776,0.0,0.0,0.0,0.0,0.0,0.0,0.017931799238043514,0.14979192598410404,0.11986044930644843,0.05146142236063815,0.01173256744192993,0.0,0.010590501295075775,0.0010426763476447105,0.0,0.0,0.0,0.0,0.0,0.0,0.00695043922499668,0.08224021775701224,0.060935451437179385,0.02273110443830412,0.011895071573654372,0.010590501295075775,0.0,0.021546248242972653,0.0,0.0,0.0,0.0,0.0,0.0,0.0,0.032069006916947626,0.022545480116968216,0.009059838827590257,0.003237150053245776,0.0010426763476447105,0.021546248242972653,0.0,0.02918990536928022,0.0032627697577386748,0.0,0.0007891637581821234,0.0,0.0,0.0,0.0,0.0,0.0,0.0,0.0,0.0,0.02918990536928022,0.0,0.030124133975679087,2.550126643125817e-06,0.0028095359892360908,0.0007064137939530533,0.0003932827891458409,0.0,0.0,0.0,0.0,0.0,0.0,0.0,0.0032627697577386748,0.030124133975679087,0.0,0.014690361257689922,0.008009363306514644,0.007768513588406138,0.0035824205566112235,0.0,0.0,0.0,0.0,0.0,0.0,0.0,0.0,2.550126643125817e-06,0.014690361257689922,0.0,0.016189280822202265,0.0033819607266174245,0.0013709755079126863,0.0,0.0,0.0,0.0,0.0,0.0,0.0,0.0007891637581821234,0.0028095359892360908,0.008009363306514644,0.016189280822202265,0.0,0.03297679947413586,0.010201955643140765,0.0,0.0,0.0,0.0,0.0,0.0,0.0,0.0,0.0007064137939530533,0.007768513588406138,0.0033819607266174245,0.03297679947413586,0.0,0.044891688384206284,0.0,0.0,0.0,0.0,0.0,0.0,0.0,0.0,0.0003932827891458409,0.0035824205566112235,0.0013709755079126863,0.010201955643140765,0.044891688384206284,0.0
3.0,0.0,0.322839947089591,0.06562498164548408,0.0,0.009633245322306389,0.016357082384191826,0.01579280452820016,0.011303303272846019,0.006134631398822758,0.0,0.0,0.0,0.0,0.0,0.322839947089591,0.0,0.4511989448036007,0.05315540764542996,0.14906779798392536,0.1373178626216066,0.11837713693067324,0.09664637671358241,0.07693984968875814,0.04931762970250678,0.01835797661836803,0.001432532505845221,0.0,0.0,0.06562498164548408,0.4511989448036007,0.0,0.0010636581911410085,0.018976062100645636,0.02341477733833218,0.017038047428758356,0.014156077426511303,0.007026994979555015,0.0,0.0,0.0,0.0,0.0,0.0,0.05315540764542996,0.0010636581911410085,0.0,0.026398617049929296,0.003155995882835441,0.0,0.0007731307411762775,0.0,0.0,0.0,0.0,0.0,0.0,0.009633245322306389,0.14906779798392536,0.018976062100645636,0.026398617049929296,0.0,0.022059641404608563,0.0,0.0,0.0014003057061855785,0.00033998082157030737,0.0,0.00022928978291663683,0.0,0.0,0.016357082384191826,0.1373178626216066,0.02341477733833218,0.003155995882835441,0.022059641404608563,0.0,0.0027255492903776823,0.0,0.00021486359134265408,0.0,0.0,0.0,0.0,0.0,0.01579280452820016,0.11837713693067324,0.017038047428758356,0.0,0.0,0.0027255492903776823,0.0,5.382889879946217e-06,0.0006517703822187162,0.0,0.0,0.0020196591053258024,0.0,0.0,0.011303303272846019,0.09664637671358241,0.014156077426511303,0.0007731307411762775,0.0,0.0,5.382889879946217e-06,0.0,0.013062451978562458,0.0,0.0,0.0006410923316354987,0.0,0.0,0.006134631398822758,0.07693984968875814,0.007026994979555015,0.0,0.0014003057061855785,0.00021486359134265408,0.0006517703822187162,0.013062451978562458,0.0,0.009176215832144941,0.0017365928715543939,0.0006765571137355678,0.0,0.0,0.0,0.04931762970250678,0.0,0.0,0.00033998082157030737,0.0,0.0,0.0,0.009176215832144941,0.0,0.0284810492018065,0.005082146901265612,0.0,0.0007186990335893436,0.0,0.01835797661836803,0.0,0.0,0.0,0.0,0.0,0.0,0.0017365928715543939,0.0284810492018065,0.0,0.013082225234817647,0.008104810946691722,0.0010520039583474979,0.0,0.001432532505845221,0.0,0.0,0.00022928978291663683,0.0,0.0020196591053258024,0.0006410923316354987,0.0006765571137355678,0.005082146901265612,0.013082225234817647,0.0,0.009052630717076912,0.0050358112169954245,0.0,0.0,0.0,0.0,0.0,0.0,0.0,0.0,0.0,0.0,0.008104810946691722,0.009052630717076912,0.0,0.0466731875415651,0.0,0.0,0.0,0.0,0.0,0.0,0.0,0.0,0.0,0.0007186990335893436,0.0010520039583474979,0.0050358112169954245,0.0466731875415651,0.0
4.0,0.0,0.30475698885796443,0.19439423279959572,0.11692385444507744,0.049526380292694225,0.006795882653678264,0.004158329398486663,0.007931135176775008,0.008995677954322644,0.01819826395370303,0.012835746087464881,0.0,0.0,0.0,0.30475698885796443,0.0,0.7315047071395319,0.47299525807935033,0.2059801181273596,0.06290756751603668,0.028245503055030756,0.031599483004104534,0.03116458718914769,0.05865924407026307,0.045745099322923644,0.0,0.0,0.0,0.19439423279959572,0.7315047071395319,0.0,0.305162224855891,0.13165958004319023,0.0392513230516944,0.014632637121779556,0.01836366051203464,0.017698593293085083,0.03560894607233151,0.02641519099698101,0.0,0.0,0.0,0.11692385444507744,0.47299525807935033,0.305162224855891,0.0,0.06780312403633912,0.020169956778640686,0.006892527737887957,0.009463740887499758,0.010458090957443572,0.025358554548652112,0.01786770011036702,0.0,0.0,0.0,0.049526380292694225,0.2059801181273596,0.13165958004319023,0.06780312403633912,0.0,0.014399693798961987,0.0,0.0003695673983540014,0.0030987042501950893,0.007530138531438133,0.004747335419724496,0.0,0.0,0.0,0.006795882653678264,0.06290756751603668,0.0392513230516944,0.020169956778640686,0.014399693798961987,0.0,0.0327423029489768,0.0,0.0,0.0004613327053472568,0.0,0.0,0.0,0.0,0.004158329398486663,0.028245503055030756,0.014632637121779556,0.006892527737887957,0.0,0.0327423029489768,0.0,0.036445672824170994,0.0,0.0,0.0,0.0,0.0,0.0,0.007931135176775008,0.031599483004104534,0.01836366051203464,0.009463740887499758,0.0003695673983540014,0.0,0.036445672824170994,0.0,0.020166675149250742,0.0,0.0,0.0009237983380724852,0.0,0.0,0.008995677954322644,0.03116458718914769,0.017698593293085083,0.010458090957443572,0.0030987042501950893,0.0,0.0,0.020166675149250742,0.0,0.0215470949435538,0.0,0.0012893815799872423,0.0,0.0,0.01819826395370303,0.05865924407026307,0.03560894607233151,0.025358554548652112,0.007530138531438133,0.0004613327053472568,0.0,0.0,0.0215470949435538,0.0,0.018454916327327358,0.006558685856524158,0.00036122875655721044,0.0,0.012835746087464881,0.045745099322923644,0.02641519099698101,0.01786770011036702,0.004747335419724496,0.0,0.0,0.0,0.0,0.018454916327327358,0.0,0.02042211331026717,0.0074502352348169015,0.002379560496509279,0.0,0.0,0.0,0.0,0.0,0.0,0.0,0.0009237983380724852,0.0012893815799872423,0.006558685856524158,0.02042211331026717,0.0,0.025183553723488624,0.009470810850765513,0.0,0.0,0.0,0.0,0.0,0.0,0.0,0.0,0.0,0.00036122875655721044,0.0074502352348169015,0.025183553723488624,0.0,0.040915287368039004,0.0,0.0,0.0,0.0,0.0,0.0,0.0,0.0,0.0,0.0,0.002379560496509279,0.009470810850765513,0.040915287368039004,0.0
5.0,0.0,0.44019451756699446,0.06312947311231017,0.12775510545472335,0.04481553892989133,0.0027171561202696147,0.0,0.0,0.01137070429010394,0.015650637936228503,0.020082197640542115,0.001917357417559655,0.0,0.0,0.44019451756699446,0.0,0.30199173261146833,0.49122620419073665,0.22447299526246536,0.03407713433799635,0.006521746699805089,0.000615384006804243,0.04900068390297767,0.07219915192100683,0.08596164370300319,0.012620509702462387,0.0,0.0,0.06312947311231017,0.30199173261146833,0.0,0.05952305267100334,0.023804854456905427,0.0,0.0,0.0,2.920241888256978e-05,0.0023714211458497653,0.005643924620000851,0.0,0.0,0.0,0.12775510545472335,0.49122620419073665,0.05952305267100334,0.0,0.04983397089223125,0.001105470897246258,0.0,0.0,0.010750765122479446,0.012739430542524764,0.01886501704868072,0.003818035960268083,0.0,0.0,0.04481553892989133,0.22447299526246536,0.023804854456905427,0.04983397089223125,0.0,0.020233973876187774,0.0,0.0,0.0012045272917590969,0.005434695150419417,0.009712141263834026,0.0,0.0,0.0,0.0027171561202696147,0.03407713433799635,0.0,0.001105470897246258,0.020233973876187774,0.0,0.02089555209966803,0.0013099645889194129,0.0,0.0,0.0,0.001247274159120978,0.0009493767246393924,0.0,0.0,0.006521746699805089,0.0,0.0,0.0,0.02089555209966803,0.0,0.026633127975656985,0.0,0.0004127282654653109,0.0,0.001656455388065712,0.0,0.0005312808775422566,0.0,0.000615384006804243,0.0,0.0,0.0,0.0013099645889194129,0.026633127975656985,0.0,0.02009313195345375,0.001236733812545996,0.0012116558517407453,0.0,0.000756791406295725,0.00017693604097600936,0.01137070429010394,0.04900068390297767,2.920241888256978e-05,0.010750765122479446,0.0012045272917590969,0.0,0.0,0.02009313195345375,0.0,0.030870378869588735,0.0001133932610192978,0.0,0.002605962528851385,8.302797227813729e-05,0.015650637936228503,0.07219915192100683,0.0023714211458497653,0.012739430542524764,0.005434695150419417,0.0,0.0004127282654653109,0.001236733812545996,0.030870378869588735,0.0,0.01617877479804693,0.0017776352074896833,0.0036158599392647796,0.0008768976573341294,0.020082197640542115,0.08596164370300319,0.005643924620000851,0.01886501704868072,0.009712141263834026,0.0,0.0,0.0012116558517407453,0.0001133932610192978,0.01617877479804693,0.0,0.01987317589981101,0.0033165967381866843,0.001542235416166368,0.001917357417559655,0.012620509702462387,0.0,0.003818035960268083,0.0,0.001247274159120978,0.001656455388065712,0.0,0.0,0.0017776352074896833,0.01987317589981101,0.0,0.029847232673660008,0.009082185387547646,0.0,0.0,0.0,0.0,0.0,0.0009493767246393924,0.0,0.000756791406295725,0.002605962528851385,0.0036158599392647796,0.0033165967381866843,0.029847232673660008,0.0,0.02542268038114304,0.0,0.0,0.0,0.0,0.0,0.0,0.0005312808775422566,0.00017693604097600936,8.302797227813729e-05,0.0008768976573341294,0.001542235416166368,0.009082185387547646,0.02542268038114304,0.0
6.0,0.0,0.37983501209281867,0.29741433450933447,0.038884890938218106,0.017400752109695022,0.018317920472384695,0.005639058342369754,0.0051780198367697185,0.023523800766572685,0.015056565832309007,0.014189952182238508,0.0,0.0,0.0,0.37983501209281867,0.0,0.8693048370741437,0.12451104251069957,0.07968119502919342,0.06566030760776372,0.0280465036935471,0.01884298863597248,0.06517174237675127,0.036755106518077306,0.03809349337883357,0.003241023787984164,0.0,0.0,0.29741433450933447,0.8693048370741437,0.0,0.0896267439645642,0.05698588226200806,0.050990887297479526,0.022043868429303885,0.008701406696903705,0.05227397832859187,0.03733845407982404,0.03378147757169331,0.0,0.0,0.0,0.038884890938218106,0.12451104251069957,0.0896267439645642,0.0,0.0,0.0,5.496167977870513e-05,0.0,0.003966817258316531,0.0003247783265100863,0.0,0.0,0.0,0.0,0.017400752109695022,0.07968119502919342,0.05698588226200806,0.0,0.0,0.010387839259611077,0.002461834195586455,0.0009786508515436882,0.0002534436160919437,0.0,0.0,3.82946235067983e-05,0.0,0.0,0.018317920472384695,0.06566030760776372,0.050990887297479526,0.0,0.010387839259611077,0.0,0.015442208350967969,0.0028957129614113793,0.0,0.0,0.0004294524992850298,0.001625342865527471,0.0,0.0,0.005639058342369754,0.0280465036935471,0.022043868429303885,5.496167977870513e-05,0.002461834195586455,0.015442208350967969,0.0,0.008015454151160976,0.000983170999758311,0.0,0.0,0.0003749971047450903,0.0,0.0005548908221220689,0.0051780198367697185,0.01884298863597248,0.008701406696903705,0.0,0.0009786508515436882,0.0028957129614113793,0.008015454151160976,0.0,0.013688753704688165,0.0021035240004856136,0.0026993247225404423,0.002320500233181381,0.0,0.001423273768674444,0.023523800766572685,0.06517174237675127,0.05227397832859187,0.003966817258316531,0.0002534436160919437,0.0,0.000983170999758311,0.013688753704688165,0.0,0.01591504788562675,0.0,0.003104854568043891,0.0,0.002288340367888496,0.015056565832309007,0.036755106518077306,0.03733845407982404,0.0003247783265100863,0.0,0.0,0.0,0.0021035240004856136,0.01591504788562675,0.0,0.03156418833886856,0.008235082331490578,0.004609091805102383,0.005532181946405761,0.014189952182238508,0.03809349337883357,0.03378147757169331,0.0,0.0,0.0004294524992850298,0.0,0.0026993247225404423,0.0,0.03156418833886856,0.0,0.022670699297029733,0.01102954448183007,0.001152380358591447,0.0,0.003241023787984164,0.0,0.0,3.82946235067983e-05,0.001625342865527471,0.0003749971047450903,0.002320500233181381,0.003104854568043891,0.008235082331490578,0.022670699297029733,0.0,0.012105222028498243,0.001636382608237135,0.0,0.0,0.0,0.0,0.0,0.0,0.0,0.0,0.0,0.004609091805102383,0.01102954448183007,0.012105222028498243,0.0,0.008912183401185936,0.0,0.0,0.0,0.0,0.0,0.0,0.0005548908221220689,0.001423273768674444,0.002288340367888496,0.005532181946405761,0.001152380358591447,0.001636382608237135,0.008912183401185936,0.0
7.0,0.0,0.4511431094010433,0.16785419706252905,0.11189845886508017,0.08565228901886143,0.035444142617844475,0.0,0.012340924068381501,0.02285260254729485,0.012246159985327597,0.008993359800617292,0.0,0.0,0.0,0.4511431094010433,0.0,0.5737073045498623,0.3973411862085499,0.2876499941673208,0.1239997669033481,0.0,0.047466359367043354,0.08186170483072402,0.0495208900894456,0.03318665199943302,0.0,0.0,0.0,0.16785419706252905,0.5737073045498623,0.0,0.14606838020563997,0.10384520737331622,0.040208472556586924,0.0,0.01136397823159718,0.030072389909803196,0.013704323423933884,0.003984095288099078,0.0,0.0,0.0,0.11189845886508017,0.3973411862085499,0.14606838020563997,0.0,0.0569234550348836,0.02449125287930727,0.0,0.010346539999635128,0.019800251648648886,0.007515875026163347,0.007623940000443817,0.0,0.0,0.0,0.08565228901886143,0.2876499941673208,0.10384520737331622,0.0569234550348836,0.0,0.013852176895567002,0.0,0.005764307348347606,0.013384675419230718,0.0058125541442916925,0.005496735457596127,0.0,0.0,0.0,0.035444142617844475,0.1239997669033481,0.040208472556586924,0.02449125287930727,0.013852176895567002,0.0,0.029074858264549062,0.0,0.004670496212312201,0.0,0.0,0.0,0.0,0.0,0.0,0.0,0.0,0.0,0.0,0.029074858264549062,0.0,0.03590888285991779,0.0,0.0,0.0,0.0005504161177287301,8.785008725161446e-05,0.0,0.012340924068381501,0.047466359367043354,0.01136397823159718,0.010346539999635128,0.005764307348347606,0.0,0.03590888285991779,0.0,0.020848577828140067,0.0,0.0,0.0,0.0,5.325386497953349e-05,0.02285260254729485,0.08186170483072402,0.030072389909803196,0.019800251648648886,0.013384675419230718,0.004670496212312201,0.0,0.020848577828140067,0.0,0.009625827890750043,0.002912937627324076,0.003415794877165013,0.00016796440990929156,0.0021274445210483646,0.012246159985327597,0.0495208900894456,0.013704323423933884,0.007515875026163347,0.0058125541442916925,0.0,0.0,0.0,0.009625827890750043,0.0,0.010554844966463476,0.00358554748042061,0.002563112910087905,0.0009927613153248942,0.008993359800617292,0.03318665199943302,0.003984095288099078,0.007623940000443817,0.005496735457596127,0.0,0.0,0.0,0.002912937627324076,0.010554844966463476,0.0,0.03332170939742893,0.0022550920106545183,0.0036332054099457054,0.0,0.0,0.0,0.0,0.0,0.0,0.0005504161177287301,0.0,0.003415794877165013,0.00358554748042061,0.03332170939742893,0.0,0.024705374406782783,0.013015971818648709,0.0,0.0,0.0,0.0,0.0,0.0,8.785008725161446e-05,0.0,0.00016796440990929156,0.002563112910087905,0.0022550920106545183,0.024705374406782783,0.0,0.01871058598382627,0.0,0.0,0.0,0.0,0.0,0.0,0.0,5.325386497953349e-05,0.0021274445210483646,0.0009927613153248942,0.0036332054099457054,0.013015971818648709,0.01871058598382627,0.0
8.0,0.0,0.3898426431378838,0.23442776635840532,0.12048769567860522,0.04100760600192667,0.022799288046402223,0.019152890425429316,0.020252660844538514,0.01637981822939727,0.0,0.0054103764687500975,0.0,0.0,0.0,0.3898426431378838,0.0,0.7378142113879183,0.38428813215176477,0.15906021084331856,0.08324094404193623,0.05660023592767097,0.062003038286258035,0.06360288214537668,0.014999276224180338,0.030024125406464177,0.0,0.0,0.0,0.23442776635840532,0.7378142113879183,0.0,0.22734968471658137,0.08455226885430468,0.04382406393028981,0.03477098676267003,0.04077212992668437,0.03768086791805972,0.005578933142324826,0.01618959141100373,0.0,0.0,0.0,0.12048769567860522,0.38428813215176477,0.22734968471658137,0.0,0.023297224927942208,0.01739375237947672,0.009190384155229948,0.021328951613409128,0.02124224887879993,0.0019902915965386873,0.005414926373689431,0.0,0.0,0.0,0.04100760600192667,0.15906021084331856,0.08455226885430468,0.023297224927942208,0.0,0.0044593134689610596,0.0,0.003209023651108576,0.007407627890739499,0.0,0.002464244361381132,0.0,0.0,0.0,0.022799288046402223,0.08324094404193623,0.04382406393028981,0.01739375237947672,0.0044593134689610596,0.0,0.009690662609222354,0.0,0.0,0.0,0.0,0.0,0.0,0.0,0.019152890425429316,0.05660023592767097,0.03477098676267003,0.009190384155229948,0.0,0.009690662609222354,0.0,0.01754042173807269,0.0,0.0,0.0,0.0,0.0,0.0,0.020252660844538514,0.062003038286258035,0.04077212992668437,0.021328951613409128,0.003209023651108576,0.0,0.01754042173807269,0.0,0.0228018412943765,0.0,0.0,0.0,0.0,0.0,0.01637981822939727,0.06360288214537668,0.03768086791805972,0.02124224887879993,0.007407627890739499,0.0,0.0,0.0228018412943765,0.0,0.025671783029541175,0.0008765945287521274,0.0,0.0,2.407838700432363e-05,0.0,0.014999276224180338,0.005578933142324826,0.0019902915965386873,0.0,0.0,0.0,0.0,0.025671783029541175,0.0,0.03510636521175632,0.0,0.009393130957451938,0.006805873761686877,0.0054103764687500975,0.030024125406464177,0.01618959141100373,0.005414926373689431,0.002464244361381132,0.0,0.0,0.0,0.0008765945287521274,0.03510636521175632,0.0,0.028874113446445467,0.009972643330649959,0.0038399133677035208,0.0,0.0,0.0,0.0,0.0,0.0,0.0,0.0,0.0,0.0,0.028874113446445467,0.0,0.03360325561830188,0.0102382572490479,0.0,0.0,0.0,0.0,0.0,0.0,0.0,0.0,0.0,0.009393130957451938,0.009972643330649959,0.03360325561830188,0.0,0.03633041154086007,0.0,0.0,0.0,0.0,0.0,0.0,0.0,0.0,2.407838700432363e-05,0.006805873761686877,0.0038399133677035208,0.0102382572490479,0.03633041154086007,0.0
9.0,0.0,0.3985284970744603,0.2353103104675139,0.0,0.016937729326550736,0.006342317102725545,0.01771147042012577,0.01997813430515435,0.013343079207840438,0.0,0.01175027100425661,0.0,0.0,0.0,0.3985284970744603,0.0,0.8125452008954497,0.0011146265013923604,0.07164569866871377,0.04360552419232974,0.07748482512545642,0.08105699869991186,0.06182161351691396,0.01345181375306788,0.05498189877028411,0.005649415534687211,0.0,0.0,0.2353103104675139,0.8125452008954497,0.0,0.0008484961632173691,0.030441455460883067,0.013225977022874005,0.038665501703144575,0.042988469643992035,0.02973355656581219,0.0026274740041928807,0.031096317063901494,0.0024875389026084915,0.0,0.0,0.0,0.0011146265013923604,0.0008484961632173691,0.0,0.039930865438974505,0.0018716429424822558,0.0028962490406035718,0.0,0.0,0.0,0.0,0.0,0.0,0.0,0.016937729326550736,0.07164569866871377,0.030441455460883067,0.039930865438974505,0.0,0.024029075108962322,0.0,0.00043229944753737747,0.00046012138509526153,0.0,0.0,0.0,0.0,0.0,0.006342317102725545,0.04360552419232974,0.013225977022874005,0.0018716429424822558,0.024029075108962322,0.0,0.025903251944411648,0.0,0.0,0.0,0.0,0.0008818974270532813,0.0,0.0,0.01771147042012577,0.07748482512545642,0.038665501703144575,0.0028962490406035718,0.0,0.025903251944411648,0.0,0.0016621257794685697,0.0,0.0002424451147781479,0.0,0.0,0.0,0.0,0.01997813430515435,0.08105699869991186,0.042988469643992035,0.0,0.00043229944753737747,0.0,0.0016621257794685697,0.0,0.012414249623033379,0.004400145536835517,0.0010191046850048292,0.0,0.0,0.0,0.013343079207840438,0.06182161351691396,0.02973355656581219,0.0,0.00046012138509526153,0.0,0.0,0.012414249623033379,0.0,0.022503956707107038,0.0,0.0013777905859024644,0.0003635083477586409,0.0017828344310156677,0.0,0.01345181375306788,0.0026274740041928807,0.0,0.0,0.0,0.0002424451147781479,0.004400145536835517,0.022503956707107038,0.0,0.011617893212466215,0.008267194009855995,0.004374505740164435,0.003283121756009511,0.01175027100425661,0.05498189877028411,0.031096317063901494,0.0,0.0,0.0,0.0,0.0010191046850048292,0.0,0.011617893212466215,0.0,0.03741615674616675,0.007807666070359828,0.0,0.0,0.005649415534687211,0.0024875389026084915,0.0,0.0,0.0008818974270532813,0.0,0.0,0.0013777905859024644,0.008267194009855995,0.03741615674616675,0.0,0.014002139050095667,0.00727289533460263,0.0,0.0,0.0,0.0,0.0,0.0,0.0,0.0,0.0003635083477586409,0.004374505740164435,0.007807666070359828,0.014002139050095667,0.0,0.04373130467960515,0.0,0.0,0.0,0.0,0.0,0.0,0.0,0.0,0.0017828344310156677,0.003283121756009511,0.0,0.00727289533460263,0.04373130467960515,0.0
10.0,0.0,0.35009165635976003,0.1070182497652713,0.1042797949609225,0.06846271484510628,0.018283990584785362,0.0,0.009531241574579042,0.013228406475752786,0.0,0.006465160027046414,0.0,0.0,0.0,0.35009165635976003,0.0,0.5172360340424793,0.4691240838429941,0.3105895777810672,0.11475531763305172,0.0,0.06291650293758186,0.0777931584033106,0.0,0.05732418094819555,0.011196797879701166,0.0,0.0,0.1070182497652713,0.5172360340424793,0.0,0.13874101179702092,0.08532938382829072,0.025927867546195336,0.0,0.016966716471608377,0.02419831171099737,0.0,0.012695942756581143,0.0,0.0,0.0,0.1042797949609225,0.4691240838429941,0.13874101179702092,0.0,0.0692784987161918,0.02832244171837259,0.0,0.012430167859733766,0.022449629511883177,0.0,0.015396193308034413,0.0,0.0,0.0,0.06846271484510628,0.3105895777810672,0.08532938382829072,0.0692784987161918,0.0,0.0013120563266419115,0.0,0.008404574227190442,0.010382312022186653,0.0,0.008412573837637102,0.0,0.0,0.0,0.018283990584785362,0.11475531763305172,0.025927867546195336,0.02832244171837259,0.0013120563266419115,0.0,0.026565138514831662,0.0,0.0005000075720475584,0.0,0.0016605357215489743,0.0,0.0,0.0,0.0,0.0,0.0,0.0,0.0,0.026565138514831662,0.0,0.0412159684469612,0.00010627820767399011,0.0034355271938407714,0.0,0.0,0.0002638113420488741,0.0,0.009531241574579042,0.06291650293758186,0.016966716471608377,0.012430167859733766,0.008404574227190442,0.0,0.0412159684469612,0.0,0.013055150573184005,0.0032445726074267897,0.0,0.0,0.0,0.0,0.013228406475752786,0.0777931584033106,0.02419831171099737,0.022449629511883177,0.010382312022186653,0.0005000075720475584,0.00010627820767399011,0.013055150573184005,0.0,0.01428217017009292,0.0,0.0002571318750281712,0.0,0.0,0.0,0.0,0.0,0.0,0.0,0.0,0.0034355271938407714,0.0032445726074267897,0.01428217017009292,0.0,0.03316425405375899,0.003526409631687546,0.002981604668918806,0.003048309405064773,0.006465160027046414,0.05732418094819555,0.012695942756581143,0.015396193308034413,0.008412573837637102,0.0016605357215489743,0.0,0.0,0.0,0.03316425405375899,0.0,0.03610880260356867,0.006932839121941658,0.006127264813066749,0.0,0.011196797879701166,0.0,0.0,0.0,0.0,0.0,0.0,0.0002571318750281712,0.003526409631687546,0.03610880260356867,0.0,0.017588896752640325,0.014416557174044674,0.0,0.0,0.0,0.0,0.0,0.0,0.0002638113420488741,0.0,0.0,0.002981604668918806,0.006932839121941658,0.017588896752640325,0.0,0.04564219198904933,0.0,0.0,0.0,0.0,0.0,0.0,0.0,0.0,0.0,0.003048309405064773,0.006127264813066749,0.014416557174044674,0.04564219198904933,0.0
11.0,0.0,0.2756012680707301,0.12669880972640843,0.09750387522528502,0.03645134817402198,0.009720333726799455,0.0,0.0026864979032711882,0.015564223763503067,0.005299009360144468,0.0068972997150579815,0.0,0.0,0.0,0.2756012680707301,0.0,0.6836981259637354,0.48513653215636915,0.202076903728298,0.08221844610646542,0.016079001066328445,0.029303181382931632,0.08595437188974585,0.03415475211692025,0.04894986631992811,0.0,0.0,0.0,0.12669880972640843,0.6836981259637354,0.0,0.24004990124408743,0.09126995296188199,0.03542940201384475,0.0,0.0031393345525795495,0.04345527122942963,0.01965330104839508,0.02845209176980963,0.0,0.0,0.0,0.09750387522528502,0.48513653215636915,0.24004990124408743,0.0,0.05758128621778435,0.021476673858390923,0.0,0.006035137718754498,0.026257986069810856,0.006173089646087403,0.014576657565452383,0.0,0.0,0.0,0.03645134817402198,0.202076903728298,0.09126995296188199,0.05758128621778435,0.0,0.013673737575548382,0.0011703126195833455,0.00019326005951206813,0.009854534651766184,0.0017939000931912366,0.00510453706124434,0.0,0.0,0.0,0.009720333726799455,0.08221844610646542,0.03542940201384475,0.021476673858390923,0.013673737575548382,0.0,0.009396217691229442,0.0,0.0007333554907937892,0.0,0.0005034854801390791,0.0,0.0,0.0,0.0,0.016079001066328445,0.0,0.0,0.0011703126195833455,0.009396217691229442,0.0,0.02649386629141134,0.0,0.0,0.0,0.0,0.00023749237998018388,0.0,0.0026864979032711882,0.029303181382931632,0.0031393345525795495,0.006035137718754498,0.00019326005951206813,0.0,0.02649386629141134,0.0,0.014748059984005274,0.0,0.0002451048023694798,0.001929126104357573,0.0,1.4916361751983746e-05,0.015564223763503067,0.08595437188974585,0.04345527122942963,0.026257986069810856,0.009854534651766184,0.0007333554907937892,0.0,0.014748059984005274,0.0,0.01847985935861114,0.0,0.0,0.0010773355262166141,0.001349649431867965,0.005299009360144468,0.03415475211692025,0.01965330104839508,0.006173089646087403,0.0017939000931912366,0.0,0.0,0.0,0.01847985935861114,0.0,0.016438895208052813,0.00011508354632213758,0.0054198781429223705,0.0034322885479487713,0.0068972997150579815,0.04894986631992811,0.02845209176980963,0.014576657565452383,0.00510453706124434,0.0005034854801390791,0.0,0.0002451048023694798,0.0,0.016438895208052813,0.0,0.03147917959559321,0.011118255957321195,0.0049665156959276405,0.0,0.0,0.0,0.0,0.0,0.0,0.0,0.001929126104357573,0.0,0.00011508354632213758,0.03147917959559321,0.0,0.03712723696090572,0.00802390817007857,0.0,0.0,0.0,0.0,0.0,0.0,0.00023749237998018388,0.0,0.0010773355262166141,0.0054198781429223705,0.011118255957321195,0.03712723696090572,0.0,0.03474902179607989,0.0,0.0,0.0,0.0,0.0,0.0,0.0,1.4916361751983746e-05,0.001349649431867965,0.0034322885479487713,0.0049665156959276405,0.00802390817007857,0.03474902179607989,0.0
12.0,0.0,0.20419286953822202,0.055464749036982654,0.005471714870220923,0.00252742618540196,0.0,0.0,0.0,0.004116768411194367,0.011582705729559014,0.0019005144113081267,0.0,0.0,0.0,0.20419286953822202,0.0,0.6599505772521708,0.17540364309402023,0.10718527203967376,0.009342100198900551,0.0,0.020701792401628054,0.06247396157509737,0.11147475426095323,0.04795945517942756,0.0,0.0,0.0,0.055464749036982654,0.6599505772521708,0.0,0.030898526237670313,0.020298748960774594,0.0,0.0,0.0,0.016905404285725355,0.0400940091344653,0.013632396188376632,0.0,0.0,0.0,0.005471714870220923,0.17540364309402023,0.030898526237670313,0.0,0.00919620374415206,0.003327275636857815,0.0,0.0,0.00187445516079357,0.007266141812840085,0.00027739265814986827,9.145230997470075e-05,0.0,0.0,0.00252742618540196,0.10718527203967376,0.020298748960774594,0.00919620374415206,0.0,0.022991739333427158,0.00685984952024466,0.0012796170689634914,0.0,0.0016200598435784038,0.0,0.0,0.0,0.0,0.0,0.009342100198900551,0.0,0.003327275636857815,0.022991739333427158,0.0,0.02624474360753412,0.0,0.0012969190140420367,0.0,0.0,0.0004903472951177098,0.001058179865514681,0.000840602578467902,0.0,0.0,0.0,0.0,0.00685984952024466,0.02624474360753412,0.0,0.011255369066503077,0.0,0.0,0.0,0.0023151026078178077,0.0019777327665213137,0.0013748010635178216,0.0,0.020701792401628054,0.0,0.0,0.0012796170689634914,0.0,0.011255369066503077,0.0,0.023755015712459825,0.0006747848287923928,0.0,0.000946894687233027,0.003214272530325354,0.00025110388301280304,0.004116768411194367,0.06247396157509737,0.016905404285725355,0.00187445516079357,0.0,0.0012969190140420367,0.0,0.023755015712459825,0.0,0.02047572309792292,0.001496826909112561,0.00425596164790692,0.00018396470331425027,0.0005285495317668543,0.011582705729559014,0.11147475426095323,0.0400940091344653,0.007266141812840085,0.0016200598435784038,0.0,0.0,0.0006747848287923928,0.02047572309792292,0.0,0.020384467690797135,0.005634259752216682,0.0010401711934303161,0.0018105592074278381,0.0019005144113081267,0.04795945517942756,0.013632396188376632,0.00027739265814986827,0.0,0.0,0.0,0.0,0.001496826909112561,0.020384467690797135,0.0,0.03443454613727478,0.005001021552902941,0.0006250518355102161,0.0,0.0,0.0,9.145230997470075e-05,0.0,0.0004903472951177098,0.0023151026078178077,0.000946894687233027,0.00425596164790692,0.005634259752216682,0.03443454613727478,0.0,0.02630006519689615,0.004864436800806763,0.0,0.0,0.0,0.0,0.0,0.001058179865514681,0.0019777327665213137,0.003214272530325354,0.00018396470331425027,0.0010401711934303161,0.005001021552902941,0.02630006519689615,0.0,0.0061679855224877084,0.0,0.0,0.0,0.0,0.0,0.000840602578467902,0.0013748010635178216,0.00025110388301280304,0.0005285495317668543,0.0018105592074278381,0.0006250518355102161,0.004864436800806763,0.0061679855224877084,0.0
13.0,0.0,0.08870313948520392,0.041204285481011946,0.029977274479034588,0.005251986638281789,0.0019718149620648858,0.0,0.0,0.0004617509851200857,0.0,0.0001000163091298121,0.0,0.0,0.0,0.08870313948520392,0.0,0.7406220472007895,0.5055150948221273,0.2187109077238857,0.07472278078758317,0.016246998046876782,0.019294427368388323,0.0553619717960832,0.06012483655811793,0.048710304186536456,0.002238465996827106,0.0,0.0,0.041204285481011946,0.7406220472007895,0.0,0.30665643030353823,0.13499663375411464,0.043712374406566834,0.009342548633623004,0.008777138852634757,0.030899096315788254,0.03686748127060078,0.031400548303798986,0.0,0.0,0.0,0.029977274479034588,0.5055150948221273,0.30665643030353823,0.0,0.08305446493341453,0.028419191011462976,3.1945416678587704e-05,0.00422837291466841,0.017705866642404332,0.024123008805410698,0.024157552927324702,0.0,0.0,0.0,0.005251986638281789,0.2187109077238857,0.13499663375411464,0.08305446493341453,0.0,0.0017765677825535265,0.0,0.0,0.004735405580634914,0.008674382717136934,0.009201937928278501,0.0,0.0,0.0,0.0019718149620648858,0.07472278078758317,0.043712374406566834,0.028419191011462976,0.0017765677825535265,0.0,0.019993883082153358,0.0020691609414564037,0.0,0.0,0.0,0.001739540388496606,0.0,0.0,0.0,0.016246998046876782,0.009342548633623004,3.1945416678587704e-05,0.0,0.019993883082153358,0.0,0.0347767594275049,0.0026122841103053377,0.0,0.0,0.0,0.0010351042923267906,0.0008848407518066841,0.0,0.019294427368388323,0.008777138852634757,0.00422837291466841,0.0,0.0020691609414564037,0.0347767594275049,0.0,0.02530475593736684,0.0001903773512421785,0.0,0.001280906425248674,0.0,8.516988710899527e-05,0.0004617509851200857,0.0553619717960832,0.030899096315788254,0.017705866642404332,0.004735405580634914,0.0,0.0026122841103053377,0.02530475593736684,0.0,0.012197678708118505,0.0,0.0,0.001172794661169901,0.0,0.0,0.06012483655811793,0.03686748127060078,0.024123008805410698,0.008674382717136934,0.0,0.0,0.0001903773512421785,0.012197678708118505,0.0,0.023887563618909258,0.0,0.002117730321895931,0.0,0.0001000163091298121,0.048710304186536456,0.031400548303798986,0.024157552927324702,0.009201937928278501,0.0,0.0,0.0,0.0,0.023887563618909258,0.0,0.028681241887904847,0.012219733823241112,0.008227624130537946,0.0,0.002238465996827106,0.0,0.0,0.0,0.001739540388496606,0.0,0.001280906425248674,0.0,0.0,0.028681241887904847,0.0,0.014782162363597098,0.016516357213263607,0.0,0.0,0.0,0.0,0.0,0.0,0.0010351042923267906,0.0,0.001172794661169901,0.002117730321895931,0.012219733823241112,0.014782162363597098,0.0,0.018068150193028123,0.0,0.0,0.0,0.0,0.0,0.0,0.0008848407518066841,8.516988710899527e-05,0.0,0.0,0.008227624130537946,0.016516357213263607,0.018068150193028123,0.0
14.0,0.0,0.02685371526525408,0.017099090597507884,0.0,0.0,0.0,0.0,0.0,0.0,0.0,0.0,0.0,0.0,0.0,0.02685371526525408,0.0,0.5334601408368508,0.2864096326886817,0.2520514854075792,0.1478313277482106,0.11847046652793186,0.08931977605056092,0.0593494941374059,0.03308249241602999,0.07193148439673604,0.014355805999519057,0.0,0.0,0.017099090597507884,0.5334601408368508,0.0,0.08321335675379277,0.06068339119105462,0.03105512275808107,0.029711034501070818,0.0233279266529414,0.011249374689703074,0.001920765424657737,0.020200443083977625,0.0,0.0,0.0,0.0,0.2864096326886817,0.08321335675379277,0.0,0.01260440433264371,0.012760033930205491,0.009902745690684146,0.00930551095099431,0.0012986442402530473,0.0,0.00636929727941695,0.0,0.0,0.0,0.0,0.2520514854075792,0.06068339119105462,0.01260440433264371,0.0,0.0016553528550707864,0.008092966820294032,0.005723402623694262,0.0036719171516937338,0.0,0.00417153542779967,0.0,0.0,0.0,0.0,0.1478313277482106,0.03105512275808107,0.012760033930205491,0.0016553528550707864,0.0,0.0,0.0,0.0007440279315659023,0.0,0.0,0.0,0.0,0.0,0.0,0.11847046652793186,0.029711034501070818,0.009902745690684146,0.008092966820294032,0.0,0.0,0.01412634268700039,0.0,0.0,0.00015159369434571005,0.0,0.0,0.0,0.0,0.08931977605056092,0.0233279266529414,0.00930551095099431,0.005723402623694262,0.0,0.01412634268700039,0.0,0.013663624114086472,0.0,0.0,0.0,0.0,0.0,0.0,0.0593494941374059,0.011249374689703074,0.0012986442402530473,0.0036719171516937338,0.0007440279315659023,0.0,0.013663624114086472,0.0,0.01046872872329603,0.0,0.0,0.0005921896853653098,0.00012356833126079387,0.0,0.03308249241602999,0.001920765424657737,0.0,0.0,0.0,0.0,0.0,0.01046872872329603,0.0,0.015042586816902593,0.008248683358491469,0.0030328070252426385,0.0019413269163131523,0.0,0.07193148439673604,0.020200443083977625,0.00636929727941695,0.00417153542779967,0.0,0.00015159369434571005,0.0,0.0,0.015042586816902593,0.0,0.030255862213060945,0.004234760188208567,0.0010779643990320388,0.0,0.014355805999519057,0.0,0.0,0.0,0.0,0.0,0.0,0.0,0.008248683358491469,0.030255862213060945,0.0,0.03618386462935085,0.009292755278153061,0.0,0.0,0.0,0.0,0.0,0.0,0.0,0.0,0.0005921896853653098,0.0030328070252426385,0.004234760188208567,0.03618386462935085,0.0,0.039530966782565465,0.0,0.0,0.0,0.0,0.0,0.0,0.0,0.0,0.00012356833126079387,0.0019413269163131523,0.0010779643990320388,0.009292755278153061,0.039530966782565465,0.0
15.0,0.0,0.03836676689442993,0.025703681581872716,0.0,0.0,0.0,0.0,0.0,0.0,0.0,0.0,0.0,0.0,0.0,0.03836676689442993,0.0,0.945655426156882,0.10980004578769842,0.09493561713011872,0.13181978078458712,0.07627087137075904,0.04116453215117314,0.005879459679173043,0.01631453931427854,0.012361063063839363,0.0,0.0,0.0,0.025703681581872716,0.945655426156882,0.0,0.10049445525939799,0.09217319558533822,0.11620100739623909,0.06917147569025706,0.03862456421913348,0.007197035861596779,0.014996868516263301,0.008950282721418882,0.0,0.0,0.0,0.0,0.10980004578769842,0.10049445525939799,0.0,0.014092138518083414,0.002393216363623444,0.002161628662308932,0.0,0.0,0.0,0.0,0.0,0.0,0.0,0.0,0.09493561713011872,0.09217319558533822,0.014092138518083414,0.0,0.0030372651553851617,0.0,0.0,0.0,0.0,0.0,0.0,0.0,0.0,0.0,0.13181978078458712,0.11620100739623909,0.002393216363623444,0.0030372651553851617,0.0,0.02177037790386231,0.0,0.0,0.0009081856808112992,0.0,0.0,0.0,0.0,0.0,0.07627087137075904,0.06917147569025706,0.002161628662308932,0.0,0.02177037790386231,0.0,0.007960746301683044,0.0,0.0,0.0,0.0,0.0001814984347105796,0.0,0.0,0.04116453215117314,0.03862456421913348,0.0,0.0,0.0,0.007960746301683044,0.0,0.015722600997019606,0.0,0.0,0.0,0.0,0.0,0.0,0.005879459679173043,0.007197035861596779,0.0,0.0,0.0,0.0,0.015722600997019606,0.0,0.03453485084476723,0.001590552348197861,0.005074679153619718,0.0013798096273058636,0.0015288901835200101,0.0,0.01631453931427854,0.014996868516263301,0.0,0.0,0.0009081856808112992,0.0,0.0,0.03453485084476723,0.0,0.03198644701745077,0.008977703138041046,0.0017463060987607994,0.0,0.0,0.012361063063839363,0.008950282721418882,0.0,0.0,0.0,0.0,0.0,0.001590552348197861,0.03198644701745077,0.0,0.028979960381456525,0.00423528295520674,0.0025670396802177885,0.0,0.0,0.0,0.0,0.0,0.0,0.0,0.0,0.005074679153619718,0.008977703138041046,0.028979960381456525,0.0,0.029096507963473434,0.009054165872565441,0.0,0.0,0.0,0.0,0.0,0.0,0.0001814984347105796,0.0,0.0013798096273058636,0.0017463060987607994,0.00423528295520674,0.029096507963473434,0.0,0.047116107032298134,0.0,0.0,0.0,0.0,0.0,0.0,0.0,0.0,0.0015288901835200101,0.0,0.0025670396802177885,0.009054165872565441,0.047116107032298134,0.0
16.0,0.0,0.21609506679823748,0.006220735731317251,0.04045773127836858,0.026445987671822324,0.004131453849075703,0.0,0.0,0.0,0.0,0.0,0.0,0.0,0.0,0.21609506679823748,0.0,0.10674849800809338,0.4792970070172129,0.3443136918046787,0.11009997939439478,0.048229637709472806,0.007604497423306101,0.019774265865331608,0.028596804790925353,0.023284642199453386,0.00847664006066034,0.0,0.0,0.006220735731317251,0.10674849800809338,0.0,0.0,0.0012625878755854242,0.0,0.0,0.0,0.0,0.0,0.0,0.0,0.0,0.0,0.04045773127836858,0.4792970070172129,0.0,0.0,0.07239943055698177,0.01607619091280601,0.0030734023369278214,0.0,0.0,0.0035597165136455043,0.0010005309142269336,0.0,0.0,0.0,0.026445987671822324,0.3443136918046787,0.0012625878755854242,0.07239943055698177,0.0,0.0,0.0014369475344805842,0.0,7.447393961317289e-05,0.0,0.0,0.0,0.0,0.0,0.004131453849075703,0.11009997939439478,0.0,0.01607619091280601,0.0,0.0,0.02058298188848576,0.0024426986907841856,0.0,0.0,0.0,0.0,0.0,0.0,0.0,0.048229637709472806,0.0,0.0030734023369278214,0.0014369475344805842,0.02058298188848576,0.0,0.033794716911139465,0.001290950858647848,0.0002795596935666069,0.0006540631061846649,0.0013564767377234755,0.0,0.0011988356660579825,0.0,0.007604497423306101,0.0,0.0,0.0,0.0024426986907841856,0.033794716911139465,0.0,0.02286242565235983,0.0020971676501546736,0.002049409503053354,0.0012490300973195916,0.0,0.00037089113620716353,0.0,0.019774265865331608,0.0,0.0,7.447393961317289e-05,0.0,0.001290950858647848,0.02286242565235983,0.0,0.02493169261949151,0.003452635854535466,0.0010369555196478586,0.0,0.0,0.0,0.028596804790925353,0.0,0.0035597165136455043,0.0,0.0,0.0002795596935666069,0.0020971676501546736,0.02493169261949151,0.0,0.005053086625477492,0.0005969572272879343,0.004054646317372998,0.0036171518871614297,0.0,0.023284642199453386,0.0,0.0010005309142269336,0.0,0.0,0.0006540631061846649,0.002049409503053354,0.003452635854535466,0.005053086625477492,0.0,0.025528862149153734,0.011496681394622336,0.00512690139298928,0.0,0.00847664006066034,0.0,0.0,0.0,0.0,0.0013564767377234755,0.0012490300973195916,0.0010369555196478586,0.0005969572272879343,0.025528862149153734,0.0,0.017710949903089378,0.010739421198480814,0.0,0.0,0.0,0.0,0.0,0.0,0.0,0.0,0.0,0.004054646317372998,0.011496681394622336,0.017710949903089378,0.0,0.04076760621285115,0.0,0.0,0.0,0.0,0.0,0.0,0.0011988356660579825,0.00037089113620716353,0.0,0.0036171518871614297,0.00512690139298928,0.010739421198480814,0.04076760621285115,0.0
17.0,0.0,0.1967650639713519,0.15208112753675332,0.07867751128890065,0.004891125524523572,0.0,0.0,0.0,0.0,0.0,0.0,0.0,0.0,0.0,0.1967650639713519,0.0,0.8311869126052344,0.42615997810071704,0.08434229323345166,0.0,0.013078320515470416,0.008195449922984413,0.0,0.00020380871580311707,0.005613367406782362,0.0,0.0,0.0,0.15208112753675332,0.8311869126052344,0.0,0.3406917795397612,0.0697806824835765,0.0,0.008354587843292875,0.006630505469129244,0.0,0.003919977891042446,0.00665516832155085,0.0,0.0,0.0,0.07867751128890065,0.42615997810071704,0.3406917795397612,0.0,0.023520099129829282,0.0,0.0,0.0,0.0,0.0,0.0036994110188510805,0.0,0.0,0.0,0.004891125524523572,0.08434229323345166,0.0697806824835765,0.023520099129829282,0.0,0.033626428691087215,0.0,0.0,0.0,0.0,0.0,0.0,0.0,0.0,0.0,0.0,0.0,0.0,0.033626428691087215,0.0,0.01648412746816658,0.007438603034050292,0.004751310285022442,0.001569914574017492,0.0,0.0005612917664969416,0.00013961964372147273,0.0014899970916141406,0.0,0.013078320515470416,0.008354587843292875,0.0,0.0,0.01648412746816658,0.0,0.018659095753442,0.002258573938274937,0.0005910417556658873,0.0008502474751600042,0.0014459092872092733,0.0013923871134835458,0.0006099836828429985,0.0,0.008195449922984413,0.006630505469129244,0.0,0.0,0.007438603034050292,0.018659095753442,0.0,0.01939980553732336,0.003143588064554252,8.01924602431185e-05,0.0036925914668086155,0.0,0.0004521539555486392,0.0,0.0,0.0,0.0,0.0,0.004751310285022442,0.002258573938274937,0.01939980553732336,0.0,0.007628842534924597,0.0,0.0031463554858494366,0.00302026667054203,0.0034680225261001945,0.0,0.00020380871580311707,0.003919977891042446,0.0,0.0,0.001569914574017492,0.0005910417556658873,0.003143588064554252,0.007628842534924597,0.0,0.03488490990580927,0.006603204140183389,0.0007873736490936189,0.0,0.0,0.005613367406782362,0.00665516832155085,0.0036994110188510805,0.0,0.0,0.0008502474751600042,8.01924602431185e-05,0.0,0.03488490990580927,0.0,0.023294960900279868,0.0011291929739421632,0.0,0.0,0.0,0.0,0.0,0.0,0.0005612917664969416,0.0014459092872092733,0.0036925914668086155,0.0031463554858494366,0.006603204140183389,0.023294960900279868,0.0,0.04054956843628892,0.004766935306784223,0.0,0.0,0.0,0.0,0.0,0.00013961964372147273,0.0013923871134835458,0.0,0.00302026667054203,0.0007873736490936189,0.0011291929739421632,0.04054956843628892,0.0,0.03130646565937254,0.0,0.0,0.0,0.0,0.0,0.0014899970916141406,0.0006099836828429985,0.0004521539555486392,0.0034680225261001945,0.0,0.0,0.004766935306784223,0.03130646565937254,0.0
18.0,0.0,0.40709635453752774,0.03585323919681386,0.03393911454183367,0.022119589614694755,0.011624601121213636,0.0,0.0,0.0,0.0,9.352208378734291e-05,0.0,0.0,0.0,0.40709635453752774,0.0,0.317966786430984,0.24285316754206288,0.16735697867057592,0.09388887211460521,0.016608268225137654,0.0,0.021085144786981858,0.02714246463560892,0.030855566961447204,0.010346268689364453,0.0,0.0,0.03585323919681386,0.317966786430984,0.0,0.015068235624775947,0.010724379101373048,0.0069994682254729615,0.0,0.0,0.0,0.0,0.0,0.0,0.0,0.0,0.03393911454183367,0.24285316754206288,0.015068235624775947,0.0,0.0,0.0003535300510961308,0.0,0.0,0.0,0.0,0.0,0.0,0.0,0.0,0.022119589614694755,0.16735697867057592,0.010724379101373048,0.0,0.0,0.02400274801009757,0.0010990074524196262,0.0,0.0,0.0,0.0,0.0,0.0,0.0,0.011624601121213636,0.09388887211460521,0.0069994682254729615,0.0003535300510961308,0.02400274801009757,0.0,0.030602230795520755,0.002972015002697086,0.0,0.0,0.0,0.0,0.0,0.0,0.0,0.016608268225137654,0.0,0.0,0.0010990074524196262,0.030602230795520755,0.0,0.01587736021592367,0.0012305627642518469,0.0013794800546435939,0.0004306488049825879,0.00028182086937573157,0.0014900149762172965,0.0007783570520407758,0.0,0.0,0.0,0.0,0.0,0.002972015002697086,0.01587736021592367,0.0,0.022711068790528203,0.005120011722493731,0.0027272229354002595,0.0037570154434018255,0.0017908447920663157,0.000506531353800795,0.0,0.021085144786981858,0.0,0.0,0.0,0.0,0.0012305627642518469,0.022711068790528203,0.0,0.024054535213501257,0.0031953099239476032,0.002358188606722406,0.0010517264740774915,0.0,0.0,0.02714246463560892,0.0,0.0,0.0,0.0,0.0013794800546435939,0.005120011722493731,0.024054535213501257,0.0,0.011082334601526592,0.0013581903028789788,0.002589560021185828,0.004940782279095299,9.352208378734291e-05,0.030855566961447204,0.0,0.0,0.0,0.0,0.0004306488049825879,0.0027272229354002595,0.0031953099239476032,0.011082334601526592,0.0,0.016130940831451994,0.008788920255195752,0.0023833929052448693,0.0,0.010346268689364453,0.0,0.0,0.0,0.0,0.00028182086937573157,0.0037570154434018255,0.002358188606722406,0.0013581903028789788,0.016130940831451994,0.0,0.03032255573890631,0.008113022341840222,0.0,0.0,0.0,0.0,0.0,0.0,0.0014900149762172965,0.0017908447920663157,0.0010517264740774915,0.002589560021185828,0.008788920255195752,0.03032255573890631,0.0,0.012720545190854835,0.0,0.0,0.0,0.0,0.0,0.0,0.0007783570520407758,0.000506531353800795,0.0,0.004940782279095299,0.0023833929052448693,0.008113022341840222,0.012720545190854835,0.0
19.0,0.0,0.306991075292945,0.21892744924848373,0.13506092335372136,0.08425133481731212,0.044868244580613684,0.018800277715705468,0.0011481204432563117,0.0,0.0,0.0007283240879845275,0.0,0.0,0.0,0.306991075292945,0.0,0.7208881700013973,0.42250288292456395,0.27326859579773793,0.14690973902558907,0.06700181525790103,0.0144065489316575,0.0009821101306602418,0.0,0.011090260811396671,0.0019170612725591912,0.0,0.0,0.21892744924848373,0.7208881700013973,0.0,0.3059116363494804,0.2068915605439259,0.11054927913039803,0.05036062606497933,0.013119818887045526,0.002778274729879019,0.001484494538534299,0.011633749710209732,9.809979042942757e-05,0.0,0.0,0.13506092335372136,0.42250288292456395,0.3059116363494804,0.0,0.11444816509686903,0.06113385901709281,0.023983912767029533,0.0,0.0,0.0,0.00466819995991778,0.0,0.0,0.0,0.08425133481731212,0.27326859579773793,0.2068915605439259,0.11444816509686903,0.0,0.017838374046195458,0.011685206066354701,0.0019616334686047873,0.0,0.0,0.0015935800687852668,0.0,0.0,0.0,0.044868244580613684,0.14690973902558907,0.11054927913039803,0.06113385901709281,0.017838374046195458,0.0,0.0,0.0,0.0,0.0,0.0,0.0,0.0,0.0,0.018800277715705468,0.06700181525790103,0.05036062606497933,0.023983912767029533,0.011685206066354701,0.0,0.0,0.03146256586229917,0.0,0.0,0.0,0.0,0.0,0.0004521353567067659,0.0011481204432563117,0.0144065489316575,0.013119818887045526,0.0,0.0019616334686047873,0.0,0.03146256586229917,0.0,0.0289185452543146,0.0,0.0,0.0006156318863672867,0.000649865395451179,0.00016316468910613233,0.0,0.0009821101306602418,0.002778274729879019,0.0,0.0,0.0,0.0,0.0289185452543146,0.0,0.03635012486624782,0.0013755065048988546,0.0030935597303792368,0.002474701301109679,0.004285087566167141,0.0,0.0,0.001484494538534299,0.0,0.0,0.0,0.0,0.0,0.03635012486624782,0.0,0.02590429826493641,0.0020746083865613722,0.004699750964188187,0.004950239645499618,0.0007283240879845275,0.011090260811396671,0.011633749710209732,0.00466819995991778,0.0015935800687852668,0.0,0.0,0.0,0.0013755065048988546,0.02590429826493641,0.0,0.009911136080246356,0.003562577964848248,0.005599182801067324,0.0,0.0019170612725591912,9.809979042942757e-05,0.0,0.0,0.0,0.0,0.0006156318863672867,0.0030935597303792368,0.0020746083865613722,0.009911136080246356,0.0,0.01589095308109139,0.014531425090511266,0.0,0.0,0.0,0.0,0.0,0.0,0.0,0.000649865395451179,0.002474701301109679,0.004699750964188187,0.003562577964848248,0.01589095308109139,0.0,0.01183357345585526,0.0,0.0,0.0,0.0,0.0,0.0,0.0004521353567067659,0.00016316468910613233,0.004285087566167141,0.004950239645499618,0.005599182801067324,0.014531425090511266,0.01183357345585526,0.0
20.0,0.0,0.4962234193599176,0.02781509250420375,0.0998128425462233,0.05495984579918804,0.03897161339743592,0.026025466702332127,0.02012042893106232,0.014030794538622328,0.00956122452266721,0.0,0.0,0.0,0.0,0.4962234193599176,0.0,0.18239471984351704,0.3557385244343621,0.20955606020421788,0.15628216688184818,0.10648730890692078,0.08904596006997843,0.07191869220215297,0.05803768012092889,0.014556733234525387,0.00101458089374638,0.0,0.0,0.02781509250420375,0.18239471984351704,0.0,0.0033007268807562157,0.0,0.0,0.0,0.0,0.0,0.0,0.0,0.0,0.0,0.0,0.0998128425462233,0.3557385244343621,0.0033007268807562157,0.0,0.008591303345845895,0.021630494238679285,0.01719714775251888,0.011194730148763184,0.005769171185556667,0.005550374756589729,0.0,0.0,0.0,0.0,0.05495984579918804,0.20955606020421788,0.0,0.008591303345845895,0.0,0.0015426978417178575,0.005958585483726789,0.004978292451172366,0.004755997373528131,0.0007579122540797395,0.0,0.0,0.0,0.0,0.03897161339743592,0.15628216688184818,0.0,0.021630494238679285,0.0015426978417178575,0.0,0.009703986758284282,0.0,0.0012144525760714661,0.0006760393340137863,0.0,0.0,0.0,0.0,0.026025466702332127,0.10648730890692078,0.0,0.01719714775251888,0.005958585483726789,0.009703986758284282,0.0,0.00999536654102004,0.0,0.0,0.0,0.0,0.0,0.001746375486732937,0.02012042893106232,0.08904596006997843,0.0,0.011194730148763184,0.004978292451172366,0.0,0.00999536654102004,0.0,0.007070914844762644,0.0,0.0016736422307710819,0.0,0.0,0.0,0.014030794538622328,0.07191869220215297,0.0,0.005769171185556667,0.004755997373528131,0.0012144525760714661,0.0,0.007070914844762644,0.0,0.008642333479572703,0.00014061509508039074,0.0026059985739597742,0.0,0.0,0.00956122452266721,0.05803768012092889,0.0,0.005550374756589729,0.0007579122540797395,0.0006760393340137863,0.0,0.0,0.008642333479572703,0.0,0.02293951197383542,0.00519168345116893,0.003063065211935536,0.005006654888874268,0.0,0.014556733234525387,0.0,0.0,0.0,0.0,0.0,0.0016736422307710819,0.00014061509508039074,0.02293951197383542,0.0,0.015993730708696603,0.004482508009540447,0.00016179804203034036,0.0,0.00101458089374638,0.0,0.0,0.0,0.0,0.0,0.0,0.0026059985739597742,0.00519168345116893,0.015993730708696603,0.0,0.042846420005925166,0.008751850928211676,0.0,0.0,0.0,0.0,0.0,0.0,0.0,0.0,0.0,0.003063065211935536,0.004482508009540447,0.042846420005925166,0.0,0.029023853867367427,0.0,0.0,0.0,0.0,0.0,0.0,0.001746375486732937,0.0,0.0,0.005006654888874268,0.00016179804203034036,0.008751850928211676,0.029023853867367427,0.0
21.0,0.0,0.33675771530176946,0.31350730445623587,0.038212002595948875,0.030781166461085918,0.008096620035910164,0.01235496179257543,0.017560256019811107,0.005726759434242504,0.020260748452949322,0.01249299575092428,0.0009518832378467212,0.0,0.0,0.33675771530176946,0.0,0.8810950872479575,0.13471520820543673,0.08745043190502617,0.03392688536398286,0.04057016579151395,0.04768505819544559,0.021611112406351038,0.0610472868903017,0.04201742033999185,0.002758040562837287,0.0,0.0,0.31350730445623587,0.8810950872479575,0.0,0.12285326255412429,0.08466233882462074,0.03487466285413527,0.03881600727237434,0.03753833057928399,0.01508975307792775,0.05784414323727171,0.03761063741108191,0.003922790163730687,0.0,0.0,0.038212002595948875,0.13471520820543673,0.12285326255412429,0.0,0.017910312451142447,0.0,0.0,0.0008213226867297385,0.0,0.003968012960407273,0.0,0.0,0.0,0.0,0.030781166461085918,0.08745043190502617,0.08466233882462074,0.017910312451142447,0.0,0.0,0.0,0.0,0.0,0.002643258806522283,0.00048514932203417823,0.0006534203087301442,0.0,0.0,0.008096620035910164,0.03392688536398286,0.03487466285413527,0.0,0.0,0.0,0.029505084073165936,0.00043863900170202,0.0,0.0,0.0,0.0,0.0,0.0007701414489736296,0.01235496179257543,0.04057016579151395,0.03881600727237434,0.0,0.0,0.029505084073165936,0.0,0.019829458722201036,0.0028609710107966846,0.0,0.0,0.0,0.0,0.0,0.017560256019811107,0.04768505819544559,0.03753833057928399,0.0008213226867297385,0.0,0.00043863900170202,0.019829458722201036,0.0,0.018026072295390754,0.0001770961094587337,0.0,0.0,0.0,0.0,0.005726759434242504,0.021611112406351038,0.01508975307792775,0.0,0.0,0.0,0.0028609710107966846,0.018026072295390754,0.0,0.0177971391501568,0.0,0.0,0.00039285277836489615,0.0040508073708130305,0.020260748452949322,0.0610472868903017,0.05784414323727171,0.003968012960407273,0.002643258806522283,0.0,0.0,0.0001770961094587337,0.0177971391501568,0.0,0.020685761313984707,0.0002053481490149002,0.0030740639034375636,0.0013120669259725586,0.01249299575092428,0.04201742033999185,0.03761063741108191,0.0,0.00048514932203417823,0.0,0.0,0.0,0.0,0.020685761313984707,0.0,0.009132955985889882,0.0007499994689198885,0.0,0.0009518832378467212,0.002758040562837287,0.003922790163730687,0.0,0.0006534203087301442,0.0,0.0,0.0,0.0,0.0002053481490149002,0.009132955985889882,0.0,0.03623706712355235,0.009739337667373369,0.0,0.0,0.0,0.0,0.0,0.0,0.0,0.0,0.00039285277836489615,0.0030740639034375636,0.0007499994689198885,0.03623706712355235,0.0,0.0418676841476785,0.0,0.0,0.0,0.0,0.0,0.0007701414489736296,0.0,0.0,0.0040508073708130305,0.0013120669259725586,0.0,0.009739337667373369,0.0418676841476785,0.0
22.0,0.0,0.47632529897543163,0.07392977717773332,0.14670442870011013,0.0680373636778465,0.0026704916901696034,0.0021572011992342793,0.00017596486651411504,0.0035966710285503622,0.003501339523875745,0.03288258000862525,0.00891102740539201,0.0,0.0,0.47632529897543163,0.0,0.3180838593405859,0.5048679937793054,0.24744368333080827,0.03887260483434238,0.020960650291619132,0.009391427577875602,0.025239463334717216,0.027573380027683347,0.11436540171426822,0.03836740564630123,0.0,0.0,0.07392977717773332,0.3180838593405859,0.0,0.07827075876419422,0.026562465864125417,0.0,0.0,0.0,0.0,0.0,0.015277604968289,0.0,0.0,0.0,0.14670442870011013,0.5048679937793054,0.07827075876419422,0.0,0.05262265625609385,0.0,0.0,0.0,0.00784878111097533,0.006294675562717546,0.029255052687627243,0.002626485072181159,0.0,0.0,0.0680373636778465,0.24744368333080827,0.026562465864125417,0.05262265625609385,0.0,0.008681950522432267,0.0,0.0,0.0,0.0,0.01267239382825264,0.0008410811075828238,0.0,0.0,0.0026704916901696034,0.03887260483434238,0.0,0.0,0.008681950522432267,0.0,0.01026156542006104,3.116407517092859e-05,0.0,0.0,0.0,0.0,0.0019791213006056935,0.0018756612067545634,0.0021572011992342793,0.020960650291619132,0.0,0.0,0.0,0.01026156542006104,0.0,0.0311022572086408,0.0010968491206460977,0.0,0.0,0.0008608719940554684,0.0010925262847057376,0.0016082199248092525,0.00017596486651411504,0.009391427577875602,0.0,0.0,0.0,3.116407517092859e-05,0.0311022572086408,0.0,0.030796753160052932,0.002029443264253769,0.0,4.229378360255903e-05,9.928559956019962e-05,0.000265648258426454,0.0035966710285503622,0.025239463334717216,0.0,0.00784878111097533,0.0,0.0,0.0010968491206460977,0.030796753160052932,0.0,0.030894787274155146,0.0007657939417670277,0.0016874675145387786,0.0,0.0017968448020339632,0.003501339523875745,0.027573380027683347,0.0,0.006294675562717546,0.0,0.0,0.0,0.002029443264253769,0.030894787274155146,0.0,0.0255086759766206,0.00259039158593059,0.004656982623304578,0.003024326258855704,0.03288258000862525,0.11436540171426822,0.015277604968289,0.029255052687627243,0.01267239382825264,0.0,0.0,0.0,0.0007657939417670277,0.0255086759766206,0.0,0.0061463661391982435,0.0019647640056964146,0.004110988779532358,0.00891102740539201,0.03836740564630123,0.0,0.002626485072181159,0.0008410811075828238,0.0,0.0008608719940554684,4.229378360255903e-05,0.0016874675145387786,0.00259039158593059,0.0061463661391982435,0.0,0.012785717365941205,0.018524135588131364,0.0,0.0,0.0,0.0,0.0,0.0019791213006056935,0.0010925262847057376,9.928559956019962e-05,0.0,0.004656982623304578,0.0019647640056964146,0.012785717365941205,0.0,0.04468495120826067,0.0,0.0,0.0,0.0,0.0,0.0018756612067545634,0.0016082199248092525,0.000265648258426454,0.0017968448020339632,0.003024326258855704,0.004110988779532358,0.018524135588131364,0.04468495120826067,0.0
23.0,0.0,0.3233248089294476,0.2659423731061796,0.07315780413607152,0.036031157239304744,0.02577466557124977,0.011553051489513659,0.0,0.016448197203466727,0.01819218556251259,0.01726523573946055,0.00031424519456645485,0.0,0.0,0.3233248089294476,0.0,0.8450939850515313,0.25092734601269007,0.1357036340605079,0.08924874280979746,0.03299645544896857,0.0,0.04604624807308877,0.05926956737338139,0.06490305489120293,0.004257610857745373,0.0,0.0,0.2659423731061796,0.8450939850515313,0.0,0.1959637786346321,0.10275693630588867,0.07699120465696886,0.02901634844378166,0.0,0.044584879375796346,0.053001051034788915,0.05318505851198011,0.005583352032054541,0.0,0.0,0.07315780413607152,0.25092734601269007,0.1959637786346321,0.0,0.002430325138878259,0.01481188960071859,0.0,0.0,0.009691564125250933,0.01289382872911833,0.014250324987267332,0.0,0.0,0.0,0.036031157239304744,0.1357036340605079,0.10275693630588867,0.002430325138878259,0.0,0.009150496106959923,0.0005095758032528893,0.0,0.0028975010745615377,0.006477797283638675,0.006324631911668015,0.0,0.0,0.0,0.02577466557124977,0.08924874280979746,0.07699120465696886,0.01481188960071859,0.009150496106959923,0.0,0.021616876854750243,0.0044142294260446704,0.0,0.0010444411903218422,0.0004816777846574476,0.0,0.0,0.0,0.011553051489513659,0.03299645544896857,0.02901634844378166,0.0,0.0005095758032528893,0.021616876854750243,0.0,0.010662007892205555,0.0,0.0,0.0,0.0,0.0,0.0015868110381253684,0.0,0.0,0.0,0.0,0.0,0.0044142294260446704,0.010662007892205555,0.0,0.019805252830112124,0.0,0.0007097434252950594,0.00323224193267051,0.0006425408758303959,0.0022304654148762757,0.016448197203466727,0.04604624807308877,0.044584879375796346,0.009691564125250933,0.0028975010745615377,0.0,0.0,0.019805252830112124,0.0,0.013082609138118947,0.0005173308682093095,0.0026724965902366633,0.00126313615726459,0.003245291196626586,0.01819218556251259,0.05926956737338139,0.053001051034788915,0.01289382872911833,0.006477797283638675,0.0010444411903218422,0.0,0.0,0.013082609138118947,0.0,0.005382372579090232,0.00534490208724031,0.00029917858697059777,0.0033410343588136464,0.01726523573946055,0.06490305489120293,0.05318505851198011,0.014250324987267332,0.006324631911668015,0.0004816777846574476,0.0,0.0007097434252950594,0.0005173308682093095,0.005382372579090232,0.0,0.012577104144296043,0.0056048067234281155,0.0,0.00031424519456645485,0.004257610857745373,0.005583352032054541,0.0,0.0,0.0,0.0,0.00323224193267051,0.0026724965902366633,0.00534490208724031,0.012577104144296043,0.0,0.03899826046838227,0.003823235082371097,0.0,0.0,0.0,0.0,0.0,0.0,0.0,0.0006425408758303959,0.00126313615726459,0.00029917858697059777,0.0056048067234281155,0.03899826046838227,0.0,0.03878036154701519,0.0,0.0,0.0,0.0,0.0,0.0,0.0015868110381253684,0.0022304654148762757,0.003245291196626586,0.0033410343588136464,0.0,0.003823235082371097,0.03878036154701519,0.0
24.0,0.0,0.3943089003814709,0.13814066784828646,0.018601821080173882,0.03291956957214536,0.013565519944020235,0.0,0.006538607643267687,0.02334454645470784,0.01836365306440352,0.0,0.0,0.0,0.0,0.3943089003814709,0.0,0.6422449332924104,0.12390951453998646,0.17906299778048215,0.0961517447983115,0.017483803709579446,0.05132070815747726,0.10609347987365475,0.08432560428065054,0.004607515926633046,0.0,0.0,0.0,0.13814066784828646,0.6422449332924104,0.0,0.025866502063069185,0.05922938692806073,0.03529342622166156,0.004990879511171631,0.01616324657259778,0.03950075835355451,0.033749882614822854,0.0,0.0,0.0,0.0,0.018601821080173882,0.12390951453998646,0.025866502063069185,0.0,0.0,0.0,0.0,0.0,0.0022017463901284322,0.001584385473404738,0.0,0.0,0.0,0.0,0.03291956957214536,0.17906299778048215,0.05922938692806073,0.0,0.0,0.02038432469081116,0.0016775003000097893,0.0,0.006279743025560755,0.005709789588753192,0.0,0.0,0.0,0.0,0.013565519944020235,0.0961517447983115,0.03529342622166156,0.0,0.02038432469081116,0.0,0.027065137668985755,0.00073523051130693,0.0,0.0003768363119143484,0.0,0.0,0.0,0.0007732607344233813,0.0,0.017483803709579446,0.004990879511171631,0.0,0.0016775003000097893,0.027065137668985755,0.0,0.024684452189217807,0.0,0.0,0.0008232703405043339,0.0,0.0013536681689916962,0.0009185056152301177,0.006538607643267687,0.05132070815747726,0.01616324657259778,0.0,0.0,0.00073523051130693,0.024684452189217807,0.0,0.014001698612553478,0.0,0.003233195893620251,0.0011252389924819505,0.0,0.0017790423841487725,0.02334454645470784,0.10609347987365475,0.03950075835355451,0.0022017463901284322,0.006279743025560755,0.0,0.0,0.014001698612553478,0.0,0.009152897503698626,0.0,0.0,0.0011606979764309854,0.0029145832080425503,0.01836365306440352,0.08432560428065054,0.033749882614822854,0.001584385473404738,0.005709789588753192,0.0003768363119143484,0.0,0.0,0.009152897503698626,0.0,0.03540802347595028,0.0,0.0025099261798350713,0.002338720786140243,0.0,0.004607515926633046,0.0,0.0,0.0,0.0,0.0008232703405043339,0.003233195893620251,0.0,0.03540802347595028,0.0,0.012497110964090256,0.0011745686150432162,0.0015975810984555062,0.0,0.0,0.0,0.0,0.0,0.0,0.0,0.0011252389924819505,0.0,0.0,0.012497110964090256,0.0,0.03704086125018734,0.011735104856957678,0.0,0.0,0.0,0.0,0.0,0.0,0.0013536681689916962,0.0,0.0011606979764309854,0.0025099261798350713,0.0011745686150432162,0.03704086125018734,0.0,0.015341182807496155,0.0,0.0,0.0,0.0,0.0,0.0007732607344233813,0.0009185056152301177,0.0017790423841487725,0.0029145832080425503,0.002338720786140243,0.0015975810984555062,0.011735104856957678,0.015341182807496155,0.0
25.0,0.0,0.2549490932350058,0.1187990762851764,0.09589336155657237,0.03866983897667101,0.010405161189776838,0.006758977207604301,0.006940627261671137,0.013288112132247164,0.005229513222475121,0.006196546778164239,0.0,0.0,0.0,0.2549490932350058,0.0,0.6560169111755729,0.5173992604377229,0.25881667555724247,0.09703573616418802,0.04913861616246935,0.05382053834869218,0.08256936475700517,0.050622037644686535,0.05297032638235886,0.011664674410510325,0.0,0.0,0.1187990762851764,0.6560169111755729,0.0,0.25770413005941756,0.12210389455092333,0.040735915804124986,0.016623933522016087,0.020586826395112615,0.039066198565904056,0.020516203862378516,0.01961305125917167,0.0006237395081956222,0.0,0.0,0.09589336155657237,0.5173992604377229,0.25770413005941756,0.0,0.08439761124115122,0.029583167380659144,0.014851758727510343,0.017052839242143788,0.032371352811233,0.01436461725527408,0.014113200032666771,0.0,0.0,0.0,0.03866983897667101,0.25881667555724247,0.12210389455092333,0.08439761124115122,0.0,0.005012896368889502,0.0034477016981894534,0.005238053746083876,0.013439345947049177,0.006814743848221915,0.009129283203018201,0.0,0.0,0.0,0.010405161189776838,0.09703573616418802,0.040735915804124986,0.029583167380659144,0.005012896368889502,0.0,0.001684295678951771,0.0,0.003434821156953069,0.0013476770632152818,0.0006922339350401272,0.0,0.0031534546151948594,0.0006289978754843021,0.006758977207604301,0.04913861616246935,0.016623933522016087,0.014851758727510343,0.0034477016981894534,0.001684295678951771,0.0,0.03200425186625797,0.0,0.0,0.0,0.0,0.0006889360400972174,0.002994785493529283,0.006940627261671137,0.05382053834869218,0.020586826395112615,0.017052839242143788,0.005238053746083876,0.0,0.03200425186625797,0.0,0.015254479714086349,0.00016054839118786253,0.0,0.0,0.0,0.0,0.013288112132247164,0.08256936475700517,0.039066198565904056,0.032371352811233,0.013439345947049177,0.003434821156953069,0.0,0.015254479714086349,0.0,0.02900908101927521,0.0,0.0008411429458434867,0.0,0.002535104525850887,0.005229513222475121,0.050622037644686535,0.020516203862378516,0.01436461725527408,0.006814743848221915,0.0013476770632152818,0.0,0.00016054839118786253,0.02900908101927521,0.0,0.006161048621995033,0.007593543904693904,0.00249175829244037,0.006610455029650817,0.006196546778164239,0.05297032638235886,0.01961305125917167,0.014113200032666771,0.009129283203018201,0.0006922339350401272,0.0,0.0,0.0,0.006161048621995033,0.0,0.01969180327836043,0.010658879694409675,0.006240996312127614,0.0,0.011664674410510325,0.0006237395081956222,0.0,0.0,0.0,0.0,0.0,0.0008411429458434867,0.007593543904693904,0.01969180327836043,0.0,0.015730428938402322,0.009166700114635395,0.0,0.0,0.0,0.0,0.0,0.0031534546151948594,0.0006889360400972174,0.0,0.0,0.00249175829244037,0.010658879694409675,0.015730428938402322,0.0,0.01321804867024775,0.0,0.0,0.0,0.0,0.0,0.0006289978754843021,0.002994785493529283,0.0,0.002535104525850887,0.006610455029650817,0.006240996312127614,0.009166700114635395,0.01321804867024775,0.0
26.0,0.0,0.2356652024634316,0.06263354726595034,0.04310966193613189,0.014803921631960017,0.002544718542080653,0.009210458834997545,0.009557171581517065,0.003781475453141312,0.0,0.010768934068638877,0.0,0.0,0.0,0.2356652024634316,0.0,0.6024222984781584,0.3848436584062029,0.1666808122644689,0.0607008757066325,0.08696340319678801,0.09626736503546592,0.04916231717873318,0.006634920982552738,0.10364709460781228,0.03174844292446019,0.0,0.0,0.06263354726595034,0.6024222984781584,0.0,0.12165707063257039,0.04843335967859666,0.005842304469201981,0.023782609111007488,0.02927126748638973,0.008039535666007186,0.0,0.03447293538716112,0.0032936316449740893,0.0,0.0,0.04310966193613189,0.3848436584062029,0.12165707063257039,0.0,0.010184345217761608,0.006673282933303371,0.012496162110557063,0.01607110854678541,0.0078041563159992056,0.0,0.023606499011140557,0.00011655007171969527,0.0,0.0,0.014803921631960017,0.1666808122644689,0.04843335967859666,0.010184345217761608,0.0,0.021947956859998664,0.0,0.005297095183764366,0.000593538573568249,0.0,0.007628424887563204,0.0,0.0,0.0,0.002544718542080653,0.0607008757066325,0.005842304469201981,0.006673282933303371,0.021947956859998664,0.0,0.027094113589471332,0.0,0.0,0.0007389231575262745,0.0,0.0,0.0,0.0005204270859594947,0.009210458834997545,0.08696340319678801,0.023782609111007488,0.012496162110557063,0.0,0.027094113589471332,0.0,0.003948459055239212,0.0,0.0,0.002795205392004615,0.0,0.0,0.00027042057098943125,0.009557171581517065,0.09626736503546592,0.02927126748638973,0.01607110854678541,0.005297095183764366,0.0,0.003948459055239212,0.0,0.011821278656816335,0.0,0.0032972557156554154,0.0,0.0,0.0,0.003781475453141312,0.04916231717873318,0.008039535666007186,0.0078041563159992056,0.000593538573568249,0.0,0.0,0.011821278656816335,0.0,0.02806504052474246,0.0,0.0,0.00043258782196265865,0.0021212351210938224,0.0,0.006634920982552738,0.0,0.0,0.0,0.0007389231575262745,0.0,0.0,0.02806504052474246,0.0,0.026726465757917876,0.0005927453981378601,0.0029786205103482562,0.0023754711473261457,0.010768934068638877,0.10364709460781228,0.03447293538716112,0.023606499011140557,0.007628424887563204,0.0,0.002795205392004615,0.0032972557156554154,0.0,0.026726465757917876,0.0,0.022756312903681,0.001378154218317066,0.0,0.0,0.03174844292446019,0.0032936316449740893,0.00011655007171969527,0.0,0.0,0.0,0.0,0.0,0.0005927453981378601,0.022756312903681,0.0,0.03420552245353237,0.005791587762070813,0.0,0.0,0.0,0.0,0.0,0.0,0.0,0.0,0.00043258782196265865,0.0029786205103482562,0.001378154218317066,0.03420552245353237,0.0,0.033980320725647904,0.0,0.0,0.0,0.0,0.0,0.0005204270859594947,0.00027042057098943125,0.0,0.0021212351210938224,0.0023754711473261457,0.0,0.005791587762070813,0.033980320725647904,0.0
27.0,0.0,0.09435729006640375,0.03475001881083255,0.0009756952452939325,0.0,0.0,0.0,0.0,0.0,0.0,0.0,0.0,0.0,0.0,0.09435729006640375,0.0,0.7753109764944777,0.2619561646413824,0.19176282276819864,0.0773985862216099,0.017358360219585887,0.06583301672343357,0.07304869407345056,0.024935115217175955,0.0953099657852809,0.030344260979048562,0.0,0.0,0.03475001881083255,0.7753109764944777,0.0,0.1143676628970474,0.09397793614856426,0.03328561472839193,0.0,0.020498554659204596,0.028017584768111146,0.0,0.037977749757954316,0.008782192376928009,0.0,0.0,0.0009756952452939325,0.2619561646413824,0.1143676628970474,0.0,0.004618468216877295,0.006113292437481833,0.0,0.006703994541833502,0.008568431368261022,0.0,0.01172642968635915,0.0,0.0,0.0,0.0,0.19176282276819864,0.09397793614856426,0.004618468216877295,0.0,0.004244928294126418,0.0,0.004542491105930597,0.005122627785778446,0.0,0.00880941760208347,0.0,0.0,0.0,0.0,0.0773985862216099,0.03328561472839193,0.006113292437481833,0.004244928294126418,0.0,0.022237445224956798,0.0012152738296175745,0.0,0.0,8.579512998377076e-05,0.0,0.0,0.0,0.0,0.017358360219585887,0.0,0.0,0.0,0.022237445224956798,0.0,0.028024969686459695,0.0016815662782066901,0.001217023047878848,0.0,0.0,0.00028188792277953386,0.0010476384457949435,0.0,0.06583301672343357,0.020498554659204596,0.006703994541833502,0.004542491105930597,0.0012152738296175745,0.028024969686459695,0.0,0.01875266488738522,0.0,0.001072140534506626,0.0,0.0,0.0,0.0,0.07304869407345056,0.028017584768111146,0.008568431368261022,0.005122627785778446,0.0,0.0016815662782066901,0.01875266488738522,0.0,0.006822534174585721,0.0,0.0006005084991454786,0.0,0.0,0.0,0.024935115217175955,0.0,0.0,0.0,0.0,0.001217023047878848,0.0,0.006822534174585721,0.0,0.02015381179327897,0.0005060303373695163,0.004562744143412201,0.0032433448642921288,0.0,0.0953099657852809,0.037977749757954316,0.01172642968635915,0.00880941760208347,8.579512998377076e-05,0.0,0.001072140534506626,0.0,0.02015381179327897,0.0,0.021215689663619353,0.008692463093964334,0.001977078268179171,0.0,0.030344260979048562,0.008782192376928009,0.0,0.0,0.0,0.0,0.0,0.0006005084991454786,0.0005060303373695163,0.021215689663619353,0.0,0.03298026157443902,0.007650977444840155,0.0,0.0,0.0,0.0,0.0,0.0,0.00028188792277953386,0.0,0.0,0.004562744143412201,0.008692463093964334,0.03298026157443902,0.0,0.04634917286821401,0.0,0.0,0.0,0.0,0.0,0.0,0.0010476384457949435,0.0,0.0,0.0032433448642921288,0.001977078268179171,0.007650977444840155,0.04634917286821401,0.0
28.0,0.0,0.02461078607324841,0.0025190645251930185,0.0,0.0,0.0,0.0,0.0,0.0,0.0,0.0,0.0,0.0,0.0,0.02461078607324841,0.0,0.6503682709508398,0.5074876686023215,0.27118284130862824,0.12061130649099684,0.001227060880576114,0.052998071542528155,0.0830759243408006,0.024904489799589386,0.07156196062392367,0.01853594889631428,0.0,0.0,0.0025190645251930185,0.6503682709508398,0.0,0.22177903581356456,0.10852218923626696,0.04409053687981737,0.0,0.016990755419363967,0.03572835924315172,0.004954921621539067,0.028132147823017963,0.005463285194809246,0.0,0.0,0.0,0.5074876686023215,0.22177903581356456,0.0,0.06850668567443519,0.031478589966950285,0.0,0.01396008285834472,0.02877011840476784,0.0020399087151001484,0.021205926842272346,0.002504155413494245,0.0,0.0,0.0,0.27118284130862824,0.10852218923626696,0.06850668567443519,0.0,0.007601871228716334,0.0006826586193869454,0.005259980876684932,0.010758970537616317,0.0,0.007939291627238082,0.0,0.0,0.0,0.0,0.12061130649099684,0.04409053687981737,0.031478589966950285,0.007601871228716334,0.0,0.008070671675665763,0.0,0.002343025968150562,0.0,0.0024008061707788864,0.0,0.0,0.0,0.0,0.001227060880576114,0.0,0.0,0.0006826586193869454,0.008070671675665763,0.0,0.033669636856156426,0.0,0.0,0.0,0.0,0.0,0.0,0.0,0.052998071542528155,0.016990755419363967,0.01396008285834472,0.005259980876684932,0.0,0.033669636856156426,0.0,0.024594534139009302,0.0009063918917931073,0.00036639851139173526,0.0,0.0,0.0,0.0,0.0830759243408006,0.03572835924315172,0.02877011840476784,0.010758970537616317,0.002343025968150562,0.0,0.024594534139009302,0.0,0.022479654950438077,0.0,0.0,0.0,9.618405485553616e-05,0.0,0.024904489799589386,0.004954921621539067,0.0020399087151001484,0.0,0.0,0.0,0.0009063918917931073,0.022479654950438077,0.0,0.023930178632673844,0.0034186224178719645,0.002134059816548215,0.0,0.0,0.07156196062392367,0.028132147823017963,0.021205926842272346,0.007939291627238082,0.0024008061707788864,0.0,0.00036639851139173526,0.0,0.023930178632673844,0.0,0.029816203809407846,0.00557943678930202,0.004975449561472534,0.0,0.01853594889631428,0.005463285194809246,0.002504155413494245,0.0,0.0,0.0,0.0,0.0,0.0034186224178719645,0.029816203809407846,0.0,0.013529734468709087,0.013691412869522012,0.0,0.0,0.0,0.0,0.0,0.0,0.0,0.0,0.0,0.002134059816548215,0.00557943678930202,0.013529734468709087,0.0,0.04350964600312994,0.0,0.0,0.0,0.0,0.0,0.0,0.0,0.0,9.618405485553616e-05,0.0,0.004975449561472534,0.013691412869522012,0.04350964600312994,0.0
29.0,0.0,0.10103183745018038,0.03665890244901689,0.001060224620007453,0.0,0.0,0.0,0.0,0.0,0.002855169680292515,0.0,0.0,0.0,0.0,0.10103183745018038,0.0,0.7838359809802047,0.2534680767439676,0.13775844026901352,0.0,0.009677498019346286,0.04510101602747562,0.08233047593574186,0.12028991821469728,0.008556090540649625,0.0,0.0,0.0,0.03665890244901689,0.7838359809802047,0.0,0.1067667178655179,0.04630053151214921,0.0,0.0,0.019704166366171633,0.03922808634466126,0.05591629735193072,0.0,0.0,0.0,0.0,0.001060224620007453,0.2534680767439676,0.1067667178655179,0.0,0.0,0.0,0.0,0.0,0.00737008602347567,0.016556760402598663,0.0,0.0,0.0,0.0,0.0,0.13775844026901352,0.04630053151214921,0.0,0.0,0.010175948616445336,0.0,0.0,0.0013765382467073848,0.006200766647468099,0.0,0.0,0.0,0.0,0.0,0.0,0.0,0.0,0.010175948616445336,0.0,0.037243594341452996,0.0,0.0,0.0,0.0,0.0004857909884551367,1.5909071293881212e-05,0.0,0.0,0.009677498019346286,0.0,0.0,0.0,0.037243594341452996,0.0,0.002245827890795278,0.00012152651839291285,0.0,0.0019888774422398767,6.488216675590644e-05,0.0010137379367296867,0.0016418034048967813,0.0,0.04510101602747562,0.019704166366171633,0.0,0.0,0.0,0.002245827890795278,0.0,0.015665495901785145,0.0,0.001323307823093227,0.0,0.0,0.0005877776672186603,0.0,0.08233047593574186,0.03922808634466126,0.00737008602347567,0.0013765382467073848,0.0,0.00012152651839291285,0.015665495901785145,0.0,0.01854833202137247,0.0009450882593752958,0.0002305888262915483,0.0,0.0011703619121002276,0.002855169680292515,0.12028991821469728,0.05591629735193072,0.016556760402598663,0.006200766647468099,0.0,0.0,0.0,0.01854833202137247,0.0,0.02618531050047618,0.000169245175568755,0.0,0.0,0.0,0.008556090540649625,0.0,0.0,0.0,0.0,0.0019888774422398767,0.001323307823093227,0.0009450882593752958,0.02618531050047618,0.0,0.029666174357388227,0.007378210104207672,0.0019332112320681629,0.0,0.0,0.0,0.0,0.0,0.0004857909884551367,6.488216675590644e-05,0.0,0.0002305888262915483,0.000169245175568755,0.029666174357388227,0.0,0.034458382291054766,0.002031433460363319,0.0,0.0,0.0,0.0,0.0,1.5909071293881212e-05,0.0010137379367296867,0.0,0.0,0.0,0.007378210104207672,0.034458382291054766,0.0,0.03407147481421624,0.0,0.0,0.0,0.0,0.0,0.0,0.0016418034048967813,0.0005877776672186603,0.0011703619121002276,0.0,0.0019332112320681629,0.002031433460363319,0.03407147481421624,0.0
30.0,0.0,0.12951767176210305,0.0863321698996696,0.016412957359924985,0.0021364799493207563,0.0,0.0,0.0,0.0026309192350617654,0.005367912282922895,0.003343941271535836,0.0,0.0,0.0,0.12951767176210305,0.0,0.9003733048917437,0.21222031328289814,0.09269102608141512,0.05866338816942767,0.01040057861252548,0.013944543036245287,0.07325140354079052,0.08859749178452815,0.06443437978369865,0.00808513399109612,0.0,0.0,0.0863321698996696,0.9003733048917437,0.0,0.14601365764572521,0.06465395562948306,0.04152137604101598,0.008173614943746604,0.00782340005662523,0.04892481552901266,0.06037201886046492,0.051140383709367875,0.004243022169192573,0.0,0.0,0.016412957359924985,0.21222031328289814,0.14601365764572521,0.0,0.003209402963692911,0.0,0.0,0.0,0.007543019071739349,0.010368364516179543,0.011111171908953305,0.0,0.0,0.0,0.0021364799493207563,0.09269102608141512,0.06465395562948306,0.003209402963692911,0.0,0.016293854530519677,0.0077724907653299105,0.0009421624298221771,0.0,0.00016162958282933665,0.0,0.0,0.0,0.0,0.0,0.05866338816942767,0.04152137604101598,0.0,0.016293854530519677,0.0,0.0162069122942097,0.004184254323690418,0.0,0.00038838704546540815,0.0,0.0,0.0,0.001099389976200503,0.0,0.01040057861252548,0.008173614943746604,0.0,0.0077724907653299105,0.0162069122942097,0.0,0.03312489533396147,0.001493266647276538,0.0,0.0,0.0,0.002756978449256404,0.002612936800859184,0.0,0.013944543036245287,0.00782340005662523,0.0,0.0009421624298221771,0.004184254323690418,0.03312489533396147,0.0,0.009885484176038475,0.0,0.0,0.0009494712123011886,0.000670300319137995,0.0002674815194672329,0.0026309192350617654,0.07325140354079052,0.04892481552901266,0.007543019071739349,0.0,0.0,0.001493266647276538,0.009885484176038475,0.0,0.009620708578844969,0.0,0.0006491772496350439,0.0,0.0,0.005367912282922895,0.08859749178452815,0.06037201886046492,0.010368364516179543,0.00016162958282933665,0.00038838704546540815,0.0,0.0,0.009620708578844969,0.0,0.007793890743374281,0.002108258764248659,0.00024201440690766168,0.0012925364697983612,0.003343941271535836,0.06443437978369865,0.051140383709367875,0.011111171908953305,0.0,0.0,0.0,0.0,0.0,0.007793890743374281,0.0,0.02760195045298569,0.011099227113291501,0.005263421037209798,0.0,0.00808513399109612,0.004243022169192573,0.0,0.0,0.0,0.0,0.0009494712123011886,0.0006491772496350439,0.002108258764248659,0.02760195045298569,0.0,0.0353107619029758,0.013509203819647115,0.0,0.0,0.0,0.0,0.0,0.0,0.002756978449256404,0.000670300319137995,0.0,0.00024201440690766168,0.011099227113291501,0.0353107619029758,0.0,0.0166044880548669,0.0,0.0,0.0,0.0,0.0,0.001099389976200503,0.002612936800859184,0.0002674815194672329,0.0,0.0012925364697983612,0.005263421037209798,0.013509203819647115,0.0166044880548669,0.0
31.0,0.0,0.2974105656421989,0.06842484745733807,0.07809494622213835,0.0504842575201479,0.016573251245179763,0.007272222633680311,0.005158574170986122,0.0017349608423900586,0.0,0.017275230136700594,0.0036277499171543087,0.0,0.0,0.2974105656421989,0.0,0.41282732128770533,0.4541945239885316,0.30702995458072124,0.13999804329016233,0.08748877859040308,0.0731678985131079,0.043005900360028965,0.004047267203148996,0.11560842806302936,0.0392750805859887,0.003737567099598557,0.0,0.06842484745733807,0.41282732128770533,0.0,0.08756381121421639,0.05941276990462397,0.022461489701509685,0.014548779183298126,0.008077344165383638,0.0016503958209878953,0.0,0.021200631439028225,0.002871135946812346,0.0,0.0,0.07809494622213835,0.4541945239885316,0.08756381121421639,0.0,0.059277953511814516,0.026986573485035543,0.01873624970295116,0.014761101151466933,0.003957162766621874,0.0,0.02715913751353668,0.008543445710136975,0.0,0.0,0.0504842575201479,0.30702995458072124,0.05941276990462397,0.059277953511814516,0.0,0.0005601098650525714,0.006463673474927626,0.003761143057393098,0.00238974585088596,0.0,0.020585949864487238,0.005438332429505771,0.0,0.0,0.016573251245179763,0.13999804329016233,0.022461489701509685,0.026986573485035543,0.0005601098650525714,0.0,0.0013426649833482552,0.0,0.0,0.0,0.006720093315669709,0.0,0.0,0.0,0.007272222633680311,0.08748877859040308,0.014548779183298126,0.01873624970295116,0.006463673474927626,0.0013426649833482552,0.0,0.02925469627874297,0.0,0.0,0.0019852573222902525,0.0,0.0017976234929034662,0.0021183814604404574,0.005158574170986122,0.0731678985131079,0.008077344165383638,0.014761101151466933,0.003761143057393098,0.0,0.02925469627874297,0.0,0.019017128663257978,0.0,0.0026930769574539425,0.0,0.0006624928251438559,0.0,0.0017349608423900586,0.043005900360028965,0.0016503958209878953,0.003957162766621874,0.00238974585088596,0.0,0.0,0.019017128663257978,0.0,0.019921392700175074,0.0,0.002216774058117832,0.0006020219909990088,0.0021428765079010274,0.0,0.004047267203148996,0.0,0.0,0.0,0.0,0.0,0.0,0.019921392700175074,0.0,0.03226149239566212,0.006472919506278961,0.0043996672538825655,0.0011295600138154151,0.017275230136700594,0.11560842806302936,0.021200631439028225,0.02715913751353668,0.020585949864487238,0.006720093315669709,0.0019852573222902525,0.0026930769574539425,0.0,0.03226149239566212,0.0,0.028446053262386528,0.0,0.005637385235761162,0.0036277499171543087,0.0392750805859887,0.002871135946812346,0.008543445710136975,0.005438332429505771,0.0,0.0,0.0,0.002216774058117832,0.006472919506278961,0.028446053262386528,0.0,0.010364680233985853,0.0135391941417237,0.0,0.003737567099598557,0.0,0.0,0.0,0.0,0.0017976234929034662,0.0006624928251438559,0.0006020219909990088,0.0043996672538825655,0.0,0.010364680233985853,0.0,0.010012181882066273,0.0,0.0,0.0,0.0,0.0,0.0,0.0021183814604404574,0.0,0.0021428765079010274,0.0011295600138154151,0.005637385235761162,0.0135391941417237,0.010012181882066273,0.0
32.0,0.0,0.2770710453033563,0.19545240338039668,0.058600474831817885,0.029096613172183313,0.02575350064184435,0.0162430456020349,0.0025505485011390956,0.002852391855263728,0.01223805442797626,0.012393951614156825,0.0,0.0,0.0,0.2770710453033563,0.0,0.8308897635611137,0.3060231275121583,0.15147594774617834,0.12294901176375395,0.08365784237800732,0.03273057352572581,0.020408817978510897,0.059709717493695996,0.054890513590050455,0.017000568661637978,0.0,0.0,0.19545240338039668,0.8308897635611137,0.0,0.2170156309700182,0.11372296339435377,0.08855084528654726,0.05995926350025295,0.023789193258449866,0.015822351164280046,0.04048239488340575,0.03693925976161292,0.008910646969946538,0.0,0.0,0.058600474831817885,0.3060231275121583,0.2170156309700182,0.0,0.020713861751244133,0.027713286078263857,0.011551453158952889,0.0,0.0014526694832559261,0.015235765652997708,0.011847984484659187,0.0002679214748946262,0.0,0.0,0.029096613172183313,0.15147594774617834,0.11372296339435377,0.020713861751244133,0.0,0.004964911061041284,0.0,0.0,0.0,0.004279137160621137,0.0029235879731379123,0.0,0.0,0.0,0.02575350064184435,0.12294901176375395,0.08855084528654726,0.027713286078263857,0.004964911061041284,0.0,0.020558679629605562,0.0,0.0,0.003603555803378642,0.0014096888243958273,0.0,0.0,0.0,0.0162430456020349,0.08365784237800732,0.05995926350025295,0.011551453158952889,0.0,0.020558679629605562,0.0,0.002711307215259186,0.0,0.0017099384522031684,0.0009820934890320903,0.0,0.0010210839681631316,0.0005998210250586877,0.0025505485011390956,0.03273057352572581,0.023789193258449866,0.0,0.0,0.0,0.002711307215259186,0.0,0.02075239780516246,0.00028410320203559107,0.0,0.0012282394413228382,0.0019201039497375584,0.0,0.002852391855263728,0.020408817978510897,0.015822351164280046,0.0014526694832559261,0.0,0.0,0.0,0.02075239780516246,0.0,0.02188237921511575,0.0,0.0,0.0,0.002510776007885732,0.01223805442797626,0.059709717493695996,0.04048239488340575,0.015235765652997708,0.004279137160621137,0.003603555803378642,0.0017099384522031684,0.00028410320203559107,0.02188237921511575,0.0,0.0005837588334881189,0.0017815322815395236,0.0,0.00012576343801054708,0.012393951614156825,0.054890513590050455,0.03693925976161292,0.011847984484659187,0.0029235879731379123,0.0014096888243958273,0.0009820934890320903,0.0,0.0,0.0005837588334881189,0.0,0.03195061381668261,0.010242467904548556,0.004879965696213814,0.0,0.017000568661637978,0.008910646969946538,0.0002679214748946262,0.0,0.0,0.0,0.0012282394413228382,0.0,0.0017815322815395236,0.03195061381668261,0.0,0.02672631714647208,0.0050642162768989776,0.0,0.0,0.0,0.0,0.0,0.0,0.0010210839681631316,0.0019201039497375584,0.0,0.0,0.010242467904548556,0.02672631714647208,0.0,0.026063214524624886,0.0,0.0,0.0,0.0,0.0,0.0,0.0005998210250586877,0.0,0.002510776007885732,0.00012576343801054708,0.004879965696213814,0.0050642162768989776,0.026063214524624886,0.0
33.0,0.0,0.462477108617726,0.10032944617554804,0.048652052793831675,0.050292238205644324,0.018927447069312698,0.016975428646925937,0.002590889011121507,0.007636998694303761,0.010168566380766865,0.0049307669525260975,0.0,0.0,0.0,0.462477108617726,0.0,0.397644100947292,0.220291592420848,0.23565289860015046,0.09974002854803263,0.06830663685628921,0.027934058941321453,0.04799684100041922,0.06345621079245271,0.04352556837124031,0.019322715238817692,0.0,0.0,0.10032944617554804,0.397644100947292,0.0,0.028347843215177693,0.044159954174636466,0.01061533383743017,0.0022680887557111466,0.0,0.008633613017836076,0.009668095217972229,0.005066777995436689,0.0,0.0,0.0,0.048652052793831675,0.220291592420848,0.028347843215177693,0.0,0.0004039782906035563,0.0012642619754614248,0.0,0.0,0.0,0.004115198664255415,0.00011514844683774479,0.0,0.0,0.0,0.050292238205644324,0.23565289860015046,0.044159954174636466,0.0004039782906035563,0.0,0.016090570718243612,0.0,0.0,0.0014539730243251763,0.006769829082642996,0.004469806918156113,0.0,0.0,0.0,0.018927447069312698,0.09974002854803263,0.01061533383743017,0.0012642619754614248,0.016090570718243612,0.0,0.007933362176459728,0.001713917541174714,0.0,0.0,0.0,0.0,0.0,0.0,0.016975428646925937,0.06830663685628921,0.0022680887557111466,0.0,0.0,0.007933362176459728,0.0,0.028912071445011508,0.0,0.0,0.0,0.00010340265532612892,0.00029802760479681915,0.0,0.002590889011121507,0.027934058941321453,0.0,0.0,0.0,0.001713917541174714,0.028912071445011508,0.0,0.025918638500749363,0.000911066036756306,0.0,0.001231863074290191,0.0,0.0004939960028576286,0.007636998694303761,0.04799684100041922,0.008633613017836076,0.0,0.0014539730243251763,0.0,0.0,0.025918638500749363,0.0,0.020247937752099,0.0011806679733636994,0.0012998736024779256,0.0,0.001603301057049034,0.010168566380766865,0.06345621079245271,0.009668095217972229,0.004115198664255415,0.006769829082642996,0.0,0.0,0.000911066036756306,0.020247937752099,0.0,0.027588364503394056,0.008352220166489458,0.0,0.002884301571954688,0.0049307669525260975,0.04352556837124031,0.005066777995436689,0.00011514844683774479,0.004469806918156113,0.0,0.0,0.0,0.0011806679733636994,0.027588364503394056,0.0,0.03491543631795693,0.005715876093905263,0.003329187190434204,0.0,0.019322715238817692,0.0,0.0,0.0,0.0,0.00010340265532612892,0.001231863074290191,0.0012998736024779256,0.008352220166489458,0.03491543631795693,0.0,0.03488591518976804,0.008785450056884993,0.0,0.0,0.0,0.0,0.0,0.0,0.00029802760479681915,0.0,0.0,0.0,0.005715876093905263,0.03488591518976804,0.0,0.04058386677887297,0.0,0.0,0.0,0.0,0.0,0.0,0.0,0.0004939960028576286,0.001603301057049034,0.002884301571954688,0.003329187190434204,0.008785450056884993,0.04058386677887297,0.0
34.0,0.0,0.3510553783878314,0.22976374828018423,0.19746075650935882,0.049839326176553754,0.0,0.002369590897288386,0.003915543630836616,0.0016010831126514005,0.010276104960559699,0.011032558533328372,0.0,0.0,0.0,0.3510553783878314,0.0,0.6662265293776476,0.5548602002632628,0.1502302479897567,0.0026606118620136846,0.017950099155925874,0.015439325606111828,0.010947877647333237,0.03522771416303887,0.03907494844186886,0.008167423513443801,0.0,0.0,0.22976374828018423,0.6662265293776476,0.0,0.36011145124648203,0.09446143129291687,0.0,0.004958079605920531,0.0026541218648024867,0.006004011067509397,0.024353110053102554,0.02365617847768834,0.003381044611733541,0.0,0.0,0.19746075650935882,0.5548602002632628,0.36011145124648203,0.0,0.06696557024363298,0.0,0.0059950215448098376,0.007504902251560801,0.00043180690322932756,0.015163285902684925,0.01847038018483895,0.0016934292816518392,0.0,0.0,0.049839326176553754,0.1502302479897567,0.09446143129291687,0.06696557024363298,0.0,0.014507394376331341,0.0,0.0,0.0,0.0017041121865535673,0.003657998948675939,0.0,0.0,0.0,0.0,0.0026606118620136846,0.0,0.0,0.014507394376331341,0.0,0.021466219604185422,0.003790270892776939,0.001357990440043388,0.0016377203796423966,0.0,0.003592727065292792,0.0015422256596704666,0.0009073474093673145,0.002369590897288386,0.017950099155925874,0.004958079605920531,0.0059950215448098376,0.0,0.021466219604185422,0.0,0.0365100102237391,0.00427413873887692,0.0,0.0,0.00033084065850050347,0.0,0.0,0.003915543630836616,0.015439325606111828,0.0026541218648024867,0.007504902251560801,0.0,0.003790270892776939,0.0365100102237391,0.0,0.02060671108456293,0.0,0.0,0.0,0.0011887381416443243,0.0007769165085158626,0.0016010831126514005,0.010947877647333237,0.006004011067509397,0.00043180690322932756,0.0,0.001357990440043388,0.00427413873887692,0.02060671108456293,0.0,0.008539994352777767,0.0,0.0,0.002954416800978772,0.002453467648140117,0.010276104960559699,0.03522771416303887,0.024353110053102554,0.015163285902684925,0.0017041121865535673,0.0016377203796423966,0.0,0.0,0.008539994352777767,0.0,0.010568373392870308,0.003890123686040793,0.002725254106069838,0.000910015098590054,0.011032558533328372,0.03907494844186886,0.02365617847768834,0.01847038018483895,0.003657998948675939,0.0,0.0,0.0,0.0,0.010568373392870308,0.0,0.0363239661684562,0.006230895968765817,0.00046200705145509947,0.0,0.008167423513443801,0.003381044611733541,0.0016934292816518392,0.0,0.003592727065292792,0.00033084065850050347,0.0,0.0,0.003890123686040793,0.0363239661684562,0.0,0.0139737422874383,0.01398357792351814,0.0,0.0,0.0,0.0,0.0,0.0015422256596704666,0.0,0.0011887381416443243,0.002954416800978772,0.002725254106069838,0.006230895968765817,0.0139737422874383,0.0,0.048873513106075614,0.0,0.0,0.0,0.0,0.0,0.0009073474093673145,0.0,0.0007769165085158626,0.002453467648140117,0.000910015098590054,0.00046200705145509947,0.01398357792351814,0.048873513106075614,0.0
35.0,0.0,0.5215174496396485,0.10186023732141727,0.03226560064342132,0.04837705682809793,0.02964439471404283,0.0028113918915027166,0.0045732401728109965,0.00424286686656377,0.01164156335289956,0.011177782673908754,0.002693732779930504,0.0,0.0,0.5215174496396485,0.0,0.3875103395815897,0.16184230085736703,0.22028842964760253,0.1150182553489991,0.02425903277022653,0.028770932983623602,0.03155930040385947,0.052498058106734934,0.05932363420755532,0.029569330529227476,0.0,0.0,0.10186023732141727,0.3875103395815897,0.0,0.006081187020143533,0.027899388326264426,0.006910407970698892,0.0,0.0,0.0007292588852726681,0.007583467970252668,0.008216010106589431,0.0002559902103291987,0.0,0.0,0.03226560064342132,0.16184230085736703,0.006081187020143533,0.0,0.0022359291938633184,0.0016410863890001046,0.0,0.0,0.0,0.0,0.0,0.0,0.0,0.0,0.04837705682809793,0.22028842964760253,0.027899388326264426,0.0022359291938633184,0.0,0.0,0.0,0.0,0.0,0.001836990080997349,0.0032026253841743154,0.0,0.0,0.0,0.02964439471404283,0.1150182553489991,0.006910407970698892,0.0016410863890001046,0.0,0.0,0.03239103341464048,0.0,0.0,0.0,0.0,0.0,0.0,0.0,0.0028113918915027166,0.02425903277022653,0.0,0.0,0.0,0.03239103341464048,0.0,0.005226331137365426,0.0029507124264463677,0.0006767598513733994,0.0,0.0,0.002379223065964902,0.0007335296286809247,0.0045732401728109965,0.028770932983623602,0.0,0.0,0.0,0.0,0.005226331137365426,0.0,0.012757535775046598,0.0018536085051143762,0.0,0.0009421316223865606,0.0,0.00032806388061028323,0.00424286686656377,0.03155930040385947,0.0007292588852726681,0.0,0.0,0.0,0.0029507124264463677,0.012757535775046598,0.0,0.02615167828574076,0.0032328580511400704,0.003379616696534891,0.0,0.0018152777414816097,0.01164156335289956,0.052498058106734934,0.007583467970252668,0.0,0.001836990080997349,0.0,0.0006767598513733994,0.0018536085051143762,0.02615167828574076,0.0,0.026998754785589992,0.00407907817129754,0.0009027299887539406,0.0033800071438598867,0.011177782673908754,0.05932363420755532,0.008216010106589431,0.0,0.0032026253841743154,0.0,0.0,0.0,0.0032328580511400704,0.026998754785589992,0.0,0.02644495854733059,0.0067935115370468336,0.001636142906540598,0.002693732779930504,0.029569330529227476,0.0002559902103291987,0.0,0.0,0.0,0.0,0.0009421316223865606,0.003379616696534891,0.00407907817129754,0.02644495854733059,0.0,0.018639430704100957,0.0026853269260753397,0.0,0.0,0.0,0.0,0.0,0.0,0.002379223065964902,0.0,0.0,0.0009027299887539406,0.0067935115370468336,0.018639430704100957,0.0,0.044104232782019824,0.0,0.0,0.0,0.0,0.0,0.0,0.0007335296286809247,0.00032806388061028323,0.0018152777414816097,0.0033800071438598867,0.001636142906540598,0.0026853269260753397,0.044104232782019824,0.0
36.0,0.0,0.3415635421227999,0.3135006193068574,0.0885060398660649,0.0578289910671861,0.043412630514686266,0.016831473460756613,0.0,0.0,0.00749643097948738,0.008088186617866967,0.0,0.0,0.0,0.3415635421227999,0.0,0.8425231809205368,0.25762172687506,0.17473853864032085,0.12360942384513715,0.049881938133522055,0.0,0.006420192771832485,0.03196267759986236,0.03196646721096085,0.0,0.0,0.0,0.3135006193068574,0.8425231809205368,0.0,0.23541772242251985,0.16058776861210308,0.10960337376009097,0.04574816058813497,0.001005189483984966,0.00916610486279476,0.03442145448438013,0.036979772421055365,0.012345615042472734,0.0,0.0,0.0885060398660649,0.25762172687506,0.23541772242251985,0.0,0.031022447162320617,0.02341982366501214,0.006302628776301338,0.0,0.0,0.0070351735718190015,0.006182298222584181,0.0,0.0,0.0,0.0578289910671861,0.17473853864032085,0.16058776861210308,0.031022447162320617,0.0,0.008752713864437118,0.0022210827609216053,0.0,0.0,0.0027488544320125514,0.003537943461174977,0.0,0.0,0.0,0.043412630514686266,0.12360942384513715,0.10960337376009097,0.02341982366501214,0.008752713864437118,0.0,0.0006961263835278202,0.0,0.0,0.0017461653184598267,0.001955425481695347,0.0,0.0,0.0001469276716346468,0.016831473460756613,0.049881938133522055,0.04574816058813497,0.006302628776301338,0.0022210827609216053,0.0006961263835278202,0.0,0.03273364050612426,0.0,0.0,0.0,0.0,0.0019424710405598746,0.0005106645768134918,0.0,0.0,0.001005189483984966,0.0,0.0,0.0,0.03273364050612426,0.0,0.02354998658984942,0.001720044589590015,0.0,0.0032600821660886807,0.0,0.0013749948227881135,0.0,0.006420192771832485,0.00916610486279476,0.0,0.0,0.0,0.0,0.02354998658984942,0.0,0.030821468547513324,0.0,0.0010967807354099394,0.0,0.00379430936527301,0.00749643097948738,0.03196267759986236,0.03442145448438013,0.0070351735718190015,0.0027488544320125514,0.0017461653184598267,0.0,0.001720044589590015,0.030821468547513324,0.0,0.017210617511387125,0.0032417467750490495,0.0020636301003753503,0.001937522182482209,0.008088186617866967,0.03196646721096085,0.036979772421055365,0.006182298222584181,0.003537943461174977,0.001955425481695347,0.0,0.0,0.0,0.017210617511387125,0.0,0.03105345962573852,0.00027200162134173665,0.0025384166997209894,0.0,0.0,0.012345615042472734,0.0,0.0,0.0,0.0,0.0032600821660886807,0.0010967807354099394,0.0032417467750490495,0.03105345962573852,0.0,0.03419958535870789,0.014659282796747795,0.0,0.0,0.0,0.0,0.0,0.0,0.0019424710405598746,0.0,0.0,0.0020636301003753503,0.00027200162134173665,0.03419958535870789,0.0,0.02370921031728667,0.0,0.0,0.0,0.0,0.0,0.0001469276716346468,0.0005106645768134918,0.0013749948227881135,0.00379430936527301,0.001937522182482209,0.0025384166997209894,0.014659282796747795,0.02370921031728667,0.0
37.0,0.0,0.47371472748334265,0.0,0.10610552807484504,0.07038925185603716,0.03792838002625659,0.021302277259074635,0.01594486779626057,0.011160612255788656,0.013518126794104105,0.01390903128444367,0.00149680957459145,0.0,0.0,0.47371472748334265,0.0,0.052789490126835856,0.4344586603785971,0.2844793277758319,0.18026503832907972,0.09575357133534242,0.0738770608000066,0.06192065944341043,0.06022489079582084,0.0653436111453498,0.03246490231474725,0.0,0.0,0.0,0.052789490126835856,0.0,0.008687817157523856,0.0,0.0,0.0,0.0,0.0,0.0,0.0,0.0,0.0,0.0,0.10610552807484504,0.4344586603785971,0.008687817157523856,0.0,0.05037226835280137,0.03333274197739621,0.01553451976089449,0.012980595234526163,0.008776266166555623,0.00784672193590754,0.009916055205946532,0.0,0.0,0.0,0.07038925185603716,0.2844793277758319,0.0,0.05037226835280137,0.0,0.003379186813051667,0.0048464284590262275,0.0041070383207516626,0.004694592580992747,0.005273771543769383,0.005653606409012788,0.0,0.0004579093932966336,0.0,0.03792838002625659,0.18026503832907972,0.0,0.03333274197739621,0.003379186813051667,0.0,0.011440330802437853,0.0001345950824176768,0.0,0.0,0.0017088250925524284,0.0,0.000411494259888063,0.0,0.021302277259074635,0.09575357133534242,0.0,0.01553451976089449,0.0048464284590262275,0.011440330802437853,0.0,0.025972124659017392,0.0,0.00013462002041323649,0.0,0.0,0.0,0.002870532460422184,0.01594486779626057,0.0738770608000066,0.0,0.012980595234526163,0.0041070383207516626,0.0001345950824176768,0.025972124659017392,0.0,0.020089799868013635,0.0,0.0,0.0,0.0,0.0,0.011160612255788656,0.06192065944341043,0.0,0.008776266166555623,0.004694592580992747,0.0,0.0,0.020089799868013635,0.0,0.011350854928186698,0.0003023708781123687,0.0,0.0,0.00012749059203324433,0.013518126794104105,0.06022489079582084,0.0,0.00784672193590754,0.005273771543769383,0.0,0.00013462002041323649,0.0,0.011350854928186698,0.0,0.020063971211327646,0.0,0.0071151246680821525,0.003749123113352855,0.01390903128444367,0.0653436111453498,0.0,0.009916055205946532,0.005653606409012788,0.0017088250925524284,0.0,0.0,0.0003023708781123687,0.020063971211327646,0.0,0.02106616713686096,0.0076485742724695955,0.0007794207692903211,0.00149680957459145,0.03246490231474725,0.0,0.0,0.0,0.0,0.0,0.0,0.0,0.0,0.02106616713686096,0.0,0.016918234630486674,0.00952387965526411,0.0,0.0,0.0,0.0,0.0004579093932966336,0.000411494259888063,0.0,0.0,0.0,0.0071151246680821525,0.0076485742724695955,0.016918234630486674,0.0,0.005121711999480512,0.0,0.0,0.0,0.0,0.0,0.0,0.002870532460422184,0.0,0.00012749059203324433,0.003749123113352855,0.0007794207692903211,0.00952387965526411,0.005121711999480512,0.0
38.0,0.0,0.2823489717830512,0.26290828596282007,0.06330605579450115,0.0024955106716054274,0.0,0.009875152921808576,0.011871656216477162,0.0,0.016388173239729825,0.010767410470100696,0.004374745786077362,0.0,0.0,0.2823489717830512,0.0,0.8808903852360775,0.23918686288220295,0.061377295303879614,0.008169181770128025,0.04007429430294802,0.05418917488850475,0.01881768134150586,0.07204202308758241,0.04310204545487872,0.018210539263513955,0.0,0.0,0.26290828596282007,0.8808903852360775,0.0,0.22334302797924932,0.061221646098167715,0.013002511276403967,0.03736154111991974,0.04944357314955464,0.01983493048110504,0.06963126883274823,0.04529120873397714,0.019895383464887107,0.0,0.0,0.06330605579450115,0.23918686288220295,0.22334302797924932,0.0,0.0,0.0,0.0011242475715306365,0.006178142848577179,0.0015265261379923416,0.016208500486188004,0.008721062867423692,0.0,0.0,0.0,0.0024955106716054274,0.061377295303879614,0.061221646098167715,0.0,0.0,0.028072279957475042,0.00045693611306080076,0.0,0.0,0.0,0.0,0.0,0.00022831536829177944,0.0,0.0,0.008169181770128025,0.013002511276403967,0.0,0.028072279957475042,0.0,0.03179826635827736,0.0,0.0010282893971994883,0.0,0.0,0.0004890537843140311,0.0010934326640874477,0.000853180595239028,0.009875152921808576,0.04007429430294802,0.03736154111991974,0.0011242475715306365,0.00045693611306080076,0.03179826635827736,0.0,0.0009986540732448413,0.0,0.0,0.0,0.0,0.0,0.0008282999066299677,0.011871656216477162,0.05418917488850475,0.04944357314955464,0.006178142848577179,0.0,0.0,0.0009986540732448413,0.0,0.018278172592974984,0.0,0.00034591869078879516,0.0,6.820953237198749e-05,0.000706303285974157,0.0,0.01881768134150586,0.01983493048110504,0.0015265261379923416,0.0,0.0010282893971994883,0.0,0.018278172592974984,0.0,0.016977892092408884,0.0013670685545694441,0.0034783460433120833,0.0,0.004261934740674733,0.016388173239729825,0.07204202308758241,0.06963126883274823,0.016208500486188004,0.0,0.0,0.0,0.0,0.016977892092408884,0.0,0.02642985799341397,0.0,0.0006685945288628238,0.001815479020691489,0.010767410470100696,0.04310204545487872,0.04529120873397714,0.008721062867423692,0.0,0.0,0.0,0.00034591869078879516,0.0013670685545694441,0.02642985799341397,0.0,0.021213684280326186,0.0,0.00025565936963361905,0.004374745786077362,0.018210539263513955,0.019895383464887107,0.0,0.0,0.0004890537843140311,0.0,0.0,0.0034783460433120833,0.0,0.021213684280326186,0.0,0.01897713350956641,0.005403988967995186,0.0,0.0,0.0,0.0,0.00022831536829177944,0.0010934326640874477,0.0,6.820953237198749e-05,0.0,0.0006685945288628238,0.0,0.01897713350956641,0.0,0.029909655490574796,0.0,0.0,0.0,0.0,0.0,0.000853180595239028,0.0008282999066299677,0.000706303285974157,0.004261934740674733,0.001815479020691489,0.00025565936963361905,0.005403988967995186,0.029909655490574796,0.0
39.0,0.0,0.3628229396520896,0.08198045257406814,0.05183029049275047,0.024578499783377315,0.0,0.0,0.0,0.0,0.0,0.02878946249354206,0.0051458778545465395,0.0,0.0,0.3628229396520896,0.0,0.44211857048538117,0.2743383897922673,0.15764913662059152,0.001390744614370584,0.038445899069809414,0.0315201011947293,0.015307582041850981,0.026609822436973105,0.15443273686186246,0.05719188646286412,0.0,0.0,0.08198045257406814,0.44211857048538117,0.0,0.04279702849629243,0.01954379878338851,0.0,0.0,0.0,0.0,0.0,0.025135092285935877,0.0,0.0,0.0,0.05183029049275047,0.2743383897922673,0.04279702849629243,0.0,0.006385950321552568,0.0,0.0,0.0,0.0,0.0,0.017986135232072566,0.003144418218233091,0.0,0.0,0.024578499783377315,0.15764913662059152,0.01954379878338851,0.006385950321552568,0.0,0.037936095250179776,0.0,0.0,0.0,0.0,0.00913341255700826,0.0,0.0,0.0,0.0,0.001390744614370584,0.0,0.0,0.037936095250179776,0.0,0.01085494057355717,0.002932950691009243,0.00047335196234513576,0.0,0.0,0.0,0.0007892605991042262,0.0,0.0,0.038445899069809414,0.0,0.0,0.0,0.01085494057355717,0.0,0.027377615655674575,0.0030373865861235733,0.00033986803342625027,0.0,0.0,0.0,0.0005817814210062713,0.0,0.0315201011947293,0.0,0.0,0.0,0.002932950691009243,0.027377615655674575,0.0,0.024231280586209308,0.003080050860927536,0.0,0.0,0.0,0.0008005655470786487,0.0,0.015307582041850981,0.0,0.0,0.0,0.00047335196234513576,0.0030373865861235733,0.024231280586209308,0.0,0.029231668820053486,0.0,0.001370710182232161,0.0006325063789500607,0.0034386581873026654,0.0,0.026609822436973105,0.0,0.0,0.0,0.0,0.00033986803342625027,0.003080050860927536,0.029231668820053486,0.0,0.006211109692202139,0.006251488165319401,0.0010901034614650327,0.004308780902559352,0.02878946249354206,0.15443273686186246,0.025135092285935877,0.017986135232072566,0.00913341255700826,0.0,0.0,0.0,0.0,0.006211109692202139,0.0,0.017242787207244897,0.0006901070608150545,0.0,0.0051458778545465395,0.05719188646286412,0.0,0.003144418218233091,0.0,0.0,0.0,0.0,0.001370710182232161,0.006251488165319401,0.017242787207244897,0.0,0.034173917578540304,0.009114932850801574,0.0,0.0,0.0,0.0,0.0,0.0007892605991042262,0.0,0.0,0.0006325063789500607,0.0010901034614650327,0.0006901070608150545,0.034173917578540304,0.0,0.04582279282324537,0.0,0.0,0.0,0.0,0.0,0.0,0.0005817814210062713,0.0008005655470786487,0.0034386581873026654,0.004308780902559352,0.0,0.009114932850801574,0.04582279282324537,0.0
40.0,0.0,0.16998694548369903,0.10011605846835928,0.0674317910353952,0.027969834582963444,0.010184144658293917,0.0026177965752391874,0.0,0.0016211830063394411,0.0060380702426483385,0.009955515444328957,0.0014992658436744632,0.0,0.0,0.16998694548369903,0.0,0.7347862593081601,0.5105869687375819,0.21426361133543265,0.09623468560028095,0.046472979916184605,0.008345257888915155,0.03521580120671192,0.06316994978645506,0.08425963115273816,0.031601686405336483,0.0,0.0,0.10011605846835928,0.7347862593081601,0.0,0.3205441511353589,0.12950499174936825,0.05785058518902668,0.025484691633807382,0.0010475510181727405,0.022609070620180347,0.042569356174516036,0.054181720699747624,0.018796771375252944,0.0,0.0,0.0674317910353952,0.5105869687375819,0.3205441511353589,0.0,0.07691256821029971,0.038529483036081925,0.02106805539107226,0.0057744069943036335,0.01587886781473717,0.03076850259758732,0.03747245459962549,0.01001121108640533,0.0,0.0,0.027969834582963444,0.21426361133543265,0.12950499174936825,0.07691256821029971,0.0,0.00728483551862111,0.0030665570003977653,0.0,0.003715086465913789,0.009983444814103012,0.01326883539669551,0.0,0.0,0.0,0.010184144658293917,0.09623468560028095,0.05785058518902668,0.038529483036081925,0.00728483551862111,0.0,0.02486753435684607,0.0,0.0,0.004148470051702426,0.003912563900159742,0.0,0.0,0.0,0.0026177965752391874,0.046472979916184605,0.025484691633807382,0.02106805539107226,0.0030665570003977653,0.02486753435684607,0.0,0.030387895129948737,0.0,0.0,0.0,0.0,0.0,0.0,0.0,0.008345257888915155,0.0010475510181727405,0.0057744069943036335,0.0,0.0,0.030387895129948737,0.0,0.017184913340569322,0.0021311168188665537,0.0,0.00028944661897998837,0.0,0.0006648033086711285,0.0016211830063394411,0.03521580120671192,0.022609070620180347,0.01587886781473717,0.003715086465913789,0.0,0.0,0.017184913340569322,0.0,0.019559618148578276,0.0,0.0,0.002294966498137616,0.003042896054366989,0.0060380702426483385,0.06316994978645506,0.042569356174516036,0.03076850259758732,0.009983444814103012,0.004148470051702426,0.0,0.0021311168188665537,0.019559618148578276,0.0,0.02689225677558373,0.0,0.0016199174387111048,7.060797033304513e-05,0.009955515444328957,0.08425963115273816,0.054181720699747624,0.03747245459962549,0.01326883539669551,0.003912563900159742,0.0,0.0,0.0,0.02689225677558373,0.0,0.009911195399721061,0.0029746856335968927,0.0021100704400428137,0.0014992658436744632,0.031601686405336483,0.018796771375252944,0.01001121108640533,0.0,0.0,0.0,0.00028944661897998837,0.0,0.0,0.009911195399721061,0.0,0.01928910533639524,0.012022060818132719,0.0,0.0,0.0,0.0,0.0,0.0,0.0,0.0,0.002294966498137616,0.0016199174387111048,0.0029746856335968927,0.01928910533639524,0.0,0.046605999184843816,0.0,0.0,0.0,0.0,0.0,0.0,0.0,0.0006648033086711285,0.003042896054366989,7.060797033304513e-05,0.0021100704400428137,0.012022060818132719,0.046605999184843816,0.0
41.0,0.0,0.16744015583365335,0.02830128378237896,0.009646121011414125,0.013228285867154237,0.0042749362806395515,0.0,0.0,0.007320203428871078,0.007068018406085116,0.0,0.0,0.0,0.0,0.16744015583365335,0.0,0.4588108114561447,0.21137936248259084,0.2274638665052679,0.12263724628060761,0.05451667844171321,0.049109435246922996,0.14612732513899104,0.13617901584324368,0.01174504704094512,0.022367707073073187,0.0,0.0,0.02830128378237896,0.4588108114561447,0.0,0.011672124662414175,0.02863008720509607,0.01490560313765791,0.005504953248497319,0.0019244069241146954,0.026497302388315963,0.022597828208080598,0.0,0.0,0.0,0.0,0.009646121011414125,0.21137936248259084,0.011672124662414175,0.0,0.0,0.004592401358626543,0.0,0.0,0.012595640176189018,0.011969364255604095,0.0,0.0,0.0,0.0,0.013228285867154237,0.2274638665052679,0.02863008720509607,0.0,0.0,0.002740845871175844,0.0,0.0,0.012185154723010136,0.012676339889140048,0.0,0.0,0.0,0.0,0.0042749362806395515,0.12263724628060761,0.01490560313765791,0.004592401358626543,0.002740845871175844,0.0,0.023198618742238084,0.0,0.003979737170498445,0.0051562498946021995,0.0,0.0,0.0,0.0,0.0,0.05451667844171321,0.005504953248497319,0.0,0.0,0.023198618742238084,0.0,0.009410629786157166,0.0,0.0,0.0003723424421501533,0.0002455178419495999,0.0,0.0012266120187637741,0.0,0.049109435246922996,0.0019244069241146954,0.0,0.0,0.0,0.009410629786157166,0.0,0.007317327570090458,0.0,0.0028739749628021003,0.003018129871704705,0.0,0.0011962202813360432,0.007320203428871078,0.14612732513899104,0.026497302388315963,0.012595640176189018,0.012185154723010136,0.003979737170498445,0.0,0.007317327570090458,0.0,0.0008386353633941725,0.003543237434279456,0.0015521819162647459,0.0,0.0,0.007068018406085116,0.13617901584324368,0.022597828208080598,0.011969364255604095,0.012676339889140048,0.0051562498946021995,0.0,0.0,0.0008386353633941725,0.0,0.011068205999285189,0.005034934407054069,0.0,0.0006672482713038054,0.0,0.01174504704094512,0.0,0.0,0.0,0.0,0.0003723424421501533,0.0028739749628021003,0.003543237434279456,0.011068205999285189,0.0,0.01581714852992149,0.006270733033637987,0.00021814908106642224,0.0,0.022367707073073187,0.0,0.0,0.0,0.0,0.0002455178419495999,0.003018129871704705,0.0015521819162647459,0.005034934407054069,0.01581714852992149,0.0,0.015128779836375712,0.0012209359067678765,0.0,0.0,0.0,0.0,0.0,0.0,0.0,0.0,0.0,0.0,0.006270733033637987,0.015128779836375712,0.0,0.03808951096043853,0.0,0.0,0.0,0.0,0.0,0.0,0.0012266120187637741,0.0011962202813360432,0.0,0.0006672482713038054,0.00021814908106642224,0.0012209359067678765,0.03808951096043853,0.0
42.0,0.0,0.0003832076152418206,0.0057822621628101254,0.0016375514452354805,0.0,0.0,0.0003335031828279352,0.0,0.0,0.0,0.0,0.0,0.0,0.0,0.0003832076152418206,0.0,0.845639791933,0.29660886190661034,0.21357874814581626,0.08589090554765565,0.024535779810142568,0.04845583961187348,0.07534025031502618,0.08217146326253767,0.06590177649069409,0.022928078342368777,0.0,0.0,0.0057822621628101254,0.845639791933,0.0,0.17835292849646922,0.12607700393421922,0.05101853955306911,0.015435744540487647,0.031626925443184725,0.04947408588249397,0.05578597275669242,0.046544358085268626,0.01046761963567901,0.0,0.0,0.0016375514452354805,0.29660886190661034,0.17835292849646922,0.0,0.01417074046618441,0.00340201568248319,0.0,0.006444748051038835,0.01682472990851764,0.01812668165338738,0.014360889326080515,0.0007039722403579501,0.0,0.0,0.0,0.21357874814581626,0.12607700393421922,0.01417074046618441,0.0,0.001959968110999487,0.0,0.0020040723656554937,0.009030358130864304,0.012485612739476043,0.007824565079283944,0.0,0.0,0.0,0.0,0.08589090554765565,0.05101853955306911,0.00340201568248319,0.001959968110999487,0.0,0.008950962074601339,0.0,0.0015891502924589523,0.00035530231184753894,0.0,0.0,0.00024033123671727695,0.0007217701448577888,0.0003335031828279352,0.024535779810142568,0.015435744540487647,0.0,0.0,0.008950962074601339,0.0,0.02623039046085585,0.0011728421849466681,0.0,0.0,0.0,0.0,0.002514020257866286,0.0,0.04845583961187348,0.031626925443184725,0.006444748051038835,0.0020040723656554937,0.0,0.02623039046085585,0.0,0.027494826394943068,0.0,0.0,0.0,0.0,0.0,0.0,0.07534025031502618,0.04947408588249397,0.01682472990851764,0.009030358130864304,0.0015891502924589523,0.0011728421849466681,0.027494826394943068,0.0,0.025892559773684595,0.0,0.0,0.0,0.0,0.0,0.08217146326253767,0.05578597275669242,0.01812668165338738,0.012485612739476043,0.00035530231184753894,0.0,0.0,0.025892559773684595,0.0,0.023168298845119128,0.0,0.0,0.0018595910584063144,0.0,0.06590177649069409,0.046544358085268626,0.014360889326080515,0.007824565079283944,0.0,0.0,0.0,0.0,0.023168298845119128,0.0,0.005683236609340171,0.006605138637590504,0.0006981351463373304,0.0,0.022928078342368777,0.01046761963567901,0.0007039722403579501,0.0,0.0,0.0,0.0,0.0,0.0,0.005683236609340171,0.0,0.03467663174657035,0.017628751352890732,0.0,0.0,0.0,0.0,0.0,0.00024033123671727695,0.0,0.0,0.0,0.0,0.006605138637590504,0.03467663174657035,0.0,0.023527609050452022,0.0,0.0,0.0,0.0,0.0,0.0007217701448577888,0.002514020257866286,0.0,0.0,0.0018595910584063144,0.0006981351463373304,0.017628751352890732,0.023527609050452022,0.0
43.0,0.0,0.06050311323637795,0.0,0.0020747396949666263,0.0,0.0,0.0,0.0,0.0,0.0,0.0,0.0,0.0,0.0,0.06050311323637795,0.0,0.4425905829486083,0.5576539217009249,0.20214829288908617,0.0896869886038071,0.08453711425292139,0.07389748893311229,0.052866127823226056,0.013834341856245855,0.15936080183999465,0.06202157503069098,0.0010225413818747593,0.0,0.0,0.4425905829486083,0.0,0.13252617794828142,0.037575023887514894,0.012128363629570291,0.008927103248266708,0.004378036826091621,0.0020835209690470468,0.0,0.03918755054973057,0.01184576419486798,0.0,0.0,0.0020747396949666263,0.5576539217009249,0.13252617794828142,0.0,0.045550316868811176,0.021252560393556538,0.022713841519700906,0.019614986961369818,0.012847660447206822,0.0,0.050495830288709215,0.014212440398273987,0.0,0.0,0.0,0.20214829288908617,0.037575023887514894,0.045550316868811176,0.0,0.000854298182364896,0.0,0.003874744046300463,0.002657503087288614,0.0,0.015191650363761303,0.0036296166523841515,0.0,0.0,0.0,0.0896869886038071,0.012128363629570291,0.021252560393556538,0.000854298182364896,0.0,0.023472203066892645,0.0,0.0,0.0,0.0021522795616267347,0.0,0.0006928337536121982,0.0,0.0,0.08453711425292139,0.008927103248266708,0.022713841519700906,0.0,0.023472203066892645,0.0,0.019453028616792253,0.0005452861706743666,0.0,0.0025083122429381934,0.0,0.0,0.0013990345685385825,0.0,0.07389748893311229,0.004378036826091621,0.019614986961369818,0.003874744046300463,0.0,0.019453028616792253,0.0,0.023328213620057596,0.0031403224228884192,0.0019808237172197303,0.0,0.0,0.0,0.0,0.052866127823226056,0.0020835209690470468,0.012847660447206822,0.002657503087288614,0.0,0.0005452861706743666,0.023328213620057596,0.0,0.022653737785770452,0.0012695392456568788,0.0,0.0,0.0017165886277234308,0.0,0.013834341856245855,0.0,0.0,0.0,0.0,0.0,0.0031403224228884192,0.022653737785770452,0.0,0.013685148390629875,0.006672985375136469,0.005504696639482048,0.0031402423338448295,0.0,0.15936080183999465,0.03918755054973057,0.050495830288709215,0.015191650363761303,0.0021522795616267347,0.0025083122429381934,0.0019808237172197303,0.0012695392456568788,0.013685148390629875,0.0,0.0,0.0,0.003448322382396515,0.0,0.06202157503069098,0.01184576419486798,0.014212440398273987,0.0036296166523841515,0.0,0.0,0.0,0.0,0.006672985375136469,0.0,0.0,0.02343459940765008,0.01328386813525558,0.0,0.0010225413818747593,0.0,0.0,0.0,0.0006928337536121982,0.0,0.0,0.0,0.005504696639482048,0.0,0.02343459940765008,0.0,0.011209469909166239,0.0,0.0,0.0,0.0,0.0,0.0,0.0013990345685385825,0.0,0.0017165886277234308,0.0031402423338448295,0.003448322382396515,0.01328386813525558,0.011209469909166239,0.0
44.0,0.0,0.1551099560481476,0.09537164529748722,0.003637240429893147,0.007374691609720055,0.0,0.0,0.005242929526388353,0.0010638073690557867,0.0,0.008463372469475127,0.0011190445878306115,0.0,0.0,0.1551099560481476,0.0,0.8860367401085592,0.11469990933825581,0.1556127217051488,0.04387087951582155,0.01942206513234291,0.06578847088549951,0.05552301251103517,0.05037267071928464,0.11594437783787158,0.05612268665702103,0.0,0.0,0.09537164529748722,0.8860367401085592,0.0,0.07168050042117066,0.10383841961267824,0.022908084649120107,0.003997215197265504,0.03792620240211843,0.032874315572124335,0.03327293738460345,0.07753876989332484,0.034325843606737905,0.0,0.0,0.003637240429893147,0.11469990933825581,0.07168050042117066,0.0,0.013444863889169005,0.0,0.0,0.0,0.0,0.0004456312911482491,0.0074075876420822955,0.0,0.0,0.0,0.007374691609720055,0.1556127217051488,0.10383841961267824,0.013444863889169005,0.0,0.012185910246100155,0.0007384750638672158,0.0027110136305550044,0.001478905811286288,0.0008908972467183034,0.01176563078498306,0.00027359453770973123,0.0,0.0,0.0,0.04387087951582155,0.022908084649120107,0.0,0.012185910246100155,0.0,0.020429137576833255,0.002964353380762298,0.0,0.0,0.0,0.0,0.000670609924552054,0.0002251664017453197,0.0,0.01942206513234291,0.003997215197265504,0.0,0.0007384750638672158,0.020429137576833255,0.0,0.014234593981246156,0.0016881969389327483,1.3042430109782481e-05,0.0,0.0,0.0025034631866459305,0.001897675726668437,0.005242929526388353,0.06578847088549951,0.03792620240211843,0.0,0.0027110136305550044,0.002964353380762298,0.014234593981246156,0.0,0.010612098808410669,0.0004000905159515468,0.000742064594660618,0.0,0.0,1.71874613408685e-05,0.0010638073690557867,0.05552301251103517,0.032874315572124335,0.0,0.001478905811286288,0.0,0.0016881969389327483,0.010612098808410669,0.0,0.004759340409046751,0.0006939997799527162,0.000664286765037127,0.0,0.002661863297017608,0.0,0.05037267071928464,0.03327293738460345,0.0004456312911482491,0.0008908972467183034,0.0,1.3042430109782481e-05,0.0004000905159515468,0.004759340409046751,0.0,0.02185954587018073,0.003284089435721318,0.0018969465278854789,6.0648421500926345e-05,0.008463372469475127,0.11594437783787158,0.07753876989332484,0.0074075876420822955,0.01176563078498306,0.0,0.0,0.000742064594660618,0.0006939997799527162,0.02185954587018073,0.0,0.007007035984898808,0.01172667246237882,0.0007319047359985757,0.0011190445878306115,0.05612268665702103,0.034325843606737905,0.0,0.00027359453770973123,0.0,0.0,0.0,0.000664286765037127,0.003284089435721318,0.007007035984898808,0.0,0.006780479308049858,0.005183311144543878,0.0,0.0,0.0,0.0,0.0,0.000670609924552054,0.0025034631866459305,0.0,0.0,0.0018969465278854789,0.01172667246237882,0.006780479308049858,0.0,0.022152409624448498,0.0,0.0,0.0,0.0,0.0,0.0002251664017453197,0.001897675726668437,1.71874613408685e-05,0.002661863297017608,6.0648421500926345e-05,0.0007319047359985757,0.005183311144543878,0.022152409624448498,0.0
45.0,0.0,0.2339030857441492,0.11623068552960632,0.024523080143341536,0.016030912105320497,0.006322000234990111,0.0,0.007468028775478922,0.010317952931540485,0.0031036584322011425,0.013494222760543247,0.0001658670799408301,0.0,0.0,0.2339030857441492,0.0,0.7737230840586733,0.21090863222468012,0.18165636046141204,0.0974358138495201,0.0,0.07491821454146698,0.08589286577350326,0.03846940571273265,0.09810807643365987,0.03684652992263468,0.0,0.0,0.11623068552960632,0.7737230840586733,0.0,0.09974600371509132,0.09411086652685483,0.04231899479960601,0.0,0.03682364020192214,0.04564772858977832,0.01967439360175883,0.05173056885145659,0.01868397092339418,0.0,0.0,0.024523080143341536,0.21090863222468012,0.09974600371509132,0.0,0.0,0.0,7.651646139431902e-06,0.0067010871414305145,0.009878826203129364,0.0018477906403819911,0.009168804900641246,0.0,0.0,0.0,0.016030912105320497,0.18165636046141204,0.09411086652685483,0.0,0.0,0.02022740546430678,0.0,0.004750234818630201,0.006735771320735195,0.00151757284046195,0.009814117107914811,0.0004346731218930667,0.0,0.0,0.006322000234990111,0.0974358138495201,0.04231899479960601,0.0,0.02022740546430678,0.0,0.01631193361870155,0.0,0.0008448167452775513,0.0,0.002098206870703363,0.0,0.0,0.0,0.0,0.0,0.0,7.651646139431902e-06,0.0,0.01631193361870155,0.0,0.03260890844546892,0.0,0.0,0.0,2.915543365859894e-05,0.0,0.0015098444915290265,0.007468028775478922,0.07491821454146698,0.03682364020192214,0.0067010871414305145,0.004750234818630201,0.0,0.03260890844546892,0.0,0.013579551949518449,0.0,0.0028907143373024533,0.0,0.0,0.0,0.010317952931540485,0.08589286577350326,0.04564772858977832,0.009878826203129364,0.006735771320735195,0.0008448167452775513,0.0,0.013579551949518449,0.0,0.02726108421615872,0.0006698100437423494,0.0,0.00021553533405009942,0.0006098332822334271,0.0031036584322011425,0.03846940571273265,0.01967439360175883,0.0018477906403819911,0.00151757284046195,0.0,0.0,0.0,0.02726108421615872,0.0,0.020169896565770885,0.0,0.0,0.0012427618932685828,0.013494222760543247,0.09810807643365987,0.05173056885145659,0.009168804900641246,0.009814117107914811,0.002098206870703363,0.0,0.0028907143373024533,0.0006698100437423494,0.020169896565770885,0.0,0.012631396054113045,0.001532185457133203,0.0017987705053657548,0.0001658670799408301,0.03684652992263468,0.01868397092339418,0.0,0.0004346731218930667,0.0,2.915543365859894e-05,0.0,0.0,0.0,0.012631396054113045,0.0,0.028761184629333726,0.014461787106109982,0.0,0.0,0.0,0.0,0.0,0.0,0.0,0.0,0.00021553533405009942,0.0,0.001532185457133203,0.028761184629333726,0.0,0.03699738544215063,0.0,0.0,0.0,0.0,0.0,0.0,0.0015098444915290265,0.0,0.0006098332822334271,0.0012427618932685828,0.0017987705053657548,0.014461787106109982,0.03699738544215063,0.0
46.0,0.0,0.32440711580255516,0.12038888705688819,0.11249744966604713,0.03278375954526809,0.0,0.0,0.009532798828764717,0.020397691441320892,0.024766361046044707,0.0006665986961747533,0.0016659924392230141,0.0,0.0,0.32440711580255516,0.0,0.5998954607428526,0.5160692575519595,0.2051991567279752,0.018884027411830397,0.015623877177526505,0.06289106683276889,0.09902717703156969,0.12128181286689048,0.02114185242444376,0.01594748772404416,0.0,0.0,0.12038888705688819,0.5998954607428526,0.0,0.21151818246153356,0.07734758968047008,0.0,0.0007312071613887823,0.026413282372766717,0.04267377111875825,0.054766434055854275,0.0,0.0,0.0,0.0,0.11249744966604713,0.5160692575519595,0.21151818246153356,0.0,0.06449253371792943,0.0,0.002426359281822639,0.02131380415459791,0.03782098712154129,0.047392361203710404,0.0,0.0,0.0,0.0,0.03278375954526809,0.2051991567279752,0.07734758968047008,0.06449253371792943,0.0,0.021915482404880685,0.0,9.489739962159724e-05,0.011691304745527951,0.015754302066168117,0.0,0.0,0.0,0.0,0.0,0.018884027411830397,0.0,0.0,0.021915482404880685,0.0,0.031549159534113344,0.0,0.0,0.0,0.0012956518012045982,0.0,0.0011148252779606357,0.0007238648247535051,0.0,0.015623877177526505,0.0007312071613887823,0.002426359281822639,0.0,0.031549159534113344,0.0,0.017473286320501887,0.0,0.0,0.0015514005703952754,0.0021334044950646986,0.0,0.0013519671131505023,0.009532798828764717,0.06289106683276889,0.026413282372766717,0.02131380415459791,9.489739962159724e-05,0.0,0.017473286320501887,0.0,0.012557973299687568,0.0017625874139346842,0.00014249627793005575,0.0004443261188161711,0.0,0.0,0.020397691441320892,0.09902717703156969,0.04267377111875825,0.03782098712154129,0.011691304745527951,0.0,0.0,0.012557973299687568,0.0,0.018425380098537093,0.0024666175633713365,0.0,0.0,0.0017856868292380698,0.024766361046044707,0.12128181286689048,0.054766434055854275,0.047392361203710404,0.015754302066168117,0.0,0.0,0.0017625874139346842,0.018425380098537093,0.0,0.007934623630748528,0.0006534503411614683,0.0,0.0,0.0006665986961747533,0.02114185242444376,0.0,0.0,0.0,0.0012956518012045982,0.0015514005703952754,0.00014249627793005575,0.0024666175633713365,0.007934623630748528,0.0,0.016682634903809338,0.009260676509551258,0.0044826121045908355,0.0016659924392230141,0.01594748772404416,0.0,0.0,0.0,0.0,0.0021334044950646986,0.0004443261188161711,0.0,0.0006534503411614683,0.016682634903809338,0.0,0.02537546453221141,0.00378063544263785,0.0,0.0,0.0,0.0,0.0,0.0011148252779606357,0.0,0.0,0.0,0.0,0.009260676509551258,0.02537546453221141,0.0,0.049275282623261696,0.0,0.0,0.0,0.0,0.0,0.0007238648247535051,0.0013519671131505023,0.0,0.0017856868292380698,0.0,0.0044826121045908355,0.00378063544263785,0.049275282623261696,0.0
47.0,0.0,0.3528222116163336,0.20851573990656816,0.04296862717506771,0.025654344217577126,0.016091441422167497,0.0037475148458987768,0.003808145689924484,0.016937328191719312,0.030170405425215475,0.020217522632233732,0.005973762686702019,0.0,0.0,0.3528222116163336,0.0,0.8058443961413113,0.18852469877015093,0.12771784848018625,0.06739355902230619,0.02459573919791575,0.022441987273717726,0.075232635221632,0.11457950632042413,0.07624311867634473,0.03569881428235041,0.0,0.0,0.20851573990656816,0.8058443961413113,0.0,0.10851923265842865,0.06087638113432041,0.0284042218560421,0.01606878831443074,0.015362449657169649,0.042680709938450766,0.07258739835790042,0.053275901195038736,0.016159651042836065,0.0,0.0,0.04296862717506771,0.18852469877015093,0.10851923265842865,0.0,0.0,0.0007928505008523055,0.0,0.0,0.0031446825600992506,0.01272512721161261,0.007176226715960844,0.0,0.0,0.0,0.025654344217577126,0.12771784848018625,0.06087638113432041,0.0,0.0,0.02471751364885798,0.001750005300790719,0.0,0.0029877603756300274,0.007737428006965675,0.003993708045858184,0.0,0.0,0.0,0.016091441422167497,0.06739355902230619,0.0284042218560421,0.0007928505008523055,0.02471751364885798,0.0,0.01080288771999908,0.0,0.0009705477976426253,0.0024112510998065585,0.0016688676180966222,0.0,0.0,0.0002735017910325129,0.0037475148458987768,0.02459573919791575,0.01606878831443074,0.0,0.001750005300790719,0.01080288771999908,0.0,0.014458906582000247,0.0,0.0,0.0,0.0,0.00016638187369021529,0.003601099880048853,0.003808145689924484,0.022441987273717726,0.015362449657169649,0.0,0.0,0.0,0.014458906582000247,0.0,0.01629433780640302,0.0,0.0,2.0853075797077367e-05,0.0,0.00018259106462334375,0.016937328191719312,0.075232635221632,0.042680709938450766,0.0031446825600992506,0.0029877603756300274,0.0009705477976426253,0.0,0.01629433780640302,0.0,0.00124881182936676,0.0012371386254687675,0.0,0.0,0.0,0.030170405425215475,0.11457950632042413,0.07258739835790042,0.01272512721161261,0.007737428006965675,0.0024112510998065585,0.0,0.0,0.00124881182936676,0.0,0.02389763813031797,0.0,0.0,0.00032105540523840966,0.020217522632233732,0.07624311867634473,0.053275901195038736,0.007176226715960844,0.003993708045858184,0.0016688676180966222,0.0,0.0,0.0012371386254687675,0.02389763813031797,0.0,0.015897083835638457,0.007423677188837669,0.0,0.005973762686702019,0.03569881428235041,0.016159651042836065,0.0,0.0,0.0,0.0,2.0853075797077367e-05,0.0,0.0,0.015897083835638457,0.0,0.009544693151110452,0.0048147063460623985,0.0,0.0,0.0,0.0,0.0,0.0,0.00016638187369021529,0.0,0.0,0.0,0.007423677188837669,0.009544693151110452,0.0,0.04705143164456979,0.0,0.0,0.0,0.0,0.0,0.0002735017910325129,0.003601099880048853,0.00018259106462334375,0.0,0.00032105540523840966,0.0,0.0048147063460623985,0.04705143164456979,0.0
48.0,0.0,0.45212246964519665,0.13380138745165743,0.09255619270698391,0.05862013666929293,0.027958797235144058,0.011817757047596168,0.007692149680182137,0.007886836360465256,0.0,0.047838540958209066,0.01456151802136228,0.0,0.0,0.45212246964519665,0.0,0.5071712564336011,0.34675284390571537,0.23770378040919315,0.10976415741967124,0.0536808181533669,0.04107454359789294,0.047077055667234344,0.0,0.16522641022381956,0.060147989557149624,0.0,0.0,0.13380138745165743,0.5071712564336011,0.0,0.08724727860447742,0.06476286741376155,0.030537287301233694,0.012642680522738075,0.00681195635259008,0.006130416933054265,0.0,0.04690378154368763,0.013105774792590267,0.0,0.0,0.09255619270698391,0.34675284390571537,0.08724727860447742,0.0,0.02533840345186825,0.01300065317495254,0.002874815790426458,0.0045479828837617295,0.004260181158226163,0.0,0.03224343310041117,0.00871327682941109,0.0,0.0,0.05862013666929293,0.23770378040919315,0.06476286741376155,0.02533840345186825,0.0,0.0,0.0,0.00017897154873777656,0.0020332515841921597,0.0,0.022591367884581177,0.005716667192088999,0.0,0.0,0.027958797235144058,0.10976415741967124,0.030537287301233694,0.01300065317495254,0.0,0.0,0.017825328828686468,0.0,0.0,0.0009210946279195483,0.006926090495140284,0.0,0.0,0.0,0.011817757047596168,0.0536808181533669,0.012642680522738075,0.002874815790426458,0.0,0.017825328828686468,0.0,0.03065146317918853,0.0017614842107279475,0.0017390798741599308,0.0003415998299364178,0.0,0.0,0.0007600018108575951,0.007692149680182137,0.04107454359789294,0.00681195635259008,0.0045479828837617295,0.00017897154873777656,0.0,0.03065146317918853,0.0,0.02418000358271995,0.004272109361270337,0.0,0.0,0.0,0.0004046878208436202,0.007886836360465256,0.047077055667234344,0.006130416933054265,0.004260181158226163,0.0020332515841921597,0.0,0.0017614842107279475,0.02418000358271995,0.0,0.020020422369279874,0.0,0.0,6.535632946081098e-05,0.0016157092491933059,0.0,0.0,0.0,0.0,0.0,0.0009210946279195483,0.0017390798741599308,0.004272109361270337,0.020020422369279874,0.0,0.006071713209516894,0.000169849614340609,0.0021829227747446884,0.0015796527032883273,0.047838540958209066,0.16522641022381956,0.04690378154368763,0.03224343310041117,0.022591367884581177,0.006926090495140284,0.0003415998299364178,0.0,0.0,0.006071713209516894,0.0,0.012948976507606385,0.0005273837001433857,0.0,0.01456151802136228,0.060147989557149624,0.013105774792590267,0.00871327682941109,0.005716667192088999,0.0,0.0,0.0,0.0,0.000169849614340609,0.012948976507606385,0.0,0.028244437676699624,0.009766267580531727,0.0,0.0,0.0,0.0,0.0,0.0,0.0,0.0,6.535632946081098e-05,0.0021829227747446884,0.0005273837001433857,0.028244437676699624,0.0,0.031797275226969686,0.0,0.0,0.0,0.0,0.0,0.0,0.0007600018108575951,0.0004046878208436202,0.0016157092491933059,0.0015796527032883273,0.0,0.009766267580531727,0.031797275226969686,0.0
49.0,0.0,0.3829955355637943,0.21128239791516162,0.14908172609844336,0.07007609902991253,0.04245912678043954,0.02373461727181645,0.007510943864010771,0.004052411542646182,0.01655276162486363,0.0298698027019082,0.011198871211180971,0.0,0.0,0.3829955355637943,0.0,0.651268500223232,0.45335377099662466,0.22901100524705928,0.1364321557501608,0.08367401051301354,0.030567830838578593,0.028231716648574528,0.06239580180268008,0.09311444573148714,0.034536054583670255,0.0,0.0,0.21128239791516162,0.651268500223232,0.0,0.25057158059548357,0.13200434204742054,0.07271860515935495,0.043378585991563454,0.011769382435632327,0.014127361786057498,0.03393461417998889,0.05500730690408605,0.02485992504464394,0.0,0.0,0.14908172609844336,0.45335377099662466,0.25057158059548357,0.0,0.0790402161666234,0.047536861995427664,0.03191310383905251,0.008183352060630361,0.009001843195541625,0.026791462840933533,0.038916983679083084,0.013147070531241858,0.0,0.0,0.07007609902991253,0.22901100524705928,0.13200434204742054,0.0790402161666234,0.0,0.016624479505442095,0.01169163891642532,0.0,0.00451466378923969,0.013165334969257465,0.01785241745264433,0.004296864577194248,0.0,0.0,0.04245912678043954,0.1364321557501608,0.07271860515935495,0.047536861995427664,0.016624479505442095,0.0,0.019932001462857785,0.0,0.0003616495986669512,0.00385214298093013,0.007951901666799738,0.002024400375709996,0.0,0.0,0.02373461727181645,0.08367401051301354,0.043378585991563454,0.03191310383905251,0.01169163891642532,0.019932001462857785,0.0,0.014765425620286717,0.0,0.0028598293549405474,0.005057769436792939,0.0,0.0,0.0014799580112605424,0.007510943864010771,0.030567830838578593,0.011769382435632327,0.008183352060630361,0.0,0.0,0.014765425620286717,0.0,0.02324717173900468,0.0,0.0,0.0,0.0003766269965712507,0.0005402224311605175,0.004052411542646182,0.028231716648574528,0.014127361786057498,0.009001843195541625,0.00451466378923969,0.0003616495986669512,0.0,0.02324717173900468,0.0,0.028468595385994666,0.0,0.0011732930007463623,0.0008610378950436969,0.00432431106903359,0.01655276162486363,0.06239580180268008,0.03393461417998889,0.026791462840933533,0.013165334969257465,0.00385214298093013,0.0028598293549405474,0.0,0.028468595385994666,0.0,0.021323853170064726,0.002476762766981883,0.0021538517598816823,0.005220736545014325,0.0298698027019082,0.09311444573148714,0.05500730690408605,0.038916983679083084,0.01785241745264433,0.007951901666799738,0.005057769436792939,0.0,0.0,0.021323853170064726,0.0,0.016930722497739786,0.009244021919461097,0.005328997870598014,0.011198871211180971,0.034536054583670255,0.02485992504464394,0.013147070531241858,0.004296864577194248,0.002024400375709996,0.0,0.0,0.0011732930007463623,0.002476762766981883,0.016930722497739786,0.0,0.027542052155542382,0.00995568520704123,0.0,0.0,0.0,0.0,0.0,0.0,0.0,0.0003766269965712507,0.0008610378950436969,0.0021538517598816823,0.009244021919461097,0.027542052155542382,0.0,0.005595268297735606,0.0,0.0,0.0,0.0,0.0,0.0,0.0014799580112605424,0.0005402224311605175,0.00432431106903359,0.005220736545014325,0.005328997870598014,0.00995568520704123,0.005595268297735606,0.0
50.0,0.0,0.47801570139968547,0.15629013062137845,0.030925457241314642,0.03779555347476929,0.017056638818475568,0.018550364073217324,0.007143117923829307,0.015453289895411667,0.031403104394128606,0.018369074656773683,0.008571610027312443,0.0,0.0,0.47801570139968547,0.0,0.5885797974670743,0.118573212102539,0.1376102373698321,0.08183256501655375,0.0784400029817833,0.0348645226027512,0.06358692975833388,0.11435265692666585,0.07070594038620955,0.04199072737468024,0.001660243734017416,0.0,0.15629013062137845,0.5885797974670743,0.0,0.03126309960575929,0.03908143618519626,0.01129490843468934,0.010623754680647036,0.0,0.016554216638399975,0.03420234648641152,0.015526432978220829,0.004112245088252629,0.0,0.0,0.030925457241314642,0.118573212102539,0.03126309960575929,0.0,0.018838180915091395,0.0,0.0,0.0009190457310881325,0.0,0.0030458300125105783,0.0,0.0,0.0,0.0,0.03779555347476929,0.1376102373698321,0.03908143618519626,0.018838180915091395,0.0,0.002588199272343261,0.0,0.0,0.0,0.005767965312351014,0.0009635640799218902,0.0,0.0,0.0,0.017056638818475568,0.08183256501655375,0.01129490843468934,0.0,0.002588199272343261,0.0,0.0076096941020002695,0.0,0.0,0.0011077872663492986,0.0,0.0,0.00045791603639933716,0.0,0.018550364073217324,0.0784400029817833,0.010623754680647036,0.0,0.0,0.0076096941020002695,0.0,0.018612386818537795,0.0,0.0013196145957167112,0.0,0.0,0.0,0.0,0.007143117923829307,0.0348645226027512,0.0,0.0009190457310881325,0.0,0.0,0.018612386818537795,0.0,0.01068216452812241,0.0,0.0,0.0,0.0,0.0024322523520281347,0.015453289895411667,0.06358692975833388,0.016554216638399975,0.0,0.0,0.0,0.0,0.01068216452812241,0.0,0.012734969164673243,0.0,0.0,0.0,0.004048597057772798,0.031403104394128606,0.11435265692666585,0.03420234648641152,0.0030458300125105783,0.005767965312351014,0.0011077872663492986,0.0013196145957167112,0.0,0.012734969164673243,0.0,0.005394224844021006,0.0,0.0037582004143476657,0.002072675472601915,0.018369074656773683,0.07070594038620955,0.015526432978220829,0.0,0.0009635640799218902,0.0,0.0,0.0,0.0,0.005394224844021006,0.0,0.03002385312169548,0.0011403535244816337,0.0,0.008571610027312443,0.04199072737468024,0.004112245088252629,0.0,0.0,0.0,0.0,0.0,0.0,0.0,0.03002385312169548,0.0,0.006602165561685554,0.008042572945089619,0.0,0.001660243734017416,0.0,0.0,0.0,0.00045791603639933716,0.0,0.0,0.0,0.0037582004143476657,0.0011403535244816337,0.006602165561685554,0.0,0.023247745069862265,0.0,0.0,0.0,0.0,0.0,0.0,0.0,0.0024322523520281347,0.004048597057772798,0.002072675472601915,0.0,0.008042572945089619,0.023247745069862265,0.0
51.0,0.0,0.325307463430256,0.26895340697996917,0.0972609545574402,0.033859271894960866,0.0,0.006064256022332385,0.0069878293064065695,0.00845136634363589,0.014265524685187611,0.020235979731919717,0.0074144301315481175,0.0,0.0,0.325307463430256,0.0,0.8269543086391575,0.31474452851859663,0.12529064982073232,0.0,0.01317676122412402,0.020350764726371758,0.02776300170917394,0.05067403490697484,0.06161466637195446,0.02324368918414548,0.0,0.0,0.26895340697996917,0.8269543086391575,0.0,0.2631783858014385,0.10718259771409329,0.0,0.013638759440632007,0.022683051406924212,0.026486677842579208,0.04321887269491339,0.052191537039827776,0.019590258323664903,0.0,0.0,0.0972609545574402,0.31474452851859663,0.2631783858014385,0.0,0.018214568207267523,0.0,2.7458083475024805e-05,0.0030504056655902573,0.0046247098472679835,0.011004072634431827,0.01619599521566466,0.002962982602512946,0.0,0.0,0.033859271894960866,0.12529064982073232,0.10718259771409329,0.018214568207267523,0.0,0.02502938807133042,0.0003202303806660702,0.0,6.637516606433408e-05,0.0039428225534683305,0.006262992994728271,0.0,0.0,0.0,0.0,0.0,0.0,0.0,0.02502938807133042,0.0,0.02786877253277341,0.005350463671071987,0.0010668021862024267,0.0,0.0,0.0,0.0015009605837249889,0.0004427721624450907,0.006064256022332385,0.01317676122412402,0.013638759440632007,2.7458083475024805e-05,0.0003202303806660702,0.02786877253277341,0.0,0.03844564461757154,0.0018807364603770497,0.0,0.0,0.0,0.00024098860260912832,0.0,0.0069878293064065695,0.020350764726371758,0.022683051406924212,0.0030504056655902573,0.0,0.005350463671071987,0.03844564461757154,0.0,0.018379916474009897,0.0,0.0,0.0,0.000149364397735278,0.0006422208489512669,0.00845136634363589,0.02776300170917394,0.026486677842579208,0.0046247098472679835,6.637516606433408e-05,0.0010668021862024267,0.0018807364603770497,0.018379916474009897,0.0,0.011751038639752723,0.0,0.0014903003220674063,0.0,0.004025245331742464,0.014265524685187611,0.05067403490697484,0.04321887269491339,0.011004072634431827,0.0039428225534683305,0.0,0.0,0.0,0.011751038639752723,0.0,0.027062269571136277,0.002244054387758631,0.0006757872954948284,0.003383388298792237,0.020235979731919717,0.06161466637195446,0.052191537039827776,0.01619599521566466,0.006262992994728271,0.0,0.0,0.0,0.0,0.027062269571136277,0.0,0.025560683366884804,0.008917147291226536,0.0011687639295633785,0.0074144301315481175,0.02324368918414548,0.019590258323664903,0.002962982602512946,0.0,0.0,0.0,0.0,0.0014903003220674063,0.002244054387758631,0.025560683366884804,0.0,0.027335730256350742,0.01570729008938852,0.0,0.0,0.0,0.0,0.0,0.0015009605837249889,0.00024098860260912832,0.000149364397735278,0.0,0.0006757872954948284,0.008917147291226536,0.027335730256350742,0.0,0.04042097163122421,0.0,0.0,0.0,0.0,0.0,0.0004427721624450907,0.0,0.0006422208489512669,0.004025245331742464,0.003383388298792237,0.0011687639295633785,0.01570729008938852,0.04042097163122421,0.0
52.0,0.0,0.40839244888959814,0.055966429940993,0.10126624982273534,0.05585402200190608,0.014286894890288566,0.006675808456669769,0.008253368532282316,0.006822526188901438,0.01614190827045158,0.021384069324875344,0.0028011046715070965,0.0,0.0,0.40839244888959814,0.0,0.3134860287620298,0.4444448122599397,0.25382389304613023,0.1021395034951861,0.055337916240670595,0.04682528885453891,0.037517882373207155,0.0746770996158342,0.09959317928638241,0.04217804423163312,0.0,0.0,0.055966429940993,0.3134860287620298,0.0,0.0556972530110975,0.03555498821948187,0.005127447576247129,0.0,0.00024281617416218964,0.00107754163109085,0.005492330637334245,0.011461730668789765,0.0,0.0,0.0,0.10126624982273534,0.4444448122599397,0.0556972530110975,0.0,0.049845161667439616,0.015888063833405918,0.00024886428275791854,0.0045711711824425166,0.004083590724109076,0.017856823574166264,0.024840912979817706,0.004758775388761077,0.0,0.0,0.05585402200190608,0.25382389304613023,0.03555498821948187,0.049845161667439616,0.0,0.011631937631811641,0.0,0.0,0.0015833275611411759,0.007402513907691491,0.011801519196850862,0.002691993124707165,0.0,0.0,0.014286894890288566,0.1021395034951861,0.005127447576247129,0.015888063833405918,0.011631937631811641,0.0,0.024211617268229395,0.0,0.0,0.0,0.0015141542960572254,0.0,0.0,0.0,0.006675808456669769,0.055337916240670595,0.0,0.00024886428275791854,0.0,0.024211617268229395,0.0,0.01290337164066572,0.0,0.0,0.0,0.0,0.0,0.002219931839935685,0.008253368532282316,0.04682528885453891,0.00024281617416218964,0.0045711711824425166,0.0,0.0,0.01290337164066572,0.0,0.021640837430117143,0.0005110525880011895,0.0,0.0,0.0,0.0,0.006822526188901438,0.037517882373207155,0.00107754163109085,0.004083590724109076,0.0015833275611411759,0.0,0.0,0.021640837430117143,0.0,0.023104293631962716,0.0020131359085821528,0.0021497863703526143,0.0019011056149096173,0.002412338505592456,0.01614190827045158,0.0746770996158342,0.005492330637334245,0.017856823574166264,0.007402513907691491,0.0,0.0,0.0005110525880011895,0.023104293631962716,0.0,0.013902351158694754,0.002219072435666297,0.0008994332180768672,0.004374809865114964,0.021384069324875344,0.09959317928638241,0.011461730668789765,0.024840912979817706,0.011801519196850862,0.0015141542960572254,0.0,0.0,0.0020131359085821528,0.013902351158694754,0.0,0.03208097754353795,0.0013029557175539002,0.000761252467996315,0.0028011046715070965,0.04217804423163312,0.0,0.004758775388761077,0.002691993124707165,0.0,0.0,0.0,0.0021497863703526143,0.002219072435666297,0.03208097754353795,0.0,0.03439034772414065,0.004177858437604223,0.0,0.0,0.0,0.0,0.0,0.0,0.0,0.0,0.0019011056149096173,0.0008994332180768672,0.0013029557175539002,0.03439034772414065,0.0,0.046778389383260045,0.0,0.0,0.0,0.0,0.0,0.0,0.002219931839935685,0.0,0.002412338505592456,0.004374809865114964,0.000761252467996315,0.004177858437604223,0.046778389383260045,0.0
53.0,0.0,0.22880274338300252,0.20689810539946718,0.036012516408010724,0.029689240505559208,0.030948914511598702,0.005115493591000898,0.0,0.0025819034236698626,0.017202556276344434,0.01371791954057672,0.0034323991218714964,0.0,0.0,0.22880274338300252,0.0,0.8922087215826658,0.16267159359689567,0.13524223565448257,0.1278941069263352,0.04489156694378158,0.0,0.014515921743424082,0.06643419808698582,0.05854648603113737,0.026711641492108376,0.0,0.0,0.20689810539946718,0.8922087215826658,0.0,0.13691168062950984,0.11473197745738896,0.11343859103046225,0.04081288747014783,0.0,0.015475845864959236,0.06452665849989885,0.059278520551166655,0.031136980253787985,0.0,0.0,0.036012516408010724,0.16267159359689567,0.13691168062950984,0.0,0.0,0.010216596285163785,0.0,0.0,0.0,0.009211458010521143,0.007034424981098573,0.0,0.0,0.0,0.029689240505559208,0.13524223565448257,0.11473197745738896,0.0,0.0,0.011961882943395436,0.0,0.0,0.0,0.005696452025933424,0.006490493128254552,0.0005310394425235574,0.0,0.0,0.030948914511598702,0.1278941069263352,0.11343859103046225,0.010216596285163785,0.011961882943395436,0.0,0.005698730368814252,0.001535574948106645,0.0,0.005039964112250289,0.00475283278431735,2.7031321894544283e-06,0.0,0.0,0.005115493591000898,0.04489156694378158,0.04081288747014783,0.0,0.0,0.005698730368814252,0.0,0.01944957120398433,0.002293335629924589,0.0,0.0,0.0,0.0,0.0014985871028414376,0.0,0.0,0.0,0.0,0.0,0.001535574948106645,0.01944957120398433,0.0,0.02480668603222549,0.00030425856570553717,0.0002686708352204873,0.0,0.0010151820476251242,0.001300931168507574,0.0025819034236698626,0.014515921743424082,0.015475845864959236,0.0,0.0,0.0,0.002293335629924589,0.02480668603222549,0.0,0.023206693828041546,0.0,0.0,0.0027113880050396353,0.0034790284957552497,0.017202556276344434,0.06643419808698582,0.06452665849989885,0.009211458010521143,0.005696452025933424,0.005039964112250289,0.0,0.00030425856570553717,0.023206693828041546,0.0,0.015721426929385596,0.0,0.0004469019206387295,0.0014766026880984942,0.01371791954057672,0.05854648603113737,0.059278520551166655,0.007034424981098573,0.006490493128254552,0.00475283278431735,0.0,0.0002686708352204873,0.0,0.015721426929385596,0.0,0.029334229774874203,0.0011682106888516893,0.0,0.0034323991218714964,0.026711641492108376,0.031136980253787985,0.0,0.0005310394425235574,2.7031321894544283e-06,0.0,0.0,0.0,0.0,0.029334229774874203,0.0,0.01145643885418722,0.00965270347720916,0.0,0.0,0.0,0.0,0.0,0.0,0.0,0.0010151820476251242,0.0027113880050396353,0.0004469019206387295,0.0011682106888516893,0.01145643885418722,0.0,0.04212626012092537,0.0,0.0,0.0,0.0,0.0,0.0,0.0014985871028414376,0.001300931168507574,0.0034790284957552497,0.0014766026880984942,0.0,0.00965270347720916,0.04212626012092537,0.0
54.0,0.0,0.27050122656504366,0.0,0.02246332852372676,0.02768595473715215,0.019897445479937676,0.008185768035353883,0.004229914777310658,0.0045367012204843805,0.0019797711765623693,0.009440255355267942,0.00282210049353824,0.0,0.0,0.27050122656504366,0.0,0.20713982971280234,0.2750681906507192,0.2699019628701813,0.17946701170839133,0.08814081389384605,0.07610366051893194,0.06634224677115266,0.07083182765940486,0.11957828289369231,0.05969420018648952,0.0002771975820316406,0.0,0.0,0.20713982971280234,0.0,0.0037619228958909964,0.009414440594133329,0.011404268920922207,0.0,0.0,1.941440872671278e-05,0.0,0.004378019747178631,0.0,0.0,0.0,0.02246332852372676,0.2750681906507192,0.0037619228958909964,0.0,0.016445325236336805,0.016051002940060975,0.007948862489837736,0.0069399154050969495,0.003477588092071898,0.0020234776064575457,0.009429943446800244,0.0006690390036801395,0.0,0.0,0.02768595473715215,0.2699019628701813,0.009414440594133329,0.016445325236336805,0.0,0.0031102767013929736,0.004723318712519809,0.005375021723785563,0.0032264126106406063,0.0017726934492136035,0.011034579800182128,0.002868042783031562,0.0,0.0,0.019897445479937676,0.17946701170839133,0.011404268920922207,0.016051002940060975,0.0031102767013929736,0.0,0.01874393206555663,0.0,0.0,0.0,0.006908624989283619,0.0008105254137152578,0.0,0.0,0.008185768035353883,0.08814081389384605,0.0,0.007948862489837736,0.004723318712519809,0.01874393206555663,0.0,0.032933575215115474,0.0,0.0,0.0022287489888662775,0.0,0.0,0.0018774230874756316,0.004229914777310658,0.07610366051893194,0.0,0.0069399154050969495,0.005375021723785563,0.0,0.032933575215115474,0.0,0.018418937264997114,0.0,0.0006757676168302091,0.0,0.0,0.0,0.0045367012204843805,0.06634224677115266,1.941440872671278e-05,0.003477588092071898,0.0032264126106406063,0.0,0.0,0.018418937264997114,0.0,0.013348364101461022,0.0,0.0,0.00037323040924491975,0.0,0.0019797711765623693,0.07083182765940486,0.0,0.0020234776064575457,0.0017726934492136035,0.0,0.0,0.0,0.013348364101461022,0.0,0.02590353420281161,0.003797243448595946,0.00031560712759528165,0.002971793373745278,0.009440255355267942,0.11957828289369231,0.004378019747178631,0.009429943446800244,0.011034579800182128,0.006908624989283619,0.0022287489888662775,0.0006757676168302091,0.0,0.02590353420281161,0.0,0.024897540399969834,0.005950387922302218,0.002210141910664691,0.00282210049353824,0.05969420018648952,0.0,0.0006690390036801395,0.002868042783031562,0.0008105254137152578,0.0,0.0,0.0,0.003797243448595946,0.024897540399969834,0.0,0.02223665211774935,0.013083511950120665,0.0,0.0002771975820316406,0.0,0.0,0.0,0.0,0.0,0.0,0.00037323040924491975,0.00031560712759528165,0.005950387922302218,0.02223665211774935,0.0,0.02766019823574272,0.0,0.0,0.0,0.0,0.0,0.0,0.0018774230874756316,0.0,0.0,0.002971793373745278,0.002210141910664691,0.013083511950120665,0.02766019823574272,0.0
55.0,0.0,0.09255790409559098,0.05039454257687842,0.04268607423309683,0.0010309651641202402,0.0,0.0,0.0,0.0,0.004655734885474411,0.00044548633745204605,0.0,0.0,0.0,0.09255790409559098,0.0,0.7490805817112185,0.5242160575267233,0.15181923427336835,0.039246402397724325,0.042646773028915785,0.045454640644677524,0.031221037412498567,0.10603056669425948,0.06924603013858904,0.023581808158770357,0.0,0.0,0.05039454257687842,0.7490805817112185,0.0,0.35888792332572483,0.10213327060675949,0.026093241144504047,0.030187689755856565,0.03247083663657378,0.01868771845377908,0.07271930793145721,0.051199294450983125,0.01713595899346236,0.0,0.0,0.04268607423309683,0.5242160575267233,0.35888792332572483,0.0,0.050255192208919504,0.007027125698764574,0.014894200743885741,0.018934966339292505,0.011074011131105432,0.05042416745537559,0.035079810704253325,0.014581251998771458,0.0,0.0,0.0010309651641202402,0.15181923427336835,0.10213327060675949,0.050255192208919504,0.0,0.007656625286579622,0.0,0.0,0.0007305329613604713,0.014176776653788343,0.005956120083530828,0.0,0.0,0.0,0.0,0.039246402397724325,0.026093241144504047,0.007027125698764574,0.007656625286579622,0.0,0.023338961695668386,0.0,0.0007041061680735375,0.0,0.0,0.0,0.0,0.0017316514101805582,0.0,0.042646773028915785,0.030187689755856565,0.014894200743885741,0.0,0.023338961695668386,0.0,0.013353809359727319,0.0008921018148136801,0.0004817985460381643,0.0,0.0,0.0,0.0008364116499745863,0.0,0.045454640644677524,0.03247083663657378,0.018934966339292505,0.0,0.0,0.013353809359727319,0.0,0.0099291633216584,0.0,6.80883184709317e-05,0.0,0.0,0.0009037871218157915,0.0,0.031221037412498567,0.01868771845377908,0.011074011131105432,0.0007305329613604713,0.0007041061680735375,0.0008921018148136801,0.0099291633216584,0.0,0.016543402569514178,0.0,0.0,0.0031173424307503537,0.0032776942203147806,0.004655734885474411,0.10603056669425948,0.07271930793145721,0.05042416745537559,0.014176776653788343,0.0,0.0004817985460381643,0.0,0.016543402569514178,0.0,0.004390787560979761,0.0,0.0,0.0,0.00044548633745204605,0.06924603013858904,0.051199294450983125,0.035079810704253325,0.005956120083530828,0.0,0.0,6.80883184709317e-05,0.0,0.004390787560979761,0.0,0.0324526865676076,0.0,0.00041747984410467093,0.0,0.023581808158770357,0.01713595899346236,0.014581251998771458,0.0,0.0,0.0,0.0,0.0,0.0,0.0324526865676076,0.0,0.03811032988626077,0.00718946401499527,0.0,0.0,0.0,0.0,0.0,0.0,0.0,0.0,0.0031173424307503537,0.0,0.0,0.03811032988626077,0.0,0.012164429369150112,0.0,0.0,0.0,0.0,0.0,0.0017316514101805582,0.0008364116499745863,0.0009037871218157915,0.0032776942203147806,0.0,0.00041747984410467093,0.00718946401499527,0.012164429369150112,0.0
56.0,0.0,0.06683699492944235,0.014889894074237887,0.0,0.0,0.00017992689663973513,0.0,0.0,0.0,0.0,0.0,0.0,0.0,0.0,0.06683699492944235,0.0,0.34760069104906416,0.11262262423029798,0.1444566235160693,0.02173562109823251,0.05166607969141242,0.05153905543106185,0.007120105791701683,0.057271468950302266,0.18680642677519968,0.08722027353776629,0.010309038338535751,0.0,0.014889894074237887,0.34760069104906416,0.0,0.013764678989616566,0.0037418636997184275,0.0,0.0,0.0,0.0,0.005073543172852793,0.025692373041774536,0.0,0.0,0.0,0.0,0.11262262423029798,0.013764678989616566,0.0,0.024526313029866405,0.0027796464351666442,0.004265421710805031,0.0,0.0,0.0,0.004213123860597832,0.0,0.0,0.0,0.0,0.1444566235160693,0.0037418636997184275,0.024526313029866405,0.0,0.010595928652892696,0.0,0.0,0.0,0.0,0.007116273510347826,0.0008665711159713292,0.0,0.0,0.00017992689663973513,0.02173562109823251,0.0,0.0027796464351666442,0.010595928652892696,0.0,0.013893194757481577,0.0003422827457471477,0.00025528368482920634,5.213371348299978e-05,0.0,0.0013051308382496583,0.0,0.0007602477092285113,0.0,0.05166607969141242,0.0,0.004265421710805031,0.0,0.013893194757481577,0.0,0.019673876975641175,0.0,0.0,0.0,0.0,0.0,0.00046894602577191415,0.0,0.05153905543106185,0.0,0.0,0.0,0.0003422827457471477,0.019673876975641175,0.0,0.020496719306168015,0.0,0.0,0.0,0.0012142964996483961,0.0005251616503823388,0.0,0.007120105791701683,0.0,0.0,0.0,0.00025528368482920634,0.0,0.020496719306168015,0.0,0.03135903877453481,0.0009674649336418593,0.0,0.002064098718812614,0.0015223608368229195,0.0,0.057271468950302266,0.005073543172852793,0.0,0.0,5.213371348299978e-05,0.0,0.0,0.03135903877453481,0.0,0.023377992760207307,0.0,0.004249699389852696,0.003907187230506079,0.0,0.18680642677519968,0.025692373041774536,0.004213123860597832,0.007116273510347826,0.0,0.0,0.0,0.0009674649336418593,0.023377992760207307,0.0,0.016932152998629796,0.0033074299944777148,0.0010820135895904144,0.0,0.08722027353776629,0.0,0.0,0.0008665711159713292,0.0013051308382496583,0.0,0.0,0.0,0.0,0.016932152998629796,0.0,0.01819959363177813,0.00799355835443292,0.0,0.010309038338535751,0.0,0.0,0.0,0.0,0.0,0.0012142964996483961,0.002064098718812614,0.004249699389852696,0.0033074299944777148,0.01819959363177813,0.0,0.01580031941458914,0.0,0.0,0.0,0.0,0.0,0.0007602477092285113,0.00046894602577191415,0.0005251616503823388,0.0015223608368229195,0.003907187230506079,0.0010820135895904144,0.00799355835443292,0.01580031941458914,0.0
57.0,0.0,0.02899171288901586,0.007130709193710222,0.0,0.0,0.0,0.0,0.0,0.0,0.0,0.0,0.0,0.0,0.0,0.02899171288901586,0.0,0.822936676987,0.4123872914508893,0.17571136811403051,0.07206652362522793,0.05495679632200232,0.022137430710726352,0.033515973176214985,0.07694844867298323,0.10870925091544198,0.03506872323823738,0.0,0.0,0.007130709193710222,0.822936676987,0.0,0.30369552587075255,0.12574089580699974,0.05072826251383613,0.042027828464908636,0.01603381975034143,0.024241890451900307,0.05762656847413783,0.08494028726653781,0.03156626767067367,0.0,0.0,0.0,0.4123872914508893,0.30369552587075255,0.0,0.04390328315275418,0.014864154443073435,0.01650111966870398,0.002746445532202699,0.008406081290105644,0.022915087600235282,0.03708117534554765,0.01082529493429194,0.0,0.0,0.0,0.17571136811403051,0.12574089580699974,0.04390328315275418,0.0,0.0,0.0,0.0,0.0015112951226566003,0.009291105010044348,0.014523278080117198,0.0020166321070743363,0.0,0.0,0.0,0.07206652362522793,0.05072826251383613,0.014864154443073435,0.0,0.0,0.022502531081097375,0.0,0.0,0.0004213988756989215,0.005056337202257867,0.0,0.0,0.0,0.0,0.05495679632200232,0.042027828464908636,0.01650111966870398,0.0,0.022502531081097375,0.0,0.03181244868811602,0.0013110643278768394,0.0,0.00058529741326295,0.0,0.0,0.0,0.0,0.022137430710726352,0.01603381975034143,0.002746445532202699,0.0,0.0,0.03181244868811602,0.0,0.023638149502334553,0.0,0.0,0.0,0.0005349246110534886,0.0,0.0,0.033515973176214985,0.024241890451900307,0.008406081290105644,0.0015112951226566003,0.0,0.0013110643278768394,0.023638149502334553,0.0,0.014894982416955244,0.0,0.0023655346023898154,0.0,0.0021315254702711775,0.0,0.07694844867298323,0.05762656847413783,0.022915087600235282,0.009291105010044348,0.0004213988756989215,0.0,0.0,0.014894982416955244,0.0,0.0004278920993524656,0.0,0.0006089475270367674,0.0,0.0,0.10870925091544198,0.08494028726653781,0.03708117534554765,0.014523278080117198,0.005056337202257867,0.00058529741326295,0.0,0.0,0.0004278920993524656,0.0,0.025406319589774382,0.0011839522281431813,0.0032805765473266986,0.0,0.03506872323823738,0.03156626767067367,0.01082529493429194,0.0020166321070743363,0.0,0.0,0.0,0.0023655346023898154,0.0,0.025406319589774382,0.0,0.02381429297592676,0.014045968136442275,0.0,0.0,0.0,0.0,0.0,0.0,0.0,0.0005349246110534886,0.0,0.0006089475270367674,0.0011839522281431813,0.02381429297592676,0.0,0.03061386002583851,0.0,0.0,0.0,0.0,0.0,0.0,0.0,0.0,0.0021315254702711775,0.0,0.0032805765473266986,0.014045968136442275,0.03061386002583851,0.0
58.0,0.0,0.1717312854137978,0.0012860057951195741,0.02656361283527238,0.011945307591660556,0.005492828638321729,0.00018269060176711975,0.0,0.010240364717956644,0.01233177188367321,0.0002995828207462963,0.0,0.0,0.0,0.1717312854137978,0.0,0.19603449273202264,0.4264883077657441,0.2775935955575423,0.16272432994320724,0.08113802479441909,0.05412414203908311,0.1511598469162936,0.15651644130936124,0.043254605051347185,0.03331454367397602,0.0,0.0,0.0012860057951195741,0.19603449273202264,0.0,0.022756661283760832,0.010486138890440389,0.003984847145496546,0.0,0.0,0.007900255834103049,0.007090638594254029,0.0,0.0,0.0,0.0,0.02656361283527238,0.4264883077657441,0.022756661283760832,0.0,0.03904080193013941,0.02375760797138102,0.003648347145053494,0.002037300706866342,0.02975710749346576,0.031468406791619837,0.0024021178163554304,0.0033377975344963747,0.0,0.0,0.011945307591660556,0.2775935955575423,0.010486138890440389,0.03904080193013941,0.0,0.0,0.002297051342717649,0.0007734251739920623,0.017687842433823597,0.018863076427092056,0.0007294689745874472,0.0,0.0,0.0,0.005492828638321729,0.16272432994320724,0.003984847145496546,0.02375760797138102,0.0,0.0,0.010989366709677447,0.0,0.008185503258256658,0.010553405989742843,0.0,0.0,0.0,0.0,0.00018269060176711975,0.08113802479441909,0.0,0.003648347145053494,0.002297051342717649,0.010989366709677447,0.0,0.010699980196412245,0.0,0.0028275405958738055,0.0,0.0,0.0,0.0,0.0,0.05412414203908311,0.0,0.002037300706866342,0.0007734251739920623,0.0,0.010699980196412245,0.0,0.015474243839077565,0.0,0.0008448975694613963,0.0,9.623154067223919e-05,0.0004973755481710996,0.010240364717956644,0.1511598469162936,0.007900255834103049,0.02975710749346576,0.017687842433823597,0.008185503258256658,0.0,0.015474243839077565,0.0,0.0,0.0,0.0,0.0,0.0,0.01233177188367321,0.15651644130936124,0.007090638594254029,0.031468406791619837,0.018863076427092056,0.010553405989742843,0.0028275405958738055,0.0,0.0,0.0,0.030667904772689315,0.0,0.0,0.0,0.0002995828207462963,0.043254605051347185,0.0,0.0024021178163554304,0.0007294689745874472,0.0,0.0,0.0008448975694613963,0.0,0.030667904772689315,0.0,0.029802958504865456,0.004047592758067771,0.0,0.0,0.03331454367397602,0.0,0.0033377975344963747,0.0,0.0,0.0,0.0,0.0,0.0,0.029802958504865456,0.0,0.03669070569207088,0.0012106514166717014,0.0,0.0,0.0,0.0,0.0,0.0,0.0,9.623154067223919e-05,0.0,0.0,0.004047592758067771,0.03669070569207088,0.0,0.044968498261025405,0.0,0.0,0.0,0.0,0.0,0.0,0.0,0.0004973755481710996,0.0,0.0,0.0,0.0012106514166717014,0.044968498261025405,0.0
59.0,0.0,0.193619021477624,0.16088138195539425,0.014247273240818085,0.005525090151584611,0.0,0.0,0.0033897342714991497,0.012912269430152818,0.019524953071763083,0.012926094124123513,0.0037397596839782617,0.0,0.0,0.193619021477624,0.0,0.9120099596262358,0.12661152155754524,0.09720159060551611,0.033998584010836545,0.012151300481604467,0.04063122461530058,0.07539596878482667,0.11042349796064115,0.08228945063895575,0.03441795241792335,0.0,0.0,0.16088138195539425,0.9120099596262358,0.0,0.09530123590121106,0.0754373179753336,0.031472988985852206,0.007946302375806182,0.02987817889456489,0.06719499829632467,0.09862842491096906,0.0700375153468374,0.028591799984760594,0.0,0.0,0.014247273240818085,0.12661152155754524,0.09530123590121106,0.0,0.008872582704363327,0.0,0.0,0.0010476030255135596,0.006999465315172113,0.010428737782211634,0.005000729451299985,0.0,0.0,0.0,0.005525090151584611,0.09720159060551611,0.0754373179753336,0.008872582704363327,0.0,0.024438125094051934,0.003211712264799405,0.0,0.005165171157889901,0.009272691199652058,0.003967215706575832,0.0,0.0,0.0,0.0,0.033998584010836545,0.031472988985852206,0.0,0.024438125094051934,0.0,0.02158404646995101,0.0,0.0,0.0,0.0,0.0,0.00047077607499362525,0.00048817286675792134,0.0,0.012151300481604467,0.007946302375806182,0.0,0.003211712264799405,0.02158404646995101,0.0,0.022776238097217932,0.0,0.0,0.0,0.0,0.0009370949279202446,0.0034711255386283093,0.0033897342714991497,0.04063122461530058,0.02987817889456489,0.0010476030255135596,0.0,0.0,0.022776238097217932,0.0,0.01747913934262003,0.0,0.0,0.0,0.0,0.0,0.012912269430152818,0.07539596878482667,0.06719499829632467,0.006999465315172113,0.005165171157889901,0.0,0.0,0.01747913934262003,0.0,0.020534472766739774,0.0027241743107871983,0.0,0.0,0.0,0.019524953071763083,0.11042349796064115,0.09862842491096906,0.010428737782211634,0.009272691199652058,0.0,0.0,0.0,0.020534472766739774,0.0,0.001430222979220837,0.0,0.0,0.0,0.012926094124123513,0.08228945063895575,0.0700375153468374,0.005000729451299985,0.003967215706575832,0.0,0.0,0.0,0.0027241743107871983,0.001430222979220837,0.0,0.019930445685821096,0.0033376834547482574,0.00190326251236622,0.0037397596839782617,0.03441795241792335,0.028591799984760594,0.0,0.0,0.0,0.0,0.0,0.0,0.0,0.019930445685821096,0.0,0.0190660229196999,0.012232275965437876,0.0,0.0,0.0,0.0,0.0,0.00047077607499362525,0.0009370949279202446,0.0,0.0,0.0,0.0033376834547482574,0.0190660229196999,0.0,0.046907845890047165,0.0,0.0,0.0,0.0,0.0,0.00048817286675792134,0.0034711255386283093,0.0,0.0,0.0,0.00190326251236622,0.012232275965437876,0.046907845890047165,0.0
60.0,0.0,0.3358221445734602,0.09306944566173324,0.05855936150094057,0.023658604586673865,0.010101069675208333,0.00639887003071778,0.0018079040160960444,0.0034690596140130553,0.0,0.03603730891436781,0.008957132796137976,0.0,0.0,0.3358221445734602,0.0,0.5517560229759061,0.34562974671422175,0.13219201196042007,0.07218010268694226,0.05401032621498715,0.047911760293684984,0.05314064238467889,0.02823762319788572,0.19273127621001115,0.08144507052677122,0.0,0.0,0.09306944566173324,0.5517560229759061,0.0,0.09028546255584005,0.03090580922430508,0.01186082935289532,0.01049047334515351,0.00945572963158663,0.006904684416685673,0.0,0.058158491796853,0.015061474262425267,0.0,0.0,0.05855936150094057,0.34562974671422175,0.09028546255584005,0.0,0.005771033084615402,0.0026699091166767054,0.007683756155737447,0.005752267190702519,0.006659274234142407,0.0014084021220909433,0.03788233292736796,0.009489580117585581,0.0,0.0,0.023658604586673865,0.13219201196042007,0.03090580922430508,0.005771033084615402,0.0,0.025692074930693667,0.0,0.0,0.00030037605028866243,0.0,0.012026584255735603,0.0,0.0,0.0,0.010101069675208333,0.07218010268694226,0.01186082935289532,0.0026699091166767054,0.025692074930693667,0.0,0.027920630407241888,0.0023368904501584785,0.0,0.0,0.004430474886031155,0.0,0.0,0.0005945124127617499,0.00639887003071778,0.05401032621498715,0.01049047334515351,0.007683756155737447,0.0,0.027920630407241888,0.0,0.03265392056005947,0.0,0.0,0.0002374918028844506,0.0,0.0,0.0014717736165008374,0.0018079040160960444,0.047911760293684984,0.00945572963158663,0.005752267190702519,0.0,0.0023368904501584785,0.03265392056005947,0.0,0.018800614602791674,0.0,0.0,0.0,0.0006386998886410897,0.0,0.0034690596140130553,0.05314064238467889,0.006904684416685673,0.006659274234142407,0.00030037605028866243,0.0,0.0,0.018800614602791674,0.0,0.028953585598444208,0.0,0.0,0.0,0.0005134221597391302,0.0,0.02823762319788572,0.0,0.0014084021220909433,0.0,0.0,0.0,0.0,0.028953585598444208,0.0,0.020251458925650126,0.0035891929340604147,0.0018264858366060241,0.0018056760479707081,0.03603730891436781,0.19273127621001115,0.058158491796853,0.03788233292736796,0.012026584255735603,0.004430474886031155,0.0002374918028844506,0.0,0.0,0.020251458925650126,0.0,0.010985021914323344,0.0004131934556219287,0.0037613478896240254,0.008957132796137976,0.08144507052677122,0.015061474262425267,0.009489580117585581,0.0,0.0,0.0,0.0,0.0,0.0035891929340604147,0.010985021914323344,0.0,0.024928678923284063,0.007074197722355891,0.0,0.0,0.0,0.0,0.0,0.0,0.0,0.0006386998886410897,0.0,0.0018264858366060241,0.0004131934556219287,0.024928678923284063,0.0,0.03731781371787795,0.0,0.0,0.0,0.0,0.0,0.0005945124127617499,0.0014717736165008374,0.0,0.0005134221597391302,0.0018056760479707081,0.0037613478896240254,0.007074197722355891,0.03731781371787795,0.0
61.0,0.0,0.3313485690445442,0.21017556556765532,0.11566375583278722,0.06462957748286557,0.01156749617968225,0.0032034614661992904,0.012454041774126748,0.0065640666452379684,0.017961556584165927,0.03850785410001478,0.01297761808605841,0.0,0.0,0.3313485690445442,0.0,0.7394915948215849,0.3963022774573785,0.21955101906172184,0.048818202669204475,0.02622899157346759,0.05892439189824793,0.0361573780784164,0.07032946370663401,0.139576024870342,0.05123762690364101,0.0,0.0,0.21017556556765532,0.7394915948215849,0.0,0.2506151473600249,0.13565452704943562,0.03153971631319858,0.013317170705769737,0.03614491724220447,0.01928402997626966,0.04186665209148007,0.09089209576755479,0.035913640731264206,0.0,0.0,0.11566375583278722,0.3963022774573785,0.2506151473600249,0.0,0.04566697302659068,0.008022003711096386,0.0,0.01335127523854259,0.005730126177200398,0.01859060915842317,0.04757156016847899,0.014900419458855839,0.0,0.0,0.06462957748286557,0.21955101906172184,0.13565452704943562,0.04566697302659068,0.0,0.019985425951893347,0.0,0.008008394505535948,0.0011396915204993402,0.011487238806142615,0.02834823890504737,0.007342789838082917,0.0,0.0,0.01156749617968225,0.048818202669204475,0.03153971631319858,0.008022003711096386,0.019985425951893347,0.0,0.014531122592204015,0.0,0.0,0.0,0.0034741742588447902,0.0,0.0009694261444045101,0.0008872212298106754,0.0032034614661992904,0.02622899157346759,0.013317170705769737,0.0,0.0,0.014531122592204015,0.0,0.009301799630827895,0.0027890274942594675,0.0,0.0,0.0,0.0,0.0012011908219481387,0.012454041774126748,0.05892439189824793,0.03614491724220447,0.01335127523854259,0.008008394505535948,0.0,0.009301799630827895,0.0,0.00883068883969206,0.0,0.0032723109980452086,0.0,2.4160057620108513e-05,0.0007799682379429529,0.0065640666452379684,0.0361573780784164,0.01928402997626966,0.005730126177200398,0.0011396915204993402,0.0,0.0027890274942594675,0.00883068883969206,0.0,0.0034664100877975276,0.0,0.0,0.0015175497311257298,0.00412320240335082,0.017961556584165927,0.07032946370663401,0.04186665209148007,0.01859060915842317,0.011487238806142615,0.0,0.0,0.0,0.0034664100877975276,0.0,0.017301098464993975,0.0,0.0,0.0018050663640319753,0.03850785410001478,0.139576024870342,0.09089209576755479,0.04757156016847899,0.02834823890504737,0.0034741742588447902,0.0,0.0032723109980452086,0.0,0.017301098464993975,0.0,0.0021529737060083307,0.006203372555215249,0.0009396907357017293,0.01297761808605841,0.05123762690364101,0.035913640731264206,0.014900419458855839,0.007342789838082917,0.0,0.0,0.0,0.0,0.0,0.0021529737060083307,0.0,0.04245417310377068,0.006398344728524651,0.0,0.0,0.0,0.0,0.0,0.0009694261444045101,0.0,2.4160057620108513e-05,0.0015175497311257298,0.0,0.006203372555215249,0.04245417310377068,0.0,0.011856476539975364,0.0,0.0,0.0,0.0,0.0,0.0008872212298106754,0.0012011908219481387,0.0007799682379429529,0.00412320240335082,0.0018050663640319753,0.0009396907357017293,0.006398344728524651,0.011856476539975364,0.0
62.0,0.0,0.4382181429227834,0.1788718568019263,0.02545784911202871,0.02548317024070963,0.013480286423025874,0.0,0.026692704760037312,0.027195347820603708,0.021032324317916004,0.029767852138623308,0.013090305541606865,0.0,0.0,0.4382181429227834,0.0,0.6629963282289121,0.13069959243251772,0.12035213340467225,0.0794075841952386,0.009811544887696144,0.09289231298769836,0.09316219406071626,0.0875692189953312,0.1249616121739063,0.06099726628271542,0.0,0.0,0.1788718568019263,0.6629963282289121,0.0,0.02919511947558837,0.03745843590422797,0.016281071127576124,0.0,0.042341350719754804,0.042730638240026694,0.0346021711093855,0.04259679050780118,0.01920128073917192,0.0,0.0,0.02545784911202871,0.13069959243251772,0.02919511947558837,0.0,0.008648030083981009,0.0,0.0,0.0,0.0008273561060844123,0.0016966410460098132,0.0017322242169209871,0.0,0.0,0.0,0.02548317024070963,0.12035213340467225,0.03745843590422797,0.008648030083981009,0.0,0.01296667679794684,0.0013281561455456962,0.0023744717803484768,0.0036630744293078906,0.00247866524444523,0.005067305393797659,1.71251279142778e-05,0.0007422817647340988,0.0,0.013480286423025874,0.0794075841952386,0.016281071127576124,0.0,0.01296667679794684,0.0,0.02524654034659654,0.0010344732364615636,0.0022593580189204155,0.0,0.0022020712012847635,0.0,0.0,0.00034202625834004786,0.0,0.009811544887696144,0.0,0.0,0.0013281561455456962,0.02524654034659654,0.0,0.02065278817947074,0.003758501369747224,0.0,0.0,0.0,0.0009440141227602019,0.0017614136167995917,0.026692704760037312,0.09289231298769836,0.042341350719754804,0.0,0.0023744717803484768,0.0010344732364615636,0.02065278817947074,0.0,0.018588022668127684,0.0,0.003752135892276499,0.0,0.0016684949844718757,0.0014155770622317726,0.027195347820603708,0.09316219406071626,0.042730638240026694,0.0008273561060844123,0.0036630744293078906,0.0022593580189204155,0.003758501369747224,0.018588022668127684,0.0,0.01855572616454058,0.004031793381993519,0.0,0.0,0.001470555048760246,0.021032324317916004,0.0875692189953312,0.0346021711093855,0.0016966410460098132,0.00247866524444523,0.0,0.0,0.0,0.01855572616454058,0.0,0.009371763483481323,0.0036876112002889655,0.0012024814509655293,0.0036181319262159482,0.029767852138623308,0.1249616121739063,0.04259679050780118,0.0017322242169209871,0.005067305393797659,0.0022020712012847635,0.0,0.003752135892276499,0.004031793381993519,0.009371763483481323,0.0,0.0037104015812556715,0.003904150835489062,0.0,0.013090305541606865,0.06099726628271542,0.01920128073917192,0.0,1.71251279142778e-05,0.0,0.0,0.0,0.0,0.0036876112002889655,0.0037104015812556715,0.0,0.02330766872856885,0.008451451775463885,0.0,0.0,0.0,0.0,0.0007422817647340988,0.0,0.0009440141227602019,0.0016684949844718757,0.0,0.0012024814509655293,0.003904150835489062,0.02330766872856885,0.0,0.01547618990189954,0.0,0.0,0.0,0.0,0.0,0.00034202625834004786,0.0017614136167995917,0.0014155770622317726,0.001470555048760246,0.0036181319262159482,0.0,0.008451451775463885,0.01547618990189954,0.0
63.0,0.0,0.4214577751874554,0.19566801503196424,0.14095678437327208,0.05690779650620627,0.0010319519486838749,0.004714171908505401,0.02004217579031397,0.03628485018721883,0.03734331967990496,0.012165230745814826,0.007399430147971925,0.0,0.0,0.4214577751874554,0.0,0.6236560318773656,0.43359602768039157,0.19132626446430873,0.025301529475866964,0.019103970621846832,0.06572644613225456,0.11391289030789944,0.11696750527481785,0.04839725873542069,0.0328007336932933,0.0,0.0,0.19566801503196424,0.6236560318773656,0.0,0.1892895439784265,0.08708706371008051,0.0008995062036768037,0.0013923152537463446,0.026844978931370646,0.05252770937617183,0.053914201031486364,0.016542326675312684,0.008931084361142885,0.0,0.0,0.14095678437327208,0.43359602768039157,0.1892895439784265,0.0,0.04306039731004616,0.0,0.00225458882938529,0.02279253810603619,0.03749275586763318,0.03720182935490493,0.011697315300109668,0.006016382017231193,0.0,0.0,0.05690779650620627,0.19132626446430873,0.08708706371008051,0.04306039731004616,0.0,0.0021240924640922093,0.0,0.005211954503118292,0.0150157356294016,0.01542321119186412,0.004630315796004723,0.0012934542348729222,0.0,0.0,0.0010319519486838749,0.025301529475866964,0.0008995062036768037,0.0,0.0021240924640922093,0.0,0.02776144823140813,0.0,0.0,0.0,0.0,0.00021899926034442743,0.0012280425867352907,0.0013836943326472255,0.004714171908505401,0.019103970621846832,0.0013923152537463446,0.00225458882938529,0.0,0.02776144823140813,0.0,0.026511629430100544,0.0,0.0,0.0,0.0,5.63682248824409e-05,0.000971505466762834,0.02004217579031397,0.06572644613225456,0.026844978931370646,0.02279253810603619,0.005211954503118292,0.0,0.026511629430100544,0.0,0.02117122968202572,0.0,0.0,0.0,4.314121555644922e-05,0.0,0.03628485018721883,0.11391289030789944,0.05252770937617183,0.03749275586763318,0.0150157356294016,0.0,0.0,0.02117122968202572,0.0,0.015114580575889604,0.0,1.656318145907892e-05,0.0,0.001353837630928572,0.03734331967990496,0.11696750527481785,0.053914201031486364,0.03720182935490493,0.01542321119186412,0.0,0.0,0.0,0.015114580575889604,0.0,0.023253146522768244,0.0,0.0022169204423142146,0.0,0.012165230745814826,0.04839725873542069,0.016542326675312684,0.011697315300109668,0.004630315796004723,0.0,0.0,0.0,0.0,0.023253146522768244,0.0,0.011753068663594877,0.009011564287125719,0.008937008719619841,0.007399430147971925,0.0328007336932933,0.008931084361142885,0.006016382017231193,0.0012934542348729222,0.00021899926034442743,0.0,0.0,1.656318145907892e-05,0.0,0.011753068663594877,0.0,0.02025797069346164,0.01620792242559625,0.0,0.0,0.0,0.0,0.0,0.0012280425867352907,5.63682248824409e-05,4.314121555644922e-05,0.0,0.0022169204423142146,0.009011564287125719,0.02025797069346164,0.0,0.03543280456030976,0.0,0.0,0.0,0.0,0.0,0.0013836943326472255,0.000971505466762834,0.0,0.001353837630928572,0.0,0.008937008719619841,0.01620792242559625,0.03543280456030976,0.0
64.0,0.0,0.43823948664275575,0.17619221684998138,0.14859553662444816,0.06361340255890391,0.021040281851504677,0.011827656330137128,0.010272512610274386,0.024742386519596184,0.048194898684334485,0.031410237405054546,0.010960361565835559,0.0,0.0,0.43823948664275575,0.0,0.5634842350390472,0.4633924312860576,0.20397159070079574,0.08284648630415722,0.05174622399378153,0.042669965161362546,0.08365676706421693,0.1602574476146552,0.11371022236636641,0.041377719038118044,0.0,0.0,0.17619221684998138,0.5634842350390472,0.0,0.18580172094189892,0.07912198694174602,0.022584195172736465,0.013290851254530446,0.010146574798988764,0.02638039147997673,0.05841572316992598,0.037545903954338385,0.009605841092392518,0.0,0.0,0.14859553662444816,0.4633924312860576,0.18580172094189892,0.0,0.05262409032178589,0.01502196708760595,0.007211240200413603,0.005246403945963482,0.02034207950711006,0.047677068945938324,0.02953348054168093,0.008995078084672592,0.0,0.0,0.06361340255890391,0.20397159070079574,0.07912198694174602,0.05262409032178589,0.0,0.0014322843399536352,0.0,0.0,0.006476859459834254,0.01708645034335918,0.01160101840880611,0.0011938276319062502,0.0,0.0,0.021040281851504677,0.08284648630415722,0.022584195172736465,0.01502196708760595,0.0014322843399536352,0.0,0.006646038169952767,0.0017827543401608239,0.0,0.0037244057342702367,0.00138789469696912,0.0,0.0,0.0,0.011827656330137128,0.05174622399378153,0.013290851254530446,0.007211240200413603,0.0,0.006646038169952767,0.0,0.005227244987226529,0.0,0.0008567999472606236,0.0,0.0,0.0008453238484431008,0.0017011562974378262,0.010272512610274386,0.042669965161362546,0.010146574798988764,0.005246403945963482,0.0,0.0017827543401608239,0.005227244987226529,0.0,0.012243939809831596,0.0,0.0,0.0,0.0,0.0,0.024742386519596184,0.08365676706421693,0.02638039147997673,0.02034207950711006,0.006476859459834254,0.0,0.0,0.012243939809831596,0.0,0.0,0.0007640884672332831,0.0,0.0,0.0,0.048194898684334485,0.1602574476146552,0.05841572316992598,0.047677068945938324,0.01708645034335918,0.0037244057342702367,0.0008567999472606236,0.0,0.0,0.0,0.0,0.0003532848808654506,0.0,0.0,0.031410237405054546,0.11371022236636641,0.037545903954338385,0.02953348054168093,0.01160101840880611,0.00138789469696912,0.0,0.0,0.0007640884672332831,0.0,0.0,0.003447040853685964,0.002603870727932377,0.0,0.010960361565835559,0.041377719038118044,0.009605841092392518,0.008995078084672592,0.0011938276319062502,0.0,0.0,0.0,0.0,0.0003532848808654506,0.003447040853685964,0.0,0.04182384490700599,0.0035076715469381592,0.0,0.0,0.0,0.0,0.0,0.0,0.0008453238484431008,0.0,0.0,0.0,0.002603870727932377,0.04182384490700599,0.0,0.04690029840331056,0.0,0.0,0.0,0.0,0.0,0.0,0.0017011562974378262,0.0,0.0,0.0,0.0,0.0035076715469381592,0.04690029840331056,0.0
65.0,0.0,0.41697656129836763,0.2026139391454952,0.012592061197930288,0.022184687221383066,0.01715432152460758,0.0003722287337444559,0.00203470206325671,0.007923520268965345,0.0,0.05352849030050433,0.017845051414729873,0.0,0.0,0.41697656129836763,0.0,0.7356155882853493,0.11066777857157338,0.1327042346675169,0.09140505302352453,0.023307714902282485,0.027720958884436334,0.050157032563981414,0.013149666908642887,0.1863596484044446,0.08134628365577587,0.0,0.0,0.2026139391454952,0.7356155882853493,0.0,0.03886359161870307,0.05965321401355974,0.0418119377957314,0.007558943258190157,0.005913042702245859,0.0162168753510513,0.0005064391649856337,0.09441185597809974,0.03220233957668441,0.0,0.0,0.012592061197930288,0.11066777857157338,0.03886359161870307,0.0,0.0,0.0,0.0,0.0011389310929678016,0.0,0.0,0.00702768032380611,0.0,0.0,0.0,0.022184687221383066,0.1327042346675169,0.05965321401355974,0.0,0.0,0.00924655304682339,0.0,0.0,0.0,0.0,0.014374693059062449,0.002132149396584745,0.0,0.0,0.01715432152460758,0.09140505302352453,0.0418119377957314,0.0,0.00924655304682339,0.0,0.020639533760962843,0.0023031056247067618,0.0,0.0,0.008354005630179991,0.0,0.0,0.0,0.0003722287337444559,0.023307714902282485,0.007558943258190157,0.0,0.0,0.020639533760962843,0.0,0.030305549284603394,0.0,0.0005250614057145302,0.0,0.0,0.002082842200387354,0.0,0.00203470206325671,0.027720958884436334,0.005913042702245859,0.0011389310929678016,0.0,0.0023031056247067618,0.030305549284603394,0.0,0.01752185839201933,0.0018958516890015082,0.0,0.0,0.0,0.0,0.007923520268965345,0.050157032563981414,0.0162168753510513,0.0,0.0,0.0,0.0,0.01752185839201933,0.0,0.02515326026091598,0.0003665855877428391,0.0,0.0,0.0012291532466485334,0.0,0.013149666908642887,0.0005064391649856337,0.0,0.0,0.0,0.0005250614057145302,0.0018958516890015082,0.02515326026091598,0.0,0.026458246309897574,0.0004014055369711469,0.0007677273107739942,0.001882835381047047,0.05352849030050433,0.1863596484044446,0.09441185597809974,0.00702768032380611,0.014374693059062449,0.008354005630179991,0.0,0.0,0.0003665855877428391,0.026458246309897574,0.0,0.0,0.0038210550570932167,0.0,0.017845051414729873,0.08134628365577587,0.03220233957668441,0.0,0.002132149396584745,0.0,0.0,0.0,0.0,0.0004014055369711469,0.0,0.0,0.02729848617708131,0.012822262686684344,0.0,0.0,0.0,0.0,0.0,0.0,0.002082842200387354,0.0,0.0,0.0007677273107739942,0.0038210550570932167,0.02729848617708131,0.0,0.04351064297561624,0.0,0.0,0.0,0.0,0.0,0.0,0.0,0.0,0.0012291532466485334,0.001882835381047047,0.0,0.012822262686684344,0.04351064297561624,0.0
66.0,0.0,0.34453165207364345,0.21712243289515776,0.08796496180118106,0.04591014228784437,0.02927012475965853,0.023306841696771205,0.001819978239810659,0.0036623867306495956,0.015630696306116586,0.03945061678966611,0.015026218062310257,0.0,0.0,0.34453165207364345,0.0,0.7609059570693151,0.3106024479313778,0.18321239921469185,0.11368612753416556,0.07845896690122972,0.015389854434140062,0.03377047905500316,0.07631805248907265,0.1482717466584057,0.064719253811899,0.0,0.0,0.21712243289515776,0.7609059570693151,0.0,0.18941856705154522,0.11165315363072303,0.06632460232300752,0.04517654210224494,0.003856719862639482,0.018685890889571448,0.04758996548314146,0.09870366094801664,0.03934406745213057,0.0,0.0,0.08796496180118106,0.3106024479313778,0.18941856705154522,0.0,0.027080902822296762,0.019218571755883936,0.013099115671989793,0.0,0.005462915393961397,0.01858508575902371,0.03570867284952308,0.012354681846794002,0.0,0.0,0.04591014228784437,0.18321239921469185,0.11165315363072303,0.027080902822296762,0.0,0.0061366510308191345,0.0026296889993914475,0.0,0.002374589760977504,0.00891028994045985,0.01944627493952093,0.006399935343135889,0.0,0.0,0.02927012475965853,0.11368612753416556,0.06632460232300752,0.019218571755883936,0.0061366510308191345,0.0,0.014867372396888193,0.0,0.0,0.0037088591388898555,0.011636014508442958,0.0033099399702755856,0.0,0.0,0.023306841696771205,0.07845896690122972,0.04517654210224494,0.013099115671989793,0.0026296889993914475,0.014867372396888193,0.0,0.028344126724830925,0.0,0.0021773951086543836,0.005551653107190711,0.0,0.0,0.00026067423066333307,0.001819978239810659,0.015389854434140062,0.003856719862639482,0.0,0.0,0.0,0.028344126724830925,0.0,0.021387023378781466,0.0,0.0,0.0,0.0,0.001249513706255527,0.0036623867306495956,0.03377047905500316,0.018685890889571448,0.005462915393961397,0.002374589760977504,0.0,0.0,0.021387023378781466,0.0,0.02978637363455263,0.001709996095778142,0.0,0.0,0.0013079099910326946,0.015630696306116586,0.07631805248907265,0.04758996548314146,0.01858508575902371,0.00891028994045985,0.0037088591388898555,0.0021773951086543836,0.0,0.02978637363455263,0.0,0.0,0.0,0.006079533873900247,0.006400890915613125,0.03945061678966611,0.1482717466584057,0.09870366094801664,0.03570867284952308,0.01944627493952093,0.011636014508442958,0.005551653107190711,0.0,0.001709996095778142,0.0,0.0,0.003841606562882068,0.0035032755727011774,0.0036004933688984046,0.015026218062310257,0.064719253811899,0.03934406745213057,0.012354681846794002,0.006399935343135889,0.0033099399702755856,0.0,0.0,0.0,0.0,0.003841606562882068,0.0,0.01794010962765634,0.011965027407545407,0.0,0.0,0.0,0.0,0.0,0.0,0.0,0.0,0.0,0.006079533873900247,0.0035032755727011774,0.01794010962765634,0.0,0.031650667656818385,0.0,0.0,0.0,0.0,0.0,0.0,0.00026067423066333307,0.001249513706255527,0.0013079099910326946,0.006400890915613125,0.0036004933688984046,0.011965027407545407,0.031650667656818385,0.0
67.0,0.0,0.3226834228084699,0.10343004566713812,0.07669436450370973,0.03151991888222984,0.007215278573840824,0.00772715472365739,0.00153494113024479,0.011956239198673009,0.027596744077023335,0.01383331532973159,0.0022882822326757276,0.0,0.0,0.3226834228084699,0.0,0.5523405629040778,0.40715372690356805,0.21649258069548916,0.0759064266495222,0.06544349796746228,0.03228309781623288,0.07389020669896959,0.14732180359164007,0.09584595429006074,0.05189773207089493,0.0,0.0,0.10343004566713812,0.5523405629040778,0.0,0.12758002394031942,0.062101616698947364,0.01360801069349767,0.017429599665796047,0.003800286663762377,0.02475829071040997,0.051346734751388276,0.028471726313588394,0.010022333030661084,0.0,0.0,0.07669436450370973,0.40715372690356805,0.12758002394031942,0.0,0.032098461100696155,0.011124225427598012,0.007008950709273735,0.0,0.01235822297577795,0.035419508973374064,0.01984133945717633,0.00814183288735445,0.0,0.0,0.03151991888222984,0.21649258069548916,0.062101616698947364,0.032098461100696155,0.0,0.022813481703904067,0.0,0.0,0.0053030982345896914,0.019094722800315714,0.00936218937324777,0.004148187341973388,0.0,0.0,0.007215278573840824,0.0759064266495222,0.01360801069349767,0.011124225427598012,0.022813481703904067,0.0,0.01119250525911059,0.003481266240471124,0.0,0.003626893507018327,6.011708716940336e-05,0.0,0.0005293791110032849,0.00033370645861051254,0.00772715472365739,0.06544349796746228,0.017429599665796047,0.007008950709273735,0.0,0.01119250525911059,0.0,0.005305002156681782,0.00014784306454677536,0.0009061405604175714,0.0007734407389384504,0.0,0.0,0.0,0.00153494113024479,0.03228309781623288,0.003800286663762377,0.0,0.0,0.003481266240471124,0.005305002156681782,0.0,0.016016646582298656,5.640559033430795e-05,0.0,0.0,0.0006954837670003449,0.0017475499112091957,0.011956239198673009,0.07389020669896959,0.02475829071040997,0.01235822297577795,0.0053030982345896914,0.0,0.00014784306454677536,0.016016646582298656,0.0,0.00958429112012267,0.0,0.0,0.0,0.005342428765258276,0.027596744077023335,0.14732180359164007,0.051346734751388276,0.035419508973374064,0.019094722800315714,0.003626893507018327,0.0009061405604175714,5.640559033430795e-05,0.00958429112012267,0.0,0.018649100710500736,0.0,0.0,0.0,0.01383331532973159,0.09584595429006074,0.028471726313588394,0.01984133945717633,0.00936218937324777,6.011708716940336e-05,0.0007734407389384504,0.0,0.0,0.018649100710500736,0.0,0.00798792922225204,0.0,0.0011896444015803025,0.0022882822326757276,0.05189773207089493,0.010022333030661084,0.00814183288735445,0.004148187341973388,0.0,0.0,0.0,0.0,0.0,0.00798792922225204,0.0,0.03749097766793043,0.00031207799235530504,0.0,0.0,0.0,0.0,0.0,0.0005293791110032849,0.0,0.0006954837670003449,0.0,0.0,0.0,0.03749097766793043,0.0,0.016186736440922486,0.0,0.0,0.0,0.0,0.0,0.00033370645861051254,0.0,0.0017475499112091957,0.005342428765258276,0.0,0.0011896444015803025,0.00031207799235530504,0.016186736440922486,0.0
68.0,0.0,0.21575841307474045,0.16965010553602344,0.0,0.0,0.0,0.0018994361916658778,0.0008114264983087322,0.0067214418818147825,0.011191784903775773,0.01191279895912557,0.0047262405085581405,0.0,0.0,0.21575841307474045,0.0,0.9288691597338105,0.07581645096061954,0.01968893496826305,0.008550586420307215,0.0414168001540467,0.0345624347045171,0.05263052861610476,0.08906094538612735,0.09720988366218195,0.04472614870105499,0.0,0.0,0.16965010553602344,0.9288691597338105,0.0,0.05660257913031122,0.009514518256821276,0.0,0.03293665204228692,0.02775581543692664,0.04427730616678853,0.07595678035178616,0.08161988775884686,0.041291902592727366,0.0,0.0,0.0,0.07581645096061954,0.05660257913031122,0.0,0.019167916040365,0.0013183747102188384,0.0,0.0,0.0,0.001661976742638968,0.0,0.0,0.0,0.0,0.0,0.01968893496826305,0.009514518256821276,0.019167916040365,0.0,0.03274637992560921,0.0038711314529618155,0.0,0.0,0.0,0.0,0.0,0.0010062412876249284,0.0005916170431042859,0.0,0.008550586420307215,0.0,0.0013183747102188384,0.03274637992560921,0.0,0.028382794282090954,0.0012727208693682282,0.0,0.0,0.0,0.0,0.0,0.0007882825241477217,0.0018994361916658778,0.0414168001540467,0.03293665204228692,0.0,0.0038711314529618155,0.028382794282090954,0.0,0.029381266783352806,0.0,7.222769718641289e-05,0.00036481256782075727,0.0,0.0,0.0004004278238156307,0.0008114264983087322,0.0345624347045171,0.02775581543692664,0.0,0.0,0.0012727208693682282,0.029381266783352806,0.0,0.02139540231681723,0.0,0.0,0.0,0.0,0.0025095516254067187,0.0067214418818147825,0.05263052861610476,0.04427730616678853,0.0,0.0,0.0,0.0,0.02139540231681723,0.0,0.008393444681918688,0.0,0.0,6.743907104886176e-05,0.002778571641047256,0.011191784903775773,0.08906094538612735,0.07595678035178616,0.001661976742638968,0.0,0.0,7.222769718641289e-05,0.0,0.008393444681918688,0.0,0.01103776528081166,0.0,0.0,0.0034310532811879144,0.01191279895912557,0.09720988366218195,0.08161988775884686,0.0,0.0,0.0,0.00036481256782075727,0.0,0.0,0.01103776528081166,0.0,0.011744684257911059,0.009785746470472069,0.001161224889212857,0.0047262405085581405,0.04472614870105499,0.041291902592727366,0.0,0.0,0.0,0.0,0.0,0.0,0.0,0.011744684257911059,0.0,0.028183934078963906,0.009858393446738384,0.0,0.0,0.0,0.0,0.0010062412876249284,0.0,0.0,0.0,6.743907104886176e-05,0.0,0.009785746470472069,0.028183934078963906,0.0,0.01174412379373797,0.0,0.0,0.0,0.0,0.0005916170431042859,0.0007882825241477217,0.0004004278238156307,0.0025095516254067187,0.002778571641047256,0.0034310532811879144,0.001161224889212857,0.009858393446738384,0.01174412379373797,0.0
69.0,0.0,0.15982163453719325,0.003107286954511846,0.03504502448410338,0.003035981294226985,0.0,0.0010803085074076709,0.0011601754904815994,0.0,0.0025304535081960944,0.008639504886222244,0.000879826266190262,0.0,0.0,0.15982163453719325,0.0,0.27102449702112197,0.5104711113503816,0.1810730501929034,0.08134337760563753,0.07108393142515726,0.07859252541707468,0.04702548660959483,0.0849002821733741,0.15341289607855785,0.07610675173018416,0.0041658964598616085,0.0,0.003107286954511846,0.27102449702112197,0.0,0.05895760855337491,0.011740885301996868,0.0,0.0013327655663345876,0.00893969479533209,0.002819407604855615,0.006018291322680673,0.01163562791771458,0.0,0.0,0.0,0.03504502448410338,0.5104711113503816,0.05895760855337491,0.0,0.02646549222617047,0.009679667164578862,0.01330042319095948,0.019731709224496085,0.008921423779970584,0.01978525602170662,0.03909224425040388,0.013928735573675927,0.0,0.0,0.003035981294226985,0.1810730501929034,0.011740885301996868,0.02646549222617047,0.0,0.008872889003770484,0.0,0.00020822479392235225,0.0,0.003442467741098033,0.012376827441752159,0.000604945070027112,0.0,0.0,0.0,0.08134337760563753,0.0,0.009679667164578862,0.008872889003770484,0.0,0.019267213368851264,0.0,0.0,0.0,0.001655276343184007,0.0,0.0005744158689980562,0.0001783680336600417,0.0010803085074076709,0.07108393142515726,0.0013327655663345876,0.01330042319095948,0.0,0.019267213368851264,0.0,0.023996420959218556,0.00012205945957517852,0.0,0.0020444682199686004,0.0,0.00035844108330874524,0.0013502092455135143,0.0011601754904815994,0.07859252541707468,0.00893969479533209,0.019731709224496085,0.00020822479392235225,0.0,0.023996420959218556,0.0,0.02238939623128754,0.0,0.00112844772139889,0.0,8.409974632614468e-05,0.0,0.0,0.04702548660959483,0.002819407604855615,0.008921423779970584,0.0,0.0,0.00012205945957517852,0.02238939623128754,0.0,0.025908323729162172,0.0,0.0,0.0020318873094813217,0.0025284780703155106,0.0025304535081960944,0.0849002821733741,0.006018291322680673,0.01978525602170662,0.003442467741098033,0.0,0.0,0.0,0.025908323729162172,0.0,0.012878397720747788,0.0,0.0033802779933503713,0.0034719794401111633,0.008639504886222244,0.15341289607855785,0.01163562791771458,0.03909224425040388,0.012376827441752159,0.001655276343184007,0.0020444682199686004,0.00112844772139889,0.0,0.012878397720747788,0.0,0.01945207239436107,0.0,0.0011265960851241932,0.000879826266190262,0.07610675173018416,0.0,0.013928735573675927,0.000604945070027112,0.0,0.0,0.0,0.0,0.0,0.01945207239436107,0.0,0.01697501978946345,0.008852974429052567,0.0,0.0041658964598616085,0.0,0.0,0.0,0.0005744158689980562,0.00035844108330874524,8.409974632614468e-05,0.0020318873094813217,0.0033802779933503713,0.0,0.01697501978946345,0.0,0.0254289292427822,0.0,0.0,0.0,0.0,0.0,0.0001783680336600417,0.0013502092455135143,0.0,0.0025284780703155106,0.0034719794401111633,0.0011265960851241932,0.008852974429052567,0.0254289292427822,0.0
70.0,0.0,0.04822697991505533,0.026232361212955416,0.004039448112642969,0.0,0.0,0.0,0.00036310323173786835,0.0,0.0,0.0,0.0,0.0,0.0,0.04822697991505533,0.0,0.8096128879973493,0.3470765285122108,0.2609409434236689,0.16857640819356184,0.054540576468959476,0.0,0.01850258001113621,0.10687864296297801,0.09301934408769262,0.04101460752114388,0.0,0.0,0.026232361212955416,0.8096128879973493,0.0,0.23033868861031384,0.17733729783373695,0.10935337675232822,0.03513245124396074,0.0,0.008802033905862205,0.07704953058732185,0.06716810100552004,0.02881435527888744,0.0,0.0,0.004039448112642969,0.3470765285122108,0.23033868861031384,0.0,0.061554643636407814,0.038101915223589855,0.012253084509167008,0.0,0.0,0.030430838248614856,0.02596123503184581,0.005809587225159966,0.0,0.0,0.0,0.2609409434236689,0.17733729783373695,0.061554643636407814,0.0,0.023658122294260592,0.0026215190716568173,0.0,0.0,0.021263204079547095,0.018836911276415465,0.004197757565302619,0.0,0.0,0.0,0.16857640819356184,0.10935337675232822,0.038101915223589855,0.023658122294260592,0.0,0.007473179768615633,0.001961323265055553,0.0,0.014246253901994414,0.009827457661567835,0.002948319572221653,0.0,0.0,0.0,0.054540576468959476,0.03513245124396074,0.012253084509167008,0.0026215190716568173,0.007473179768615633,0.0,0.003136950373942919,0.004612566126305435,0.0011540914585042488,0.000624879034109162,0.0,0.0,0.0008329538239866402,0.00036310323173786835,0.0,0.0,0.0,0.0,0.001961323265055553,0.003136950373942919,0.0,0.014149306459177013,0.001671907863675338,0.0,0.0009820742852527432,0.0006162798579761155,0.0006542118094442478,0.0,0.01850258001113621,0.008802033905862205,0.0,0.0,0.0,0.004612566126305435,0.014149306459177013,0.0,0.02321430558438743,0.0,0.003603918830912862,0.000663410414392596,0.00145198792311764,0.0,0.10687864296297801,0.07704953058732185,0.030430838248614856,0.021263204079547095,0.014246253901994414,0.0011540914585042488,0.001671907863675338,0.02321430558438743,0.0,0.01598206567230884,0.0015264074112641642,0.0005905143424187523,0.0021152410071383493,0.0,0.09301934408769262,0.06716810100552004,0.02596123503184581,0.018836911276415465,0.009827457661567835,0.000624879034109162,0.0,0.0,0.01598206567230884,0.0,0.01673458397516299,0.004878622323927914,0.0023089187032626574,0.0,0.04101460752114388,0.02881435527888744,0.005809587225159966,0.004197757565302619,0.002948319572221653,0.0,0.0009820742852527432,0.003603918830912862,0.0015264074112641642,0.01673458397516299,0.0,0.03789820699252355,0.0013508837918783287,0.0,0.0,0.0,0.0,0.0,0.0,0.0,0.0006162798579761155,0.000663410414392596,0.0005905143424187523,0.004878622323927914,0.03789820699252355,0.0,0.0422934125787521,0.0,0.0,0.0,0.0,0.0,0.0,0.0008329538239866402,0.0006542118094442478,0.00145198792311764,0.0021152410071383493,0.0023089187032626574,0.0013508837918783287,0.0422934125787521,0.0
71.0,0.0,0.07967246081988694,0.0,0.005115672238255601,0.0,0.0,0.0,0.0,0.0,0.0,0.0011444430127500595,0.0,0.0,0.0,0.07967246081988694,0.0,0.39046761453845974,0.05403703475344614,0.17443773932996745,0.1514433700602581,0.07504588347437677,0.05326786061054149,0.08862120023199067,0.09324603719298795,0.16939914988542404,0.0854633522508609,0.0014893213924323844,0.0,0.0,0.39046761453845974,0.0,0.010067426438551633,0.01679167146262898,0.018568420258041788,0.0068889467910344775,0.0007570804051590186,0.010364318718021513,0.00974709035256526,0.02338814502802982,0.007316919880859364,0.0,0.0,0.005115672238255601,0.05403703475344614,0.010067426438551633,0.0,0.00930533776911228,0.0024722597922706134,0.002676995742472579,0.0,0.00012542374882913135,0.0,0.0,0.0,0.0,0.0,0.0,0.17443773932996745,0.01679167146262898,0.00930533776911228,0.0,0.0,0.0,0.0,0.0006300202540991597,0.002697196746442855,0.00992359831279085,0.0,0.0,0.0,0.0,0.1514433700602581,0.018568420258041788,0.0024722597922706134,0.0,0.0,0.020600332209520653,0.0,5.553830128526317e-05,0.002208267989745401,0.006695453383309683,0.00011256700373068888,0.0,0.0,0.0,0.07504588347437677,0.0068889467910344775,0.002676995742472579,0.0,0.020600332209520653,0.0,0.030854445024721577,0.00102100663248859,0.0,0.0011394864827881563,0.0,0.0,0.0,0.0,0.05326786061054149,0.0007570804051590186,0.0,0.0,0.0,0.030854445024721577,0.0,0.01519515297229259,0.00015832818317343134,0.0,0.0,0.0,0.0,0.0,0.08862120023199067,0.010364318718021513,0.00012542374882913135,0.0006300202540991597,5.553830128526317e-05,0.00102100663248859,0.01519515297229259,0.0,0.00834866540983392,0.000431395767782422,0.00011702144764062821,0.0,0.0,0.0,0.09324603719298795,0.00974709035256526,0.0,0.002697196746442855,0.002208267989745401,0.0,0.00015832818317343134,0.00834866540983392,0.0,0.0056686983613215836,0.0,0.0,0.0,0.0011444430127500595,0.16939914988542404,0.02338814502802982,0.0,0.00992359831279085,0.006695453383309683,0.0011394864827881563,0.0,0.000431395767782422,0.0056686983613215836,0.0,0.024340289099657752,0.003240025717244048,0.0,0.0,0.0854633522508609,0.007316919880859364,0.0,0.0,0.00011256700373068888,0.0,0.0,0.00011702144764062821,0.0,0.024340289099657752,0.0,0.029147977164729524,0.012108825160348259,0.0,0.0014893213924323844,0.0,0.0,0.0,0.0,0.0,0.0,0.0,0.0,0.003240025717244048,0.029147977164729524,0.0,0.047465897453422785,0.0,0.0,0.0,0.0,0.0,0.0,0.0,0.0,0.0,0.0,0.0,0.012108825160348259,0.047465897453422785,0.0
72.0,0.0,0.11481622448541828,0.08939402525797409,0.03924834535674201,0.007955810791162582,0.0,0.0,0.0,0.0,0.006610529623078928,0.004485509927576768,0.0,0.0,0.0,0.11481622448541828,0.0,0.8272601142155249,0.4335432468084619,0.14624034768119873,0.061072121105540694,0.025638936939778662,0.029177074943573623,0.017527552489723375,0.11020729258947809,0.09371458161709713,0.049611633420651294,0.0,0.0,0.08939402525797409,0.8272601142155249,0.0,0.3227484168706976,0.09640371566637566,0.037090759805834685,0.015081238266783772,0.01762413135288888,0.008742616438405036,0.08662532472712657,0.07700676709008733,0.04134339290235578,0.0,0.0,0.03924834535674201,0.4335432468084619,0.3227484168706976,0.0,0.025216253094534798,0.01342534643071924,0.0,0.008268779655949602,0.00289282208857181,0.04607931756699757,0.04180047990386155,0.020678874398724578,0.0,0.0,0.007955810791162582,0.14624034768119873,0.09640371566637566,0.025216253094534798,0.0,0.013358960915960097,0.0,0.0,0.0,0.013521960756472972,0.01261127003736053,0.004161056113960809,0.0,0.0,0.0,0.061072121105540694,0.037090759805834685,0.01342534643071924,0.013358960915960097,0.0,0.01549325923792546,0.0,0.0,0.0031070919152370174,0.0035181070371072304,0.0,0.0,0.0,0.0,0.025638936939778662,0.015081238266783772,0.0,0.0,0.01549325923792546,0.0,0.030088671080239632,0.0011550515872683106,0.0,0.0,0.0,7.269379509612108e-05,9.795523705249834e-05,0.0,0.029177074943573623,0.01762413135288888,0.008268779655949602,0.0,0.0,0.030088671080239632,0.0,0.026187047994570552,0.0,0.0,0.0,0.0,6.748563956585595e-05,0.0,0.017527552489723375,0.008742616438405036,0.00289282208857181,0.0,0.0,0.0011550515872683106,0.026187047994570552,0.0,0.021890333800641253,0.0,0.0,0.0012872015041509258,0.0015078195960740626,0.006610529623078928,0.11020729258947809,0.08662532472712657,0.04607931756699757,0.013521960756472972,0.0031070919152370174,0.0,0.0,0.021890333800641253,0.0,0.018258106932133672,0.0003181641297303598,0.0036525820228849515,0.0,0.004485509927576768,0.09371458161709713,0.07700676709008733,0.04180047990386155,0.01261127003736053,0.0035181070371072304,0.0,0.0,0.0,0.018258106932133672,0.0,0.021308726600147397,0.002596655027959755,0.0,0.0,0.049611633420651294,0.04134339290235578,0.020678874398724578,0.004161056113960809,0.0,0.0,0.0,0.0,0.0003181641297303598,0.021308726600147397,0.0,0.010153326638724687,0.013956110348333373,0.0,0.0,0.0,0.0,0.0,0.0,7.269379509612108e-05,0.0,0.0012872015041509258,0.0036525820228849515,0.002596655027959755,0.010153326638724687,0.0,0.0402131052027105,0.0,0.0,0.0,0.0,0.0,0.0,9.795523705249834e-05,6.748563956585595e-05,0.0015078195960740626,0.0,0.0,0.013956110348333373,0.0402131052027105,0.0
73.0,0.0,0.28148544413587684,0.01090576927559391,0.04906871080712328,0.023631439554119435,0.0005230784236922646,0.002524908543313532,0.001568717865843486,0.0,0.00955639924659148,0.02369703678076085,0.004544901200463327,0.0,0.0,0.28148544413587684,0.0,0.19990459976080513,0.39925609144819907,0.21611558216936078,0.03925594399703882,0.05089663915992992,0.05104163250417328,0.02365512754294838,0.09502323014307917,0.19781936791751087,0.08881946450138173,0.0037827061914095525,0.0,0.01090576927559391,0.19990459976080513,0.0,0.002641998003819465,0.0,0.0,0.0,0.0,0.0,0.0012627264198389499,0.013288450395972843,0.0010451429471433973,0.0,0.0,0.04906871080712328,0.39925609144819907,0.002641998003819465,0.0,0.014029269559505892,0.0,7.723018408727078e-05,0.0,0.0,0.013146054734643215,0.037126221478542526,0.014370823825912723,0.0,0.0,0.023631439554119435,0.21611558216936078,0.0,0.014029269559505892,0.0,0.024710759402410302,0.0,0.0,0.0,0.005527044666368979,0.019093300864187493,0.006282068714088949,0.0,0.0,0.0005230784236922646,0.03925594399703882,0.0,0.0,0.024710759402410302,0.0,0.024071245979158225,0.004092076408940976,0.0002211657568022597,0.0,0.0,0.0,0.0,0.0,0.002524908543313532,0.05089663915992992,0.0,7.723018408727078e-05,0.0,0.024071245979158225,0.0,0.0029588517391514173,3.6693941636497694e-05,0.0,0.0,0.0,0.0005227791764460823,0.0,0.001568717865843486,0.05104163250417328,0.0,0.0,0.0,0.004092076408940976,0.0029588517391514173,0.0,0.021386414758435206,0.0005716485490235295,0.00020571559758948612,0.0,0.0,0.001201644507846753,0.0,0.02365512754294838,0.0,0.0,0.0,0.0002211657568022597,3.6693941636497694e-05,0.021386414758435206,0.0,0.020157367884865603,0.0,0.0,0.0019872248458005235,0.0010590649622453307,0.00955639924659148,0.09502323014307917,0.0012627264198389499,0.013146054734643215,0.005527044666368979,0.0,0.0,0.0005716485490235295,0.020157367884865603,0.0,0.0,0.0014933460936475327,0.0,0.0019017625705704836,0.02369703678076085,0.19781936791751087,0.013288450395972843,0.037126221478542526,0.019093300864187493,0.0,0.0,0.00020571559758948612,0.0,0.0,0.0,0.018638621372937383,0.005890362675362667,0.0051781444256866795,0.004544901200463327,0.08881946450138173,0.0010451429471433973,0.014370823825912723,0.006282068714088949,0.0,0.0,0.0,0.0,0.0014933460936475327,0.018638621372937383,0.0,0.036202286551778144,0.0007758733243705177,0.0,0.0037827061914095525,0.0,0.0,0.0,0.0,0.0005227791764460823,0.0,0.0019872248458005235,0.0,0.005890362675362667,0.036202286551778144,0.0,0.018716971977878902,0.0,0.0,0.0,0.0,0.0,0.0,0.0,0.001201644507846753,0.0010590649622453307,0.0019017625705704836,0.0051781444256866795,0.0007758733243705177,0.018716971977878902,0.0
74.0,0.0,0.24945411817859459,0.2333119979682013,0.019773501522068873,0.008305827171660786,0.006825951194128779,0.01092871490296827,0.0050820352993521545,0.005742524172545614,0.012287288220201245,0.025543319718393197,0.00904012921816102,0.0,0.0,0.24945411817859459,0.0,0.9096797390468427,0.11755207210358354,0.052106995874550914,0.04127849883111082,0.05483183224627175,0.032798445984335345,0.03327608086982416,0.06185753822591438,0.11278043759924923,0.0441140872588978,0.0,0.0,0.2333119979682013,0.9096797390468427,0.0,0.10597376821954187,0.04882655493335504,0.04444267881450318,0.057982256744109215,0.037011446060161234,0.03257722585577842,0.06258801657140911,0.11590937909097684,0.04872781134877049,0.0,0.0,0.019773501522068873,0.11755207210358354,0.10597376821954187,0.0,0.02545626922278222,0.0,0.0,0.0,0.0,0.0040048805507413325,0.013029530595778509,0.0,0.0,0.0,0.008305827171660786,0.052106995874550914,0.04882655493335504,0.02545626922278222,0.0,0.030544943797706597,0.000655797904959505,0.0,0.0,0.000567232309278486,0.0049080437043979765,0.0,0.0,0.0,0.006825951194128779,0.04127849883111082,0.04444267881450318,0.0,0.030544943797706597,0.0,0.02395380558269644,0.004561085479675225,0.0,0.0,0.0032344082064662367,0.0,0.0,0.00027615331648817487,0.01092871490296827,0.05483183224627175,0.057982256744109215,0.0,0.000655797904959505,0.02395380558269644,0.0,0.03382516015197179,0.0,0.001207996215131984,0.005285120385118875,0.0,0.0,0.0,0.0050820352993521545,0.032798445984335345,0.037011446060161234,0.0,0.0,0.004561085479675225,0.03382516015197179,0.0,0.020236790209704585,0.0,0.0015642176948820314,0.0,0.0,0.0,0.005742524172545614,0.03327608086982416,0.03257722585577842,0.0,0.0,0.0,0.0,0.020236790209704585,0.0,0.013034370156562622,0.0004943826224513572,0.0,0.0021488913477031965,0.0012845296696541411,0.012287288220201245,0.06185753822591438,0.06258801657140911,0.0040048805507413325,0.000567232309278486,0.0,0.001207996215131984,0.0,0.013034370156562622,0.0,0.024369562506654105,0.0,0.0031465055554011885,0.0009436452153415,0.025543319718393197,0.11278043759924923,0.11590937909097684,0.013029530595778509,0.0049080437043979765,0.0032344082064662367,0.005285120385118875,0.0015642176948820314,0.0004943826224513572,0.024369562506654105,0.0,0.025705123031173182,0.0,0.0013153731077748994,0.00904012921816102,0.0441140872588978,0.04872781134877049,0.0,0.0,0.0,0.0,0.0,0.0,0.0,0.025705123031173182,0.0,0.03273359336780708,0.013858503159047908,0.0,0.0,0.0,0.0,0.0,0.0,0.0,0.0,0.0021488913477031965,0.0031465055554011885,0.0,0.03273359336780708,0.0,0.010923914964547124,0.0,0.0,0.0,0.0,0.0,0.00027615331648817487,0.0,0.0,0.0012845296696541411,0.0009436452153415,0.0013153731077748994,0.013858503159047908,0.010923914964547124,0.0
75.0,0.0,0.42797777712282004,0.04279107307280098,0.08891497003053457,0.039159747841857,0.030521433042696996,0.016367717979653057,0.006809528118296715,0.03244436731293707,0.041008379200547444,0.016698210362535257,0.0077500725914798705,0.0,0.0,0.42797777712282004,0.0,0.241848918607801,0.3707738975654974,0.20312987316240094,0.15819167969938877,0.09166627599385346,0.05697925842027424,0.14542866000927807,0.17926522503447742,0.08557956799464182,0.05666654569265963,0.0,0.0,0.04279107307280098,0.241848918607801,0.0,0.03389519174321138,0.01160894952932683,0.008555901072105946,0.0,0.0,0.011599224714660404,0.02211619574826709,0.0032752944935499134,0.0,0.0,0.0,0.08891497003053457,0.3707738975654974,0.03389519174321138,0.0,0.018332654626554055,0.019830600546918837,0.016306467000125027,0.006752374789993548,0.025606963184012527,0.033138605251437865,0.013342819201496941,0.0036618080832137067,0.0,0.0,0.039159747841857,0.20312987316240094,0.01160894952932683,0.018332654626554055,0.0,0.01258667729874083,0.0034854438797122097,0.0,0.013218388632397436,0.019145140185879105,0.006036330226364087,0.0007118950411778976,0.0,0.0,0.030521433042696996,0.15819167969938877,0.008555901072105946,0.019830600546918837,0.01258667729874083,0.0,0.002385066254129148,0.0,0.009289195555643528,0.012356166900933985,0.0015298172055686295,0.0006894669285443072,0.0,0.0,0.016367717979653057,0.09166627599385346,0.0,0.016306467000125027,0.0034854438797122097,0.002385066254129148,0.0,0.02513995222556631,0.0013193222739655735,0.005923914789750157,0.0,0.0,0.0,0.0012565094240333137,0.006809528118296715,0.05697925842027424,0.0,0.006752374789993548,0.0,0.0,0.02513995222556631,0.0,0.009001394420543188,0.0019443486223325295,0.0,0.0,0.0016224979258654343,0.0,0.03244436731293707,0.14542866000927807,0.011599224714660404,0.025606963184012527,0.013218388632397436,0.009289195555643528,0.0013193222739655735,0.009001394420543188,0.0,0.0,0.0013629819809054902,0.0010666609721800735,0.0,0.0,0.041008379200547444,0.17926522503447742,0.02211619574826709,0.033138605251437865,0.019145140185879105,0.012356166900933985,0.005923914789750157,0.0019443486223325295,0.0,0.0,0.004501872475461837,0.0020714263049466846,0.0016635844735357972,0.0,0.016698210362535257,0.08557956799464182,0.0032752944935499134,0.013342819201496941,0.006036330226364087,0.0015298172055686295,0.0,0.0,0.0013629819809054902,0.004501872475461837,0.0,0.029994187916297533,0.00698024929012278,0.0,0.0077500725914798705,0.05666654569265963,0.0,0.0036618080832137067,0.0007118950411778976,0.0006894669285443072,0.0,0.0,0.0010666609721800735,0.0020714263049466846,0.029994187916297533,0.0,0.006289173793708302,0.011067905560253638,0.0,0.0,0.0,0.0,0.0,0.0,0.0,0.0016224979258654343,0.0,0.0016635844735357972,0.00698024929012278,0.006289173793708302,0.0,0.03252110532398635,0.0,0.0,0.0,0.0,0.0,0.0,0.0012565094240333137,0.0,0.0,0.0,0.0,0.011067905560253638,0.03252110532398635,0.0
76.0,0.0,0.3345413767652849,0.26318920563240406,0.11024454790353967,0.048087168586410836,0.013890658570469975,0.00022973508406006035,0.01139020049309259,0.026236904407925157,0.04255741176484891,0.03021568195493643,0.011319508286016607,0.0,0.0,0.3345413767652849,0.0,0.7818597645882446,0.3583457117357979,0.18467620869044493,0.04593750668426663,0.00502401094035991,0.04172003596011091,0.08453222583732747,0.12482991976412501,0.08304428127646289,0.033479858695122856,0.0,0.0,0.26318920563240406,0.7818597645882446,0.0,0.2766061440324266,0.14322144752956,0.041172259074053294,0.007477382621796097,0.029206862808440186,0.0673339728189285,0.1032530543219357,0.06978096127937718,0.03136578569912092,0.0,0.0,0.11024454790353967,0.3583457117357979,0.2766061440324266,0.0,0.05110123820593093,0.01109365830224568,0.0,0.009566411479348984,0.029456790883931053,0.044421718533905294,0.028048729304645206,0.013641283036001827,0.0,0.0,0.048087168586410836,0.18467620869044493,0.14322144752956,0.05110123820593093,0.0,0.004131835838090088,0.0,0.001990074701948219,0.012413837968545074,0.02302191413354668,0.015198828131037628,0.005607394406244569,0.0,0.0,0.013890658570469975,0.04593750668426663,0.041172259074053294,0.01109365830224568,0.004131835838090088,0.0,0.024231005298786024,0.0009659704864313215,0.0,0.003805986337327129,0.0,0.0,0.0,0.0,0.00022973508406006035,0.00502401094035991,0.007477382621796097,0.0,0.0,0.024231005298786024,0.0,0.0035803328184920865,0.0010568989808331093,0.0,0.0,0.0,0.0005956345691598279,0.0026391510727849306,0.01139020049309259,0.04172003596011091,0.029206862808440186,0.009566411479348984,0.001990074701948219,0.0009659704864313215,0.0035803328184920865,0.0,0.013700193102978611,0.0018485274343727582,0.0009155225078654129,0.0,0.0,0.0,0.026236904407925157,0.08453222583732747,0.0673339728189285,0.029456790883931053,0.012413837968545074,0.0,0.0010568989808331093,0.013700193102978611,0.0,0.015663730886372497,0.00371707370396648,0.0,0.0,0.0,0.04255741176484891,0.12482991976412501,0.1032530543219357,0.044421718533905294,0.02302191413354668,0.003805986337327129,0.0,0.0018485274343727582,0.015663730886372497,0.0,0.012120021441149105,0.0,0.0,0.0,0.03021568195493643,0.08304428127646289,0.06978096127937718,0.028048729304645206,0.015198828131037628,0.0,0.0,0.0009155225078654129,0.00371707370396648,0.012120021441149105,0.0,0.029929215124188627,0.0,0.0015446569558106751,0.011319508286016607,0.033479858695122856,0.03136578569912092,0.013641283036001827,0.005607394406244569,0.0,0.0,0.0,0.0,0.0,0.029929215124188627,0.0,0.02839837071161266,0.001515081840002227,0.0,0.0,0.0,0.0,0.0,0.0,0.0005956345691598279,0.0,0.0,0.0,0.0,0.02839837071161266,0.0,0.04581448154947468,0.0,0.0,0.0,0.0,0.0,0.0,0.0026391510727849306,0.0,0.0,0.0,0.0015446569558106751,0.001515081840002227,0.04581448154947468,0.0
77.0,0.0,0.5026189777950815,0.13420495035263785,0.0,0.0,0.006749456724309175,0.0037186436565558845,0.0029117120980733796,0.006443697050060867,0.011880186823000821,0.0672310217103436,0.026546530978549514,0.0,0.0,0.5026189777950815,0.0,0.4855449236995419,0.011689362826002615,0.03416471305606642,0.049983397414365575,0.03333666499817186,0.03123243375527533,0.04826139465445722,0.06392177402934753,0.22822981702325962,0.09893360663203414,0.0,0.0,0.13420495035263785,0.4855449236995419,0.0,0.021365793440686724,0.0,0.0,0.005465717688572269,0.004892729839993267,0.008547471198791897,0.014469517735050452,0.06721381184228616,0.022394200953235004,0.0,0.0,0.0,0.011689362826002615,0.021365793440686724,0.0,0.015275012588576858,0.00014159473313960186,0.0,0.001724138543400382,0.0016845010778148428,0.0,0.0,0.0,0.0,0.0,0.0,0.03416471305606642,0.0,0.015275012588576858,0.0,0.015008285574628133,0.002851964982275501,0.00026433519439307204,0.0,0.0,0.0,0.0,0.0002605008493006037,0.0,0.006749456724309175,0.049983397414365575,0.0,0.00014159473313960186,0.015008285574628133,0.0,0.02022225530985408,0.0018404992382660054,0.0,0.0,0.004027571143898628,0.0,0.0,9.563909633240062e-05,0.0037186436565558845,0.03333666499817186,0.005465717688572269,0.0,0.002851964982275501,0.02022225530985408,0.0,0.0321705569429199,0.0033107849153593597,0.0,0.0,0.0,0.0,0.0,0.0029117120980733796,0.03123243375527533,0.004892729839993267,0.001724138543400382,0.00026433519439307204,0.0018404992382660054,0.0321705569429199,0.0,0.024111445972279995,0.0016635424788462787,0.0,0.0,0.0003340709192371547,0.0,0.006443697050060867,0.04826139465445722,0.008547471198791897,0.0016845010778148428,0.0,0.0,0.0033107849153593597,0.024111445972279995,0.0,0.021041025207271913,0.003318489970562025,0.0,0.0,0.0,0.011880186823000821,0.06392177402934753,0.014469517735050452,0.0,0.0,0.0,0.0,0.0016635424788462787,0.021041025207271913,0.0,0.015491625415135086,0.0,0.0017687269106043408,0.0,0.0672310217103436,0.22822981702325962,0.06721381184228616,0.0,0.0,0.004027571143898628,0.0,0.0,0.003318489970562025,0.015491625415135086,0.0,0.015784587029516798,0.002173719410485272,0.0,0.026546530978549514,0.09893360663203414,0.022394200953235004,0.0,0.0,0.0,0.0,0.0,0.0,0.0,0.015784587029516798,0.0,0.02798661170117905,0.009636320297917755,0.0,0.0,0.0,0.0,0.0002605008493006037,0.0,0.0,0.0003340709192371547,0.0,0.0017687269106043408,0.002173719410485272,0.02798661170117905,0.0,0.047709847632541554,0.0,0.0,0.0,0.0,0.0,9.563909633240062e-05,0.0,0.0,0.0,0.0,0.0,0.009636320297917755,0.047709847632541554,0.0
78.0,0.0,0.3782066359916101,0.23831332496209898,0.14948782125234886,0.05227684419552905,0.006848155597560992,0.005336723159459234,0.00971013264910025,0.0012308910476833898,0.030851023446405907,0.06011230970130141,0.024915460188380173,0.0,0.0,0.3782066359916101,0.0,0.6908899766010735,0.4463310521732097,0.18598833349928903,0.04674918180677224,0.022712632350626566,0.035120919720116564,0.012317985729366925,0.0874168061146902,0.16738654033867534,0.07238537799431265,0.0,0.0,0.23831332496209898,0.6908899766010735,0.0,0.2742307070895219,0.10709221978113466,0.023729515061487752,0.01347510928368447,0.0238229671888937,0.006057589533597826,0.057871946832142813,0.10782742236560387,0.04262945869320883,0.0,0.0,0.14948782125234886,0.4463310521732097,0.2742307070895219,0.0,0.052622739637486336,0.0032347551678212688,0.003841517096523081,0.012490648166300106,0.0012901517028775934,0.03643435836947678,0.06867976191912248,0.02793039727528962,0.0,0.0,0.05227684419552905,0.18598833349928903,0.10709221978113466,0.052622739637486336,0.0,0.0028202506794051587,0.0,0.0,0.0,0.011647410503577418,0.028991963700382546,0.008887418664749801,0.0,0.0,0.006848155597560992,0.04674918180677224,0.023729515061487752,0.0032347551678212688,0.0028202506794051587,0.0,0.00715268461851778,0.0021189721179183177,0.0,0.0,0.0009823727561543369,0.0,0.0,0.0,0.005336723159459234,0.022712632350626566,0.01347510928368447,0.003841517096523081,0.0,0.00715268461851778,0.0,0.025527815844590414,0.002453246532853981,0.0,0.0,0.0,0.0012851832748570183,0.0,0.00971013264910025,0.035120919720116564,0.0238229671888937,0.012490648166300106,0.0,0.0021189721179183177,0.025527815844590414,0.0,0.021925448279879838,0.0,0.0022911076483466846,2.9594249119985682e-05,0.0015598541833295185,0.0,0.0012308910476833898,0.012317985729366925,0.006057589533597826,0.0012901517028775934,0.0,0.0,0.002453246532853981,0.021925448279879838,0.0,0.004742189179371775,0.0,0.0002036363080678014,0.0006142980571089084,0.0017810912031833348,0.030851023446405907,0.0874168061146902,0.057871946832142813,0.03643435836947678,0.011647410503577418,0.0,0.0,0.0,0.004742189179371775,0.0,0.0,0.00024186590547423743,0.002777770926604364,0.0,0.06011230970130141,0.16738654033867534,0.10782742236560387,0.06867976191912248,0.028991963700382546,0.0009823727561543369,0.0,0.0022911076483466846,0.0,0.0,0.0,0.012779238803908483,9.339854738553486e-05,0.0,0.024915460188380173,0.07238537799431265,0.04262945869320883,0.02793039727528962,0.008887418664749801,0.0,0.0,2.9594249119985682e-05,0.0002036363080678014,0.00024186590547423743,0.012779238803908483,0.0,0.006490536482859997,0.009764628927779993,0.0,0.0,0.0,0.0,0.0,0.0,0.0012851832748570183,0.0015598541833295185,0.0006142980571089084,0.002777770926604364,9.339854738553486e-05,0.006490536482859997,0.0,0.03596983860456211,0.0,0.0,0.0,0.0,0.0,0.0,0.0,0.0,0.0017810912031833348,0.0,0.0,0.009764628927779993,0.03596983860456211,0.0
79.0,0.0,0.46334929427577143,0.10071428362340529,0.09354463495974964,0.05435420346656892,0.018322841602228315,0.0007566514108127077,0.025366518696796497,0.03155804663155874,0.03310298997786189,0.03443895378143931,0.019549559808307512,0.0,0.0,0.46334929427577143,0.0,0.4169653587709867,0.374209607080755,0.22640933364324564,0.08209000922428622,0.012113229116283267,0.09649461174107989,0.11521796834381885,0.13089806564919523,0.13376862205885356,0.07095273405667943,0.0020917732802918487,0.0,0.10071428362340529,0.4169653587709867,0.0,0.07706950055545364,0.04773872443961341,0.009682189677378055,0.0,0.017319088928299853,0.0275782153883401,0.033678582093049796,0.02999873793268063,0.00642528670883686,0.0,0.0,0.09354463495974964,0.374209607080755,0.07706950055545364,0.0,0.025775463389893106,0.0075301498736243255,0.0,0.018209181781911166,0.02619515923273201,0.03018219304138553,0.028421466368243175,0.005434581833373045,0.0,0.0,0.05435420346656892,0.22640933364324564,0.04773872443961341,0.025775463389893106,0.0,0.007143742181952139,0.0005314683359450339,0.009955861375504685,0.01593688604606344,0.016714587715854816,0.017874232546847862,0.002667234656482961,0.0,0.0,0.018322841602228315,0.08209000922428622,0.009682189677378055,0.0075301498736243255,0.007143742181952139,0.0,0.030581596984329332,0.0005487870651143417,0.003297152444452065,0.0024805705203302733,0.0030954787773689965,0.0,0.0,0.0,0.0007566514108127077,0.012113229116283267,0.0,0.0,0.0005314683359450339,0.030581596984329332,0.0,0.005615858472979593,0.0,0.0,0.0,0.0,0.00125459040568547,0.002017387203065324,0.025366518696796497,0.09649461174107989,0.017319088928299853,0.018209181781911166,0.009955861375504685,0.0005487870651143417,0.005615858472979593,0.0,0.011493308286619796,0.0051091452879843,0.005028680432284253,0.0,0.0,0.0,0.03155804663155874,0.11521796834381885,0.0275782153883401,0.02619515923273201,0.01593688604606344,0.003297152444452065,0.0,0.011493308286619796,0.0,0.014042326289779677,0.003725902546111556,0.0019478891880332656,0.0,0.00027082088888462645,0.03310298997786189,0.13089806564919523,0.033678582093049796,0.03018219304138553,0.016714587715854816,0.0024805705203302733,0.0,0.0051091452879843,0.014042326289779677,0.0,0.015546613587361795,0.0,0.0,0.0010367197880891065,0.03443895378143931,0.13376862205885356,0.02999873793268063,0.028421466368243175,0.017874232546847862,0.0030954787773689965,0.0,0.005028680432284253,0.003725902546111556,0.015546613587361795,0.0,0.020372597102613858,0.002514686594435602,2.248267190239797e-05,0.019549559808307512,0.07095273405667943,0.00642528670883686,0.005434581833373045,0.002667234656482961,0.0,0.0,0.0,0.0019478891880332656,0.0,0.020372597102613858,0.0,0.026289618874781664,0.0038386536706580252,0.0,0.0020917732802918487,0.0,0.0,0.0,0.0,0.00125459040568547,0.0,0.0,0.0,0.002514686594435602,0.026289618874781664,0.0,0.02072419144747013,0.0,0.0,0.0,0.0,0.0,0.0,0.002017387203065324,0.0,0.00027082088888462645,0.0010367197880891065,2.248267190239797e-05,0.0038386536706580252,0.02072419144747013,0.0
80.0,0.0,0.3322721644730378,0.22581484238230268,0.02925549513016138,0.009807327226315382,0.0,0.0012358373482357046,0.021134402176520604,0.033269159153831385,0.03359706644472397,0.020472307632601848,0.006691679659463911,0.0,0.0,0.3322721644730378,0.0,0.8449960646599581,0.11188898218450859,0.06523170510972867,0.007340145798425356,0.024287161948313336,0.08365992426989294,0.12139662611955707,0.12460124844819867,0.07959834006586092,0.042034037175069434,0.0,0.0,0.22581484238230268,0.8449960646599581,0.0,0.06446333422046994,0.03943388316420251,0.0,0.010423189750404491,0.057191765360274455,0.08691250702735771,0.08893631180640602,0.056697691354461364,0.03282444658639768,0.0,0.0,0.02925549513016138,0.11188898218450859,0.06446333422046994,0.0,0.023221621928779985,0.0,0.0,0.0014157366781861313,0.010902599751335586,0.009479839295066444,0.0025342832172686926,0.0,0.0,0.0,0.009807327226315382,0.06523170510972867,0.03943388316420251,0.023221621928779985,0.0,0.03023441920540121,0.0,0.0011692814533517753,0.0027474674730819455,0.0032049771666337133,0.0,0.0,0.0,0.0,0.0,0.007340145798425356,0.0,0.0,0.03023441920540121,0.0,0.02761032040281918,0.0008279697998878971,0.0,0.0,0.0,0.0,0.0,0.00015130960716519743,0.0012358373482357046,0.024287161948313336,0.010423189750404491,0.0,0.0,0.02761032040281918,0.0,0.0326900424700998,0.0,0.0,0.0,0.00011522075181377343,0.0,0.0,0.021134402176520604,0.08365992426989294,0.057191765360274455,0.0014157366781861313,0.0011692814533517753,0.0008279697998878971,0.0326900424700998,0.0,0.009255118833472074,0.006252157901101905,0.0026324119113759464,0.0,0.0,0.0005194298130843148,0.033269159153831385,0.12139662611955707,0.08691250702735771,0.010902599751335586,0.0027474674730819455,0.0,0.0,0.009255118833472074,0.0,0.014454472889976628,0.0033756034327257745,0.002565321166192353,0.0,0.0,0.03359706644472397,0.12460124844819867,0.08893631180640602,0.009479839295066444,0.0032049771666337133,0.0,0.0,0.006252157901101905,0.014454472889976628,0.0,0.0,0.0,0.002206650403446726,0.002357870727227228,0.020472307632601848,0.07959834006586092,0.056697691354461364,0.0025342832172686926,0.0,0.0,0.0,0.0026324119113759464,0.0033756034327257745,0.0,0.0,0.018127005655877874,0.009024651117553968,0.004268272284921146,0.006691679659463911,0.042034037175069434,0.03282444658639768,0.0,0.0,0.0,0.00011522075181377343,0.0,0.002565321166192353,0.0,0.018127005655877874,0.0,0.03129826405935178,0.015218489802823159,0.0,0.0,0.0,0.0,0.0,0.0,0.0,0.0,0.0,0.002206650403446726,0.009024651117553968,0.03129826405935178,0.0,0.010385621928729504,0.0,0.0,0.0,0.0,0.0,0.00015130960716519743,0.0,0.0005194298130843148,0.0,0.002357870727227228,0.004268272284921146,0.015218489802823159,0.010385621928729504,0.0
81.0,0.0,0.3340475930177093,0.1288593050156241,0.09537423874286578,0.024317129752582118,0.006661928886303895,0.011735225684930793,0.010225191080055445,0.01980082442395769,0.037779169051202675,0.026225042681968957,0.014464554512676054,0.0,0.0,0.3340475930177093,0.0,0.5989484844205089,0.4430658334333086,0.14245114862859656,0.05835291561579695,0.05822054682660135,0.056130236815527396,0.09292704849425011,0.16841438862106192,0.12384713924678947,0.07087658339114128,0.0,0.0,0.1288593050156241,0.5989484844205089,0.0,0.1683180288832813,0.0538490796275241,0.014689685145409739,0.011800730736687625,0.011360260509773281,0.03419753698064039,0.06577022762690701,0.042981619158114076,0.018360985286188684,0.0,0.0,0.09537423874286578,0.4430658334333086,0.1683180288832813,0.0,0.026841208498667245,0.007577064029250619,0.007399264002146998,0.009729268939791745,0.022418109935860964,0.04945829222979755,0.034783595544586245,0.014100596660154542,0.0,0.0,0.024317129752582118,0.14245114862859656,0.0538490796275241,0.026841208498667245,0.0,0.03143075583121013,0.0,0.0,0.0033135853274609494,0.01492869847279504,0.01035421666621694,0.0012852748684574237,0.0,0.0,0.006661928886303895,0.05835291561579695,0.014689685145409739,0.007577064029250619,0.03143075583121013,0.0,0.008520608470354376,0.0,0.0,0.003117273408436143,0.0011326622531028212,0.0,0.0,9.784588043247762e-05,0.011735225684930793,0.05822054682660135,0.011800730736687625,0.007399264002146998,0.0,0.008520608470354376,0.0,0.023933841440799936,0.0,0.0020782938721658198,0.0015598287067316524,0.0,0.0016352137581354905,0.0009906967180816845,0.010225191080055445,0.056130236815527396,0.011360260509773281,0.009729268939791745,0.0,0.0,0.023933841440799936,0.0,0.010600643278412716,0.00011684054791757698,0.0011794721746218669,0.0,8.524984438353729e-05,0.0,0.01980082442395769,0.09292704849425011,0.03419753698064039,0.022418109935860964,0.0033135853274609494,0.0,0.0,0.010600643278412716,0.0,0.0011699366661396273,0.0037003212945573706,0.0,0.0020523738160538323,0.00010880139434777856,0.037779169051202675,0.16841438862106192,0.06577022762690701,0.04945829222979755,0.01492869847279504,0.003117273408436143,0.0020782938721658198,0.00011684054791757698,0.0011699366661396273,0.0,0.016000631741711152,0.0,0.0014514640317165619,0.0,0.026225042681968957,0.12384713924678947,0.042981619158114076,0.034783595544586245,0.01035421666621694,0.0011326622531028212,0.0015598287067316524,0.0011794721746218669,0.0037003212945573706,0.016000631741711152,0.0,0.013519929165457478,0.0,0.0017255490471324959,0.014464554512676054,0.07087658339114128,0.018360985286188684,0.014100596660154542,0.0012852748684574237,0.0,0.0,0.0,0.0,0.0,0.013519929165457478,0.0,0.007331218090437871,0.004625435214558265,0.0,0.0,0.0,0.0,0.0,0.0,0.0016352137581354905,8.524984438353729e-05,0.0020523738160538323,0.0014514640317165619,0.0,0.007331218090437871,0.0,0.022242652481389916,0.0,0.0,0.0,0.0,0.0,9.784588043247762e-05,0.0009906967180816845,0.0,0.00010880139434777856,0.0,0.0017255490471324959,0.004625435214558265,0.022242652481389916,0.0
82.0,0.0,0.21306059064058258,0.10121270493657729,0.031241860658246474,0.03279283949303524,0.011670511378964372,0.0,0.0,0.0016735864280674282,0.00408134020446066,0.031148892232114388,0.012464220497642262,0.0,0.0,0.21306059064058258,0.0,0.7608467404012432,0.26614982229188616,0.22176975547708336,0.08662576161914338,0.01775256912134917,0.017723965722696498,0.05060451629657008,0.06275852437770345,0.21491145711441595,0.09159058271345567,0.0,0.0,0.10121270493657729,0.7608467404012432,0.0,0.1320700692463087,0.1205014120110953,0.04491402469533783,0.0,0.0,0.019406687461156542,0.028157383172354347,0.1175672172829266,0.049740146915149,0.0,0.0,0.031241860658246474,0.26614982229188616,0.1320700692463087,0.0,0.02581670355230053,0.009781201231874141,0.0,0.0,0.0,0.003739312945528893,0.034829279905924174,0.012484593270787398,0.0,0.0,0.03279283949303524,0.22176975547708336,0.1205014120110953,0.02581670355230053,0.0,0.008744409732563144,0.0,0.0,0.0008096748857069781,0.003291308827910081,0.03184740110171264,0.012355325715793687,0.0,0.0,0.011670511378964372,0.08662576161914338,0.04491402469533783,0.009781201231874141,0.008744409732563144,0.0,0.032105449713350165,0.0,0.0,0.0,0.01208380512232362,0.0033034025319096253,0.0,0.0,0.0,0.01775256912134917,0.0,0.0,0.0,0.032105449713350165,0.0,0.01324643944179253,0.001491074170643682,0.0,0.0,0.0,0.00020912841614666026,0.0,0.0,0.017723965722696498,0.0,0.0,0.0,0.0,0.01324643944179253,0.0,0.02232125152958711,0.004462240399236705,0.0,0.0,0.000607490045800053,0.0011143049556761883,0.0016735864280674282,0.05060451629657008,0.019406687461156542,0.0,0.0008096748857069781,0.0,0.001491074170643682,0.02232125152958711,0.0,0.0168242455895122,0.001567050599048094,0.0,0.0,0.001685781418498729,0.00408134020446066,0.06275852437770345,0.028157383172354347,0.003739312945528893,0.003291308827910081,0.0,0.0,0.004462240399236705,0.0168242455895122,0.0,0.0012803140175653607,0.00046437945631968853,0.0015796839336959488,0.0017930016164413207,0.031148892232114388,0.21491145711441595,0.1175672172829266,0.034829279905924174,0.03184740110171264,0.01208380512232362,0.0,0.0,0.001567050599048094,0.0012803140175653607,0.0,0.0036604726854049334,0.00590865871045056,0.0,0.012464220497642262,0.09159058271345567,0.049740146915149,0.012484593270787398,0.012355325715793687,0.0033034025319096253,0.0,0.0,0.0,0.00046437945631968853,0.0036604726854049334,0.0,0.023319948040392682,0.004791479076110707,0.0,0.0,0.0,0.0,0.0,0.0,0.00020912841614666026,0.000607490045800053,0.0,0.0015796839336959488,0.00590865871045056,0.023319948040392682,0.0,0.03885640551950128,0.0,0.0,0.0,0.0,0.0,0.0,0.0,0.0011143049556761883,0.001685781418498729,0.0017930016164413207,0.0,0.004791479076110707,0.03885640551950128,0.0
83.0,0.0,0.1603972200570294,0.08223330311689596,0.003995405393694373,0.0027648163985926374,0.00216941335074469,0.0,0.0,0.0,0.00806011838969025,0.021187659488599273,0.008877677134425431,0.0,0.0,0.1603972200570294,0.0,0.8368148329648221,0.11226614336671581,0.08828533733422406,0.09794257701706309,0.05778647894851073,0.0023975697699453874,0.03044239978618489,0.08634854374617376,0.1984989207574248,0.0908925036568953,0.0,0.0,0.08223330311689596,0.8368148329648221,0.0,0.050259216452015,0.038882729757620145,0.0442719144247559,0.03435301351617802,0.00016028725873213061,0.01745256842834652,0.04853583563116078,0.11407731186186039,0.04743218053082048,0.0,0.0,0.003995405393694373,0.11226614336671581,0.050259216452015,0.0,0.007854275014046496,0.001952715956497377,0.0,0.0,0.0,0.003478020849448076,0.008894626200088124,0.0,0.0,0.0,0.0027648163985926374,0.08828533733422406,0.038882729757620145,0.007854275014046496,0.0,0.018646852337927594,0.0004480004410064035,0.0,0.0,0.0024861009014264346,0.007817361896898441,0.0009179654122798175,0.0,0.0,0.00216941335074469,0.09794257701706309,0.0442719144247559,0.001952715956497377,0.018646852337927594,0.0,0.01066341191514769,0.0001579367846828259,0.0,0.003473359494092481,0.008231422399755363,0.0008851742122457828,0.0,0.0,0.0,0.05778647894851073,0.03435301351617802,0.0,0.0004480004410064035,0.01066341191514769,0.0,0.03001489128187417,0.00018285469152859294,0.0001189830061510504,0.0011717111160263372,0.0,0.0,0.0,0.0,0.0023975697699453874,0.00016028725873213061,0.0,0.0,0.0001579367846828259,0.03001489128187417,0.0,0.03258064645620623,0.0013635627444920175,0.0,0.0,0.0,0.0010166308690184812,0.0,0.03044239978618489,0.01745256842834652,0.0,0.0,0.0,0.00018285469152859294,0.03258064645620623,0.0,0.029388762324961765,0.0014015885983247722,0.0,0.0,0.0007267812037560692,0.00806011838969025,0.08634854374617376,0.04853583563116078,0.003478020849448076,0.0024861009014264346,0.003473359494092481,0.0001189830061510504,0.0013635627444920175,0.029388762324961765,0.0,0.012601836778009284,0.0,0.0004537962338370034,0.00245832125700003,0.021187659488599273,0.1984989207574248,0.11407731186186039,0.008894626200088124,0.007817361896898441,0.008231422399755363,0.0011717111160263372,0.0,0.0014015885983247722,0.012601836778009284,0.0,0.0011295471320458168,0.0,0.0,0.008877677134425431,0.0908925036568953,0.04743218053082048,0.0,0.0009179654122798175,0.0008851742122457828,0.0,0.0,0.0,0.0,0.0011295471320458168,0.0,0.03095542850261061,0.011108468478675627,0.0,0.0,0.0,0.0,0.0,0.0,0.0,0.0,0.0,0.0004537962338370034,0.0,0.03095542850261061,0.0,0.04905399954259519,0.0,0.0,0.0,0.0,0.0,0.0,0.0,0.0010166308690184812,0.0007267812037560692,0.00245832125700003,0.0,0.011108468478675627,0.04905399954259519,0.0
84.0,0.0,0.04240554366421857,0.005405509559329572,0.0,0.0,0.0,0.0,0.0,0.00016236212847075735,0.0,0.0,0.0,0.0,0.0,0.04240554366421857,0.0,0.5083979209290518,0.4767073826358222,0.22698780885649786,0.10045269128639198,0.0648625151188329,0.010633259528424692,0.10046033020175185,0.1841743039340643,0.1309640584068655,0.07787846787636987,0.0,0.0,0.005405509559329572,0.5083979209290518,0.0,0.12603526216440228,0.06360956116851996,0.025769542807821556,0.017849598487722065,0.001683118771162204,0.02964549616215778,0.052799024407123626,0.03501859571712797,0.016871428730491862,0.0,0.0,0.0,0.4767073826358222,0.12603526216440228,0.0,0.046749665904933825,0.018992003135167513,0.014150230111396636,0.0,0.025924158757624365,0.05155124836305478,0.03386692190791749,0.017181915144089576,0.0,0.0,0.0,0.22698780885649786,0.06360956116851996,0.046749665904933825,0.0,0.0,0.0,0.0,0.010040826585703346,0.021118579776607232,0.013116169379156136,0.0034704884781682245,0.0,0.0,0.0,0.10045269128639198,0.025769542807821556,0.018992003135167513,0.0,0.0,0.010445994168668165,0.0013798156571612197,0.001578995323907511,0.007953443604741015,0.004601670303093367,0.0,0.0,0.0,0.0,0.0648625151188329,0.017849598487722065,0.014150230111396636,0.0,0.010445994168668165,0.0,0.015970938544962662,0.0,0.002746477242019121,0.0009906343008844764,0.0,0.0,0.0001608737652570684,0.0,0.010633259528424692,0.001683118771162204,0.0,0.0,0.0013798156571612197,0.015970938544962662,0.0,0.017389331532750872,0.0,0.0,0.0,0.0020462432028309973,0.0,0.00016236212847075735,0.10046033020175185,0.02964549616215778,0.025924158757624365,0.010040826585703346,0.001578995323907511,0.0,0.017389331532750872,0.0,0.0023407076136814867,0.0027422907615303562,0.00026620634969295206,0.0,0.0003900935264625671,0.0,0.1841743039340643,0.052799024407123626,0.05155124836305478,0.021118579776607232,0.007953443604741015,0.002746477242019121,0.0,0.0023407076136814867,0.0,0.005137135832914705,0.0009452483617932279,0.0013372386013930058,0.0,0.0,0.1309640584068655,0.03501859571712797,0.03386692190791749,0.013116169379156136,0.004601670303093367,0.0009906343008844764,0.0,0.0027422907615303562,0.005137135832914705,0.0,0.006673075918057088,0.0018475767317088973,0.0034181406173661574,0.0,0.07787846787636987,0.016871428730491862,0.017181915144089576,0.0034704884781682245,0.0,0.0,0.0,0.00026620634969295206,0.0009452483617932279,0.006673075918057088,0.0,0.01209787375385683,0.010117760251624513,0.0,0.0,0.0,0.0,0.0,0.0,0.0,0.0020462432028309973,0.0,0.0013372386013930058,0.0018475767317088973,0.01209787375385683,0.0,0.04500353725502632,0.0,0.0,0.0,0.0,0.0,0.0,0.0001608737652570684,0.0,0.0003900935264625671,0.0,0.0034181406173661574,0.010117760251624513,0.04500353725502632,0.0
85.0,0.0,0.004545172029882483,0.004665970490135571,0.0,0.0018171391224033268,0.0005647215005506152,0.0,0.0,0.0,0.0,0.0,0.0,0.0,0.0,0.004545172029882483,0.0,0.7561581390042157,0.4222901499932647,0.11699607262427092,0.027651089922488575,0.05820664883314375,0.0614812018551303,0.07576137916156571,0.13946085364212818,0.1252019518000704,0.07352125544569979,0.0,0.0,0.004665970490135571,0.7561581390042157,0.0,0.2252285946542074,0.058293272234585455,0.005215878606043865,0.025671266668756753,0.03203609598798827,0.04362530354066865,0.07951503605736528,0.06880090993011766,0.03471192237871151,0.0,0.0,0.0,0.4222901499932647,0.2252285946542074,0.0,0.003140467726235656,0.0,0.014825830885323708,0.014969895470337226,0.02184973701402511,0.04479799041813995,0.037973620486607566,0.0202437659837875,0.0,0.0,0.0018171391224033268,0.11699607262427092,0.058293272234585455,0.003140467726235656,0.0,0.007517402516108605,0.0,0.0,0.0013300183899740562,0.009336107671048073,0.007072398610273015,0.0014332517344205432,0.0,0.0,0.0005647215005506152,0.027651089922488575,0.005215878606043865,0.0,0.007517402516108605,0.0,0.03223516477019618,0.0,0.0,0.0,0.0,0.0,0.0,0.0001965385757433781,0.0,0.05820664883314375,0.025671266668756753,0.014825830885323708,0.0,0.03223516477019618,0.0,0.01423655027244281,0.0,0.0021643396932593175,0.0,0.0,0.0,0.0,0.0,0.0614812018551303,0.03203609598798827,0.014969895470337226,0.0,0.0,0.01423655027244281,0.0,0.007320714512594438,0.0,0.0005910069909049311,0.0,0.0003690820133675861,0.0,0.0,0.07576137916156571,0.04362530354066865,0.02184973701402511,0.0013300183899740562,0.0,0.0,0.007320714512594438,0.0,0.00344884289768267,0.0027716403518695007,0.00028598903744663,0.0,0.0,0.0,0.13946085364212818,0.07951503605736528,0.04479799041813995,0.009336107671048073,0.0,0.0021643396932593175,0.0,0.00344884289768267,0.0,0.008800442352468687,0.0037746878494836363,0.0,0.0012836953894891096,0.0,0.1252019518000704,0.06880090993011766,0.037973620486607566,0.007072398610273015,0.0,0.0,0.0005910069909049311,0.0027716403518695007,0.008800442352468687,0.0,0.0,0.010642296293990284,0.0,0.0,0.07352125544569979,0.03471192237871151,0.0202437659837875,0.0014332517344205432,0.0,0.0,0.0,0.00028598903744663,0.0037746878494836363,0.0,0.0,0.01782560586410493,0.003142254359007026,0.0,0.0,0.0,0.0,0.0,0.0,0.0,0.0003690820133675861,0.0,0.0,0.010642296293990284,0.01782560586410493,0.0,0.027244059030612104,0.0,0.0,0.0,0.0,0.0,0.0001965385757433781,0.0,0.0,0.0,0.0012836953894891096,0.0,0.003142254359007026,0.027244059030612104,0.0
86.0,0.0,0.16404054023221032,0.02005647288159869,0.011329233212093651,0.0,0.0,0.00037610202058098213,0.0012875189635803987,0.001425189938647051,0.001856476702961286,0.014828617240765707,0.002057552150550492,0.0,0.0,0.16404054023221032,0.0,0.5497791796827501,0.25606504401854585,0.04805607987517055,0.07183900878598354,0.0852642569811461,0.08549835057518834,0.06808200458726964,0.08088913328227783,0.19898248371253024,0.09836396323828304,0.008440190937941697,0.0,0.02005647288159869,0.5497791796827501,0.0,0.06456519134526859,0.0,0.008917943950236696,0.01584652829279735,0.01816688481983843,0.013469911156504203,0.014487066312898467,0.051210917908680514,0.018516121515055075,0.0,0.0,0.011329233212093651,0.25606504401854585,0.06456519134526859,0.0,0.02198177236076709,0.0,0.0,0.00914039463548337,0.006086437135670771,0.00660733672559538,0.0233071328382551,0.006374165146035639,0.0,0.0,0.0,0.04805607987517055,0.0,0.02198177236076709,0.0,0.017781707734444523,0.0017578136475706707,0.0,0.0,0.0,0.0,0.0,0.0017656750351260052,0.0,0.0,0.07183900878598354,0.008917943950236696,0.0,0.017781707734444523,0.0,0.00897983842786865,0.0,0.0,0.0,0.0009987188063704413,0.0,0.0,0.00015479518244132084,0.00037610202058098213,0.0852642569811461,0.01584652829279735,0.0,0.0017578136475706707,0.00897983842786865,0.0,0.025814147702505476,0.0,0.0,0.002892221444306355,0.0,0.0,0.0006170361872199286,0.0012875189635803987,0.08549835057518834,0.01816688481983843,0.00914039463548337,0.0,0.0,0.025814147702505476,0.0,0.020129859893432592,0.0,0.005036436786934629,0.0,0.0,0.0,0.001425189938647051,0.06808200458726964,0.013469911156504203,0.006086437135670771,0.0,0.0,0.0,0.020129859893432592,0.0,0.030729668955711303,0.0,0.0,0.001236521093101997,0.0008744623184559841,0.001856476702961286,0.08088913328227783,0.014487066312898467,0.00660733672559538,0.0,0.0,0.0,0.0,0.030729668955711303,0.0,0.012979892331856292,0.0,0.00028288433668610257,0.0006556279432459519,0.014828617240765707,0.19898248371253024,0.051210917908680514,0.0233071328382551,0.0,0.0009987188063704413,0.002892221444306355,0.005036436786934629,0.0,0.012979892331856292,0.0,9.569041953129821e-05,0.0,0.00013803093615346435,0.002057552150550492,0.09836396323828304,0.018516121515055075,0.006374165146035639,0.0,0.0,0.0,0.0,0.0,0.0,9.569041953129821e-05,0.0,0.029902875361165395,0.016915449015132776,0.0,0.008440190937941697,0.0,0.0,0.0017656750351260052,0.0,0.0,0.0,0.001236521093101997,0.00028288433668610257,0.0,0.029902875361165395,0.0,0.0055598404415151,0.0,0.0,0.0,0.0,0.0,0.00015479518244132084,0.0006170361872199286,0.0,0.0008744623184559841,0.0006556279432459519,0.00013803093615346435,0.016915449015132776,0.0055598404415151,0.0
87.0,0.0,0.17163137061399572,0.10115527438181333,0.04966653359805467,0.02289386150481792,0.016829985359100984,0.0011246501252735112,0.0,0.0,0.017373698488934376,0.015509404886167774,0.007663255953139672,0.0,0.0,0.17163137061399572,0.0,0.7611605323625436,0.3948577377621106,0.23197520280383535,0.142487165377196,0.057311869581588,0.014948315509640094,0.014493590909175682,0.1433871488703172,0.12837218217663426,0.06920978421367477,0.0,0.0,0.10115527438181333,0.7611605323625436,0.0,0.24866927972069192,0.14257047259880629,0.08889208588946958,0.035779576756101335,0.004934789242535979,0.005261440686324264,0.09321835883190863,0.0837197422220248,0.04109953844114131,0.0,0.0,0.04966653359805467,0.3948577377621106,0.24866927972069192,0.0,0.0609184899371159,0.04106821958454176,0.010757015138940021,0.0,0.0,0.044250845290355764,0.038295698412619414,0.01940006435425602,0.0,0.0,0.02289386150481792,0.23197520280383535,0.14257047259880629,0.0609184899371159,0.0,0.0029113143644312256,0.002117689342097562,0.0,0.0,0.02793983306131598,0.02411381559866771,0.0096222910204127,0.0,0.0,0.016829985359100984,0.142487165377196,0.08889208588946958,0.04106821958454176,0.0029113143644312256,0.0,0.012088484815137607,0.0,0.0,0.015082076736066907,0.015402710607497582,0.005272495051568156,0.0,0.0,0.0011246501252735112,0.057311869581588,0.035779576756101335,0.010757015138940021,0.002117689342097562,0.012088484815137607,0.0,0.016174515959271222,0.0,0.000263772025497392,0.001478047521183946,0.0,0.0,0.0,0.0,0.014948315509640094,0.004934789242535979,0.0,0.0,0.0,0.016174515959271222,0.0,0.02137301223655685,0.0,0.0,0.0,0.002170172531430573,0.0006864754860034607,0.0,0.014493590909175682,0.005261440686324264,0.0,0.0,0.0,0.0,0.02137301223655685,0.0,0.023029031633747515,0.0,0.0013890119896577601,0.0019061847671480252,0.001796805793498182,0.017373698488934376,0.1433871488703172,0.09321835883190863,0.044250845290355764,0.02793983306131598,0.015082076736066907,0.000263772025497392,0.0,0.023029031633747515,0.0,0.0012543086944771507,0.0025224864359634134,0.002029508712137717,0.0007714438388032895,0.015509404886167774,0.12837218217663426,0.0837197422220248,0.038295698412619414,0.02411381559866771,0.015402710607497582,0.001478047521183946,0.0,0.0,0.0012543086944771507,0.0,0.0037049581851185216,0.0068816073847368184,0.004588663080999185,0.007663255953139672,0.06920978421367477,0.04109953844114131,0.01940006435425602,0.0096222910204127,0.005272495051568156,0.0,0.0,0.0013890119896577601,0.0025224864359634134,0.0037049581851185216,0.0,0.01690008489252739,0.005817158620834379,0.0,0.0,0.0,0.0,0.0,0.0,0.0,0.002170172531430573,0.0019061847671480252,0.002029508712137717,0.0068816073847368184,0.01690008489252739,0.0,0.026139059054850495,0.0,0.0,0.0,0.0,0.0,0.0,0.0,0.0006864754860034607,0.001796805793498182,0.0007714438388032895,0.004588663080999185,0.005817158620834379,0.026139059054850495,0.0
88.0,0.0,0.34975324693568766,0.056571135393455464,0.04784386023791887,0.0232561116671042,0.021617298831708664,0.007329605495173758,0.0016049182284087857,0.015045619676214844,0.018059741549098948,0.036656211708930415,0.016327035925797925,0.0,0.0,0.34975324693568766,0.0,0.41622645101820993,0.3027559804092755,0.1915109609193716,0.1410211468198751,0.05037893300521197,0.030204539241375717,0.09093222157076866,0.10714801318172794,0.18845286992110952,0.10115614365145736,0.0022494165369046325,0.0,0.056571135393455464,0.41622645101820993,0.0,0.04786427013342239,0.02888463992759836,0.019823742428072992,0.0,0.0,0.01390738678815464,0.02059491884945548,0.03658583478015897,0.011509185112496153,0.0,0.0,0.04784386023791887,0.3027559804092755,0.04786427013342239,0.0,0.012425991899061848,0.01562939533888989,0.0,0.0007186460063317707,0.008867586761065619,0.01331078573342964,0.029545628833450063,0.007802306495910895,0.0,0.0,0.0232561116671042,0.1915109609193716,0.02888463992759836,0.012425991899061848,0.0,0.013300484732652804,0.0003023716549800235,0.0,0.003963325466159464,0.0075006874997390355,0.01742801069444383,0.006379740468181132,0.0,0.0,0.021617298831708664,0.1410211468198751,0.019823742428072992,0.01562939533888989,0.013300484732652804,0.0,0.023986759274942673,0.00012094070555785589,0.003800577319414486,0.005793760976859193,0.009694946752436649,0.003746348966324337,0.0,0.0,0.007329605495173758,0.05037893300521197,0.0,0.0,0.0003023716549800235,0.023986759274942673,0.0,0.022889540800898178,0.0,0.0,0.0,0.0,0.0,0.0,0.0016049182284087857,0.030204539241375717,0.0,0.0007186460063317707,0.0,0.00012094070555785589,0.022889540800898178,0.0,0.01926755585481131,0.0,0.0,0.0,0.0,0.0,0.015045619676214844,0.09093222157076866,0.01390738678815464,0.008867586761065619,0.003963325466159464,0.003800577319414486,0.0,0.01926755585481131,0.0,0.004877670417564023,0.004569900456923145,0.0,0.0,0.0,0.018059741549098948,0.10714801318172794,0.02059491884945548,0.01331078573342964,0.0075006874997390355,0.005793760976859193,0.0,0.0,0.004877670417564023,0.0,0.02018461158592463,0.0,0.0,0.0,0.036656211708930415,0.18845286992110952,0.03658583478015897,0.029545628833450063,0.01742801069444383,0.009694946752436649,0.0,0.0,0.004569900456923145,0.02018461158592463,0.0,0.0008642016081183196,0.0010859531983966068,0.0,0.016327035925797925,0.10115614365145736,0.011509185112496153,0.007802306495910895,0.006379740468181132,0.003746348966324337,0.0,0.0,0.0,0.0,0.0008642016081183196,0.0,0.010453480010781203,0.008265455102800301,0.0,0.0022494165369046325,0.0,0.0,0.0,0.0,0.0,0.0,0.0,0.0,0.0010859531983966068,0.010453480010781203,0.0,0.04221958723710518,0.0,0.0,0.0,0.0,0.0,0.0,0.0,0.0,0.0,0.0,0.0,0.008265455102800301,0.04221958723710518,0.0
89.0,0.0,0.272595876995462,0.2531812502802983,0.012530489495379911,0.00491028929693028,0.007714921945755828,0.0,0.0006584444710657162,0.0038329343741957734,0.03674224731732261,0.037795429575898244,0.017626793449648376,0.0,0.0,0.272595876995462,0.0,0.8982648608472041,0.08182628845438099,0.06294031146143206,0.042389306140163646,0.009898361461379504,0.012195015270211298,0.010683835868759803,0.11852893607419977,0.1313643900212921,0.06025038422522222,0.0,0.0,0.2531812502802983,0.8982648608472041,0.0,0.06833506063199163,0.05169140840393496,0.04000419498764503,0.012980838319119354,0.015542181482811324,0.015094536244749133,0.11588482188432167,0.1239071284320388,0.06260796856042228,0.0,0.0,0.012530489495379911,0.08182628845438099,0.06833506063199163,0.0,0.016340120805889778,9.214738692692244e-05,0.0033571761678356715,0.0,0.0,0.00898933033744902,0.006226027072166131,0.0,0.0,0.0,0.00491028929693028,0.06294031146143206,0.05169140840393496,0.016340120805889778,0.0,0.029778400273711505,1.3616592722183983e-05,0.0,0.0,0.004344689456672138,0.005745812426735913,0.0,0.0,0.0,0.007714921945755828,0.042389306140163646,0.04000419498764503,9.214738692692244e-05,0.029778400273711505,0.0,0.002166248439266309,0.0,0.0,0.001836793379246506,0.002598183428452015,0.0,0.0,0.0,0.0,0.009898361461379504,0.012980838319119354,0.0033571761678356715,1.3616592722183983e-05,0.002166248439266309,0.0,0.035469089903080536,0.004914628464594005,0.0,0.0,0.0,0.0005178727330287479,0.0,0.0006584444710657162,0.012195015270211298,0.015542181482811324,0.0,0.0,0.0,0.035469089903080536,0.0,0.025829152578457085,0.0,0.0,0.0,0.0,0.0,0.0038329343741957734,0.010683835868759803,0.015094536244749133,0.0,0.0,0.0,0.004914628464594005,0.025829152578457085,0.0,0.023769362940190376,0.0,0.0,0.0,0.0,0.03674224731732261,0.11852893607419977,0.11588482188432167,0.00898933033744902,0.004344689456672138,0.001836793379246506,0.0,0.0,0.023769362940190376,0.0,0.010826885429805632,0.002008878870211072,0.0,0.0,0.037795429575898244,0.1313643900212921,0.1239071284320388,0.006226027072166131,0.005745812426735913,0.002598183428452015,0.0,0.0,0.0,0.010826885429805632,0.0,0.004327369237416053,0.005509932529962873,0.0,0.017626793449648376,0.06025038422522222,0.06260796856042228,0.0,0.0,0.0,0.0,0.0,0.0,0.002008878870211072,0.004327369237416053,0.0,0.029234694463113296,0.008243328907879413,0.0,0.0,0.0,0.0,0.0,0.0,0.0005178727330287479,0.0,0.0,0.0,0.005509932529962873,0.029234694463113296,0.0,0.04927280018976086,0.0,0.0,0.0,0.0,0.0,0.0,0.0,0.0,0.0,0.0,0.0,0.008243328907879413,0.04927280018976086,0.0
90.0,0.0,0.4701737760480402,0.0,0.12179220280757573,0.03968892952700972,0.0,0.00018093567380866676,0.008030448762688264,0.004015520786842076,0.0276665608909815,0.05115685670119441,0.024888533766397818,0.0,0.0,0.4701737760480402,0.0,0.08940306087172588,0.4782994483000496,0.16832809194556475,0.01919554234306978,0.036265820496301164,0.04984230393601152,0.029694154800499376,0.1199382134521634,0.19903089048823708,0.10059160324432094,1.8026943388965884e-05,0.0,0.0,0.08940306087172588,0.0,0.0,0.0,0.0,0.0,0.0,0.0,0.0005790466580338828,0.00031172054471020395,0.0,0.0,0.0,0.12179220280757573,0.4782994483000496,0.0,0.0,0.021438416647914276,0.0,0.0,0.0031816223886142214,0.004346507742494971,0.0319587194993551,0.05201385142799374,0.019959464509867353,0.0,0.0,0.03968892952700972,0.16832809194556475,0.0,0.021438416647914276,0.0,0.013619767413292782,0.005811684557649502,0.0,0.0,0.006944222183390396,0.015434599110470551,0.0037277861597161226,0.0,0.0,0.0,0.01919554234306978,0.0,0.0,0.013619767413292782,0.0,0.023333167814818912,0.0019698424425521263,0.0,0.0,0.0,0.0,0.0009454906126908394,0.0,0.00018093567380866676,0.036265820496301164,0.0,0.0,0.005811684557649502,0.023333167814818912,0.0,0.011932685930309031,0.0038153098126346642,0.0,0.0,0.0,0.0,0.0,0.008030448762688264,0.04984230393601152,0.0,0.0031816223886142214,0.0,0.0019698424425521263,0.011932685930309031,0.0,0.01780065953343558,0.0,0.001593386779666496,0.0,0.0,0.0,0.004015520786842076,0.029694154800499376,0.0,0.004346507742494971,0.0,0.0,0.0038153098126346642,0.01780065953343558,0.0,0.026723187851262768,0.0,0.0,0.001381642408307069,0.0,0.0276665608909815,0.1199382134521634,0.0005790466580338828,0.0319587194993551,0.006944222183390396,0.0,0.0,0.0,0.026723187851262768,0.0,0.016225636711215716,0.004512733653648458,0.0,0.0,0.05115685670119441,0.19903089048823708,0.00031172054471020395,0.05201385142799374,0.015434599110470551,0.0,0.0,0.001593386779666496,0.0,0.016225636711215716,0.0,0.008007746567733552,0.003918057303721776,0.00245971495171213,0.024888533766397818,0.10059160324432094,0.0,0.019959464509867353,0.0037277861597161226,0.0,0.0,0.0,0.0,0.004512733653648458,0.008007746567733552,0.0,0.019541598662985334,0.0018981441722211907,0.0,1.8026943388965884e-05,0.0,0.0,0.0,0.0009454906126908394,0.0,0.0,0.001381642408307069,0.0,0.003918057303721776,0.019541598662985334,0.0,0.03958945123950123,0.0,0.0,0.0,0.0,0.0,0.0,0.0,0.0,0.0,0.0,0.00245971495171213,0.0018981441722211907,0.03958945123950123,0.0
91.0,0.0,0.329308330100095,0.2910141229272388,0.0906411642769655,0.04865945459451822,0.02445539247567784,0.02475473502713021,0.01575905278099273,0.01772601676394884,0.02769919442182172,0.052403364022666744,0.02292274197345289,0.0,0.0,0.329308330100095,0.0,0.8129182983139295,0.24291424483047758,0.14254071037868327,0.07867207106660032,0.06142271197300755,0.03924784787853586,0.049794220735677526,0.07697122136174991,0.14354847721851594,0.06789848477845682,0.0,0.0,0.2910141229272388,0.8129182983139295,0.0,0.21053894166657972,0.12178554250333722,0.06731598114962799,0.05536397740172303,0.03398287029044895,0.03922478062617191,0.06890502107662487,0.13418915102665158,0.06199495702814313,0.0,0.0,0.0906411642769655,0.24291424483047758,0.21053894166657972,0.0,0.001137977765737276,0.00982039328003036,0.013682058084966165,0.008763657584690917,0.008368606141428763,0.017644784206474275,0.03885354789762477,0.013816389407810208,0.0,0.0,0.04865945459451822,0.14254071037868327,0.12178554250333722,0.001137977765737276,0.0,0.0,0.0012977597872285552,0.0,0.0026758408458266423,0.008557463703530688,0.020975558666568344,0.00729124625299243,0.0,0.0,0.02445539247567784,0.07867207106660032,0.06731598114962799,0.00982039328003036,0.0,0.0,0.019335852243786564,0.0,0.0,0.0016902131448328825,0.00789852955021046,0.0009608246494984525,0.0,0.0,0.02475473502713021,0.06142271197300755,0.05536397740172303,0.013682058084966165,0.0012977597872285552,0.019335852243786564,0.0,0.02330475980737208,0.0,0.0011052010854814263,0.0037213722958396034,0.0,0.0,0.0,0.01575905278099273,0.03924784787853586,0.03398287029044895,0.008763657584690917,0.0,0.0,0.02330475980737208,0.0,0.011450714600853774,0.0,0.0009565192357222695,0.0,0.0005048965265708027,0.0,0.01772601676394884,0.049794220735677526,0.03922478062617191,0.008368606141428763,0.0026758408458266423,0.0,0.0,0.011450714600853774,0.0,0.006268139229808022,0.002260587607807213,0.0,0.0005530157593383126,0.0,0.02769919442182172,0.07697122136174991,0.06890502107662487,0.017644784206474275,0.008557463703530688,0.0016902131448328825,0.0011052010854814263,0.0,0.006268139229808022,0.0,0.0020246532914057593,0.00042649589721085513,0.00011890406961923233,0.0004999625432644812,0.052403364022666744,0.14354847721851594,0.13418915102665158,0.03885354789762477,0.020975558666568344,0.00789852955021046,0.0037213722958396034,0.0009565192357222695,0.002260587607807213,0.0020246532914057593,0.0,0.00790171478964401,0.0,0.0,0.02292274197345289,0.06789848477845682,0.06199495702814313,0.013816389407810208,0.00729124625299243,0.0009608246494984525,0.0,0.0,0.0,0.00042649589721085513,0.00790171478964401,0.0,0.009523341549515087,0.006243024354646373,0.0,0.0,0.0,0.0,0.0,0.0,0.0,0.0005048965265708027,0.0005530157593383126,0.00011890406961923233,0.0,0.009523341549515087,0.0,0.026207114869887815,0.0,0.0,0.0,0.0,0.0,0.0,0.0,0.0,0.0,0.0004999625432644812,0.0,0.006243024354646373,0.026207114869887815,0.0
92.0,0.0,0.5167505755950895,0.0535211034738453,0.028714110037413393,0.014774638909811845,0.033387036644083885,0.024787651171343177,0.02020927365274739,0.03620485896857612,0.05158597254586106,0.029582736595042815,0.016284359043561736,0.0,0.0,0.5167505755950895,0.0,0.26840642876293164,0.13053845257307636,0.08360033184768796,0.1399584859849082,0.09830268152205425,0.07880665784464556,0.1322886938786127,0.1932091885211549,0.12577617223995685,0.07723059644326719,0.0035324029001083095,0.0,0.0535211034738453,0.26840642876293164,0.0,0.01166660086573481,0.0,0.00819600401866245,0.004445357297865384,0.006641450454071626,0.01763125704948258,0.02416331761076396,0.010971456959663114,0.004497947986819954,0.0,0.0,0.028714110037413393,0.13053845257307636,0.01166660086573481,0.0,0.02167328348700254,0.0,0.0,0.0,0.005646707048625237,0.010543248692910182,0.0011979571367074643,0.0,0.0,0.0,0.014774638909811845,0.08360033184768796,0.0,0.02167328348700254,0.0,0.003094598773681309,0.0,0.0,0.0007179115214718289,0.0037224459611488146,0.0,0.0,0.0017642331660584426,0.0,0.033387036644083885,0.1399584859849082,0.00819600401866245,0.0,0.003094598773681309,0.0,0.0008979069491149761,0.0,0.005553583796515897,0.009764950429323014,0.006319161301462008,0.0005350519681296282,0.0,0.0,0.024787651171343177,0.09830268152205425,0.004445357297865384,0.0,0.0,0.0008979069491149761,0.0,0.028599464030109743,0.0012032775549519312,0.005486939387220149,0.00023092028290769577,0.0,0.0,0.0,0.02020927365274739,0.07880665784464556,0.006641450454071626,0.0,0.0,0.0,0.028599464030109743,0.0,0.017470300956242683,0.004319066322239962,0.000933083363181636,0.0003065150649092499,0.0,0.0,0.03620485896857612,0.1322886938786127,0.01763125704948258,0.005646707048625237,0.0007179115214718289,0.005553583796515897,0.0012032775549519312,0.017470300956242683,0.0,0.003427122788696109,0.005277569054999378,0.003676254753305544,0.0,0.0,0.05158597254586106,0.1932091885211549,0.02416331761076396,0.010543248692910182,0.0037224459611488146,0.009764950429323014,0.005486939387220149,0.004319066322239962,0.003427122788696109,0.0,0.011580220094959534,0.0033416024465349682,0.0,0.0,0.029582736595042815,0.12577617223995685,0.010971456959663114,0.0011979571367074643,0.0,0.006319161301462008,0.00023092028290769577,0.000933083363181636,0.005277569054999378,0.011580220094959534,0.0,0.018112660774941853,0.008220565281150517,0.0,0.016284359043561736,0.07723059644326719,0.004497947986819954,0.0,0.0,0.0005350519681296282,0.0,0.0003065150649092499,0.003676254753305544,0.0033416024465349682,0.018112660774941853,0.0,0.03326150479677509,0.015536655971184908,0.0,0.0035324029001083095,0.0,0.0,0.0017642331660584426,0.0,0.0,0.0,0.0,0.0,0.008220565281150517,0.03326150479677509,0.0,0.012268348899491327,0.0,0.0,0.0,0.0,0.0,0.0,0.0,0.0,0.0,0.0,0.0,0.015536655971184908,0.012268348899491327,0.0
93.0,0.0,0.3291275403782869,0.24183570201322174,0.12295216791465963,0.06655078565908727,0.012372535621384123,0.00441825516223262,0.01047259337383014,0.032118487351250447,0.05042392109797629,0.033278703053306054,0.012579030690020995,0.0,0.0,0.3291275403782869,0.0,0.7368013964776854,0.3920187847819181,0.2146717765866873,0.0593089409574062,0.02210112071531494,0.030016261825623353,0.0975364971469045,0.14732255404143915,0.10128452226726076,0.04907554507466573,0.0,0.0,0.24183570201322174,0.7368013964776854,0.0,0.2788586418876408,0.14542847502992137,0.037020654907719074,0.015139494429849536,0.02384274860732736,0.0769109415974335,0.11598064371351334,0.079152840858033,0.04070527286917043,0.0,0.0,0.12295216791465963,0.3920187847819181,0.2788586418876408,0.0,0.05757087081108261,0.014498907554308915,0.003734191392092765,0.008141128226185007,0.03927687997684457,0.058082202266220975,0.03759616349121796,0.014179396430887083,0.0,0.0,0.06655078565908727,0.2146717765866873,0.14542847502992137,0.05757087081108261,0.0,0.0021809051299429187,0.0,0.0,0.017970866003613077,0.030912149686846663,0.019078857217239734,0.007280688197204408,0.0,0.0,0.012372535621384123,0.0593089409574062,0.037020654907719074,0.014498907554308915,0.0021809051299429187,0.0,0.031118935563014354,0.0,0.002830995071324967,0.007264243339370512,0.0036838682513486245,0.0,0.0,0.0,0.00441825516223262,0.02210112071531494,0.015139494429849536,0.003734191392092765,0.0,0.031118935563014354,0.0,0.006981537942020374,0.0,0.0,0.0,0.0,0.0,0.0,0.01047259337383014,0.030016261825623353,0.02384274860732736,0.008141128226185007,0.0,0.0,0.006981537942020374,0.0,0.018834754546742306,0.0,0.0,0.0,0.001045346881918444,3.1132739966652635e-05,0.032118487351250447,0.0975364971469045,0.0769109415974335,0.03927687997684457,0.017970866003613077,0.002830995071324967,0.0,0.018834754546742306,0.0,0.007359145374454948,0.008316402698772384,0.0037818466511624,0.0,0.0017112138583273023,0.05042392109797629,0.14732255404143915,0.11598064371351334,0.058082202266220975,0.030912149686846663,0.007264243339370512,0.0,0.0,0.007359145374454948,0.0,0.003908446642062905,0.0032928335755160946,0.0,0.001345306700050203,0.033278703053306054,0.10128452226726076,0.079152840858033,0.03759616349121796,0.019078857217239734,0.0036838682513486245,0.0,0.0,0.008316402698772384,0.003908446642062905,0.0,0.02507307236018994,0.0,0.0020297467517790295,0.012579030690020995,0.04907554507466573,0.04070527286917043,0.014179396430887083,0.007280688197204408,0.0,0.0,0.0,0.0037818466511624,0.0032928335755160946,0.02507307236018994,0.0,0.02704420376409594,0.004532315886821366,0.0,0.0,0.0,0.0,0.0,0.0,0.0,0.001045346881918444,0.0,0.0,0.0,0.02704420376409594,0.0,0.01835343466881181,0.0,0.0,0.0,0.0,0.0,0.0,0.0,3.1132739966652635e-05,0.0017112138583273023,0.001345306700050203,0.0020297467517790295,0.004532315886821366,0.01835343466881181,0.0
94.0,0.0,0.4501134290128649,0.03479495177999116,0.08367177180756404,0.019706132964096092,0.002475722771227326,0.00010454516048771442,0.0,0.004655402289315606,0.02330659533592634,0.06689001577923503,0.026563636152561295,0.0,0.0,0.4501134290128649,0.0,0.23859256549098135,0.33331945365153604,0.0983344096001615,0.030635599557186876,0.02543574738434757,0.016628100430731537,0.039810542350774615,0.10704242076233868,0.2702576906458794,0.12515069962221703,0.01068151810895597,0.0,0.03479495177999116,0.23859256549098135,0.0,0.01900178220665464,0.0,0.0,0.0,0.0,0.0,0.0022159979502434507,0.02682335252809437,0.005319140594109067,0.0,0.0,0.08367177180756404,0.33331945365153604,0.01900178220665464,0.0,0.0,0.0,0.0,0.0,0.0008446112014247871,0.014500613344612969,0.04389550950587014,0.016940619993707787,0.0,0.0,0.019706132964096092,0.0983344096001615,0.0,0.0,0.0,0.026957331671003743,0.000956280267500228,0.0,0.0,0.0030064213290688954,0.008898208832267645,0.0016400329913076918,0.0,0.0,0.002475722771227326,0.030635599557186876,0.0,0.0,0.026957331671003743,0.0,0.02136135432370613,0.005556456720217423,0.0,0.0,0.0,0.0,0.000738848411102845,0.0,0.00010454516048771442,0.02543574738434757,0.0,0.0,0.000956280267500228,0.02136135432370613,0.0,0.02777732707512797,0.002883696074920491,0.0,0.0,0.0,0.0005089596436462354,0.0010291444138848538,0.0,0.016628100430731537,0.0,0.0,0.0,0.005556456720217423,0.02777732707512797,0.0,0.020966960998606416,0.0,0.0,0.0,0.0,0.0016782081776147476,0.004655402289315606,0.039810542350774615,0.0,0.0008446112014247871,0.0,0.0,0.002883696074920491,0.020966960998606416,0.0,0.015276752257124897,0.0,0.0,0.0014133769217561103,0.00023110584829633476,0.02330659533592634,0.10704242076233868,0.0022159979502434507,0.014500613344612969,0.0030064213290688954,0.0,0.0,0.0,0.015276752257124897,0.0,0.0,0.001349230719155084,0.0,0.0018570030957337062,0.06689001577923503,0.2702576906458794,0.02682335252809437,0.04389550950587014,0.008898208832267645,0.0,0.0,0.0,0.0,0.0,0.0,0.006999611543390534,0.002003214014072002,0.0,0.026563636152561295,0.12515069962221703,0.005319140594109067,0.016940619993707787,0.0016400329913076918,0.0,0.0,0.0,0.0,0.001349230719155084,0.006999611543390534,0.0,0.0018060740619411798,0.0108589548119989,0.0,0.01068151810895597,0.0,0.0,0.0,0.000738848411102845,0.0005089596436462354,0.0,0.0014133769217561103,0.0,0.002003214014072002,0.0018060740619411798,0.0,0.03168339594325086,0.0,0.0,0.0,0.0,0.0,0.0,0.0010291444138848538,0.0016782081776147476,0.00023110584829633476,0.0018570030957337062,0.0,0.0108589548119989,0.03168339594325086,0.0
95.0,0.0,0.2551145653713029,0.20324634802148908,0.049554897092336944,0.0,0.0,0.0,0.0002562850774985026,0.0,0.019163333384319185,0.04503821110523162,0.016568237357423868,0.0,0.0,0.2551145653713029,0.0,0.8610248709137165,0.22814234989801171,0.030100655892826095,0.0,0.0,0.012216795181576874,0.00794933071061247,0.09105730025625211,0.186643931150542,0.07957711928860611,0.0,0.0,0.20324634802148908,0.8610248709137165,0.0,0.17876364874304862,0.02654471005275374,0.0014444612133775485,0.0,0.009428205562544464,0.0033187598794210725,0.07851333324250521,0.1587283959644702,0.06713042416297452,0.0,0.0,0.049554897092336944,0.22814234989801171,0.17876364874304862,0.0,0.004863460328158324,0.0,0.0,0.0,0.0,0.01884875122347446,0.044424271857922186,0.014283481876786729,0.0,0.0,0.0,0.030100655892826095,0.02654471005275374,0.004863460328158324,0.0,0.04106033412915858,0.003792299635780469,0.0,0.0004566427296577878,0.0,0.002746832439771094,0.0,0.0,0.0,0.0,0.0,0.0014444612133775485,0.0,0.04106033412915858,0.0,0.009793405039909034,0.003416035004188751,0.0008834439598675357,0.0,0.0,0.0,0.0,0.0,0.0,0.0,0.0,0.0,0.003792299635780469,0.009793405039909034,0.0,0.04040121426225802,0.0037886968493662985,0.0,0.0,0.0,0.001830031391669058,0.0006646095329690866,0.0002562850774985026,0.012216795181576874,0.009428205562544464,0.0,0.0,0.003416035004188751,0.04040121426225802,0.0,0.017757674736383015,0.0,0.00038832831606526756,0.0,0.0,0.0,0.0,0.00794933071061247,0.0033187598794210725,0.0,0.0004566427296577878,0.0008834439598675357,0.0037886968493662985,0.017757674736383015,0.0,0.013766063145641055,0.0,0.0,0.0,0.0035379595029761597,0.019163333384319185,0.09105730025625211,0.07851333324250521,0.01884875122347446,0.0,0.0,0.0,0.0,0.013766063145641055,0.0,0.008827926262766527,0.0037011056824707207,0.0025612176925817517,0.0,0.04503821110523162,0.186643931150542,0.1587283959644702,0.044424271857922186,0.002746832439771094,0.0,0.0,0.00038832831606526756,0.0,0.008827926262766527,0.0,0.012832870817891529,0.0,0.0,0.016568237357423868,0.07957711928860611,0.06713042416297452,0.014283481876786729,0.0,0.0,0.0,0.0,0.0,0.0037011056824707207,0.012832870817891529,0.0,0.02849791223992491,0.011720936436668394,0.0,0.0,0.0,0.0,0.0,0.0,0.001830031391669058,0.0,0.0,0.0025612176925817517,0.0,0.02849791223992491,0.0,0.047680756394990365,0.0,0.0,0.0,0.0,0.0,0.0,0.0006646095329690866,0.0,0.0035379595029761597,0.0,0.0,0.011720936436668394,0.047680756394990365,0.0
96.0,0.0,0.287960579009007,0.03710119773837497,0.05403555878518987,0.03289779985147224,0.00678417325742875,0.0,0.01305997502173177,0.019804345382489482,0.027279537756069536,0.025118741656058378,0.009825028736650547,0.0,0.0,0.287960579009007,0.0,0.3821168644718737,0.39007170600990704,0.24490533563252645,0.0853075905082114,0.0,0.08983616647048884,0.13802750525327953,0.18610585275061375,0.16107712967545262,0.08256550112187672,0.0,0.0,0.03710119773837497,0.3821168644718737,0.0,0.06809290197402311,0.046494590986021114,0.005052495225105138,0.0,0.01086349485390661,0.02732841285376344,0.0350605448736894,0.028875654639257405,0.015544204606692437,0.0,0.0,0.05403555878518987,0.39007170600990704,0.06809290197402311,0.0,0.030553122704204277,0.010057720081094096,0.0,0.009613131645206534,0.027694869577570235,0.037953343723039074,0.03145245625520969,0.015564305381313231,0.0,0.0,0.03289779985147224,0.24490533563252645,0.046494590986021114,0.030553122704204277,0.0,0.01578081773664937,0.0,0.005525840736076898,0.013236212228824411,0.023138886571396084,0.019417685369320765,0.008257585555975656,0.0,0.0,0.00678417325742875,0.0853075905082114,0.005052495225105138,0.010057720081094096,0.01578081773664937,0.0,0.03186400623225377,0.0,0.0017576153557829009,0.006868540782988099,0.003912015313676037,0.0,0.0,0.0,0.0,0.0,0.0,0.0,0.0,0.03186400623225377,0.0,0.011130697937630218,0.0,0.0,0.0,0.0,0.0,0.0004256903220267665,0.01305997502173177,0.08983616647048884,0.01086349485390661,0.009613131645206534,0.005525840736076898,0.0,0.011130697937630218,0.0,0.006704308561445803,0.003283823603226854,0.003452903663444179,0.00015275123095858588,0.0,0.0,0.019804345382489482,0.13802750525327953,0.02732841285376344,0.027694869577570235,0.013236212228824411,0.0017576153557829009,0.0,0.006704308561445803,0.0,0.006472972377759078,0.009333881178852536,0.004069174954155057,0.0,0.0,0.027279537756069536,0.18610585275061375,0.0350605448736894,0.037953343723039074,0.023138886571396084,0.006868540782988099,0.0,0.003283823603226854,0.006472972377759078,0.0,0.0038718179265077412,0.005814661089283183,0.0,0.0,0.025118741656058378,0.16107712967545262,0.028875654639257405,0.03145245625520969,0.019417685369320765,0.003912015313676037,0.0,0.003452903663444179,0.009333881178852536,0.0038718179265077412,0.0,0.023725952613211244,0.0006774695077773935,0.0,0.009825028736650547,0.08256550112187672,0.015544204606692437,0.015564305381313231,0.008257585555975656,0.0,0.0,0.00015275123095858588,0.004069174954155057,0.005814661089283183,0.023725952613211244,0.0,0.030085814436434755,0.0,0.0,0.0,0.0,0.0,0.0,0.0,0.0,0.0,0.0,0.0,0.0006774695077773935,0.030085814436434755,0.0,0.04930367103675827,0.0,0.0,0.0,0.0,0.0,0.0,0.0004256903220267665,0.0,0.0,0.0,0.0,0.0,0.04930367103675827,0.0
97.0,0.0,0.12282826438496712,0.08206289683370721,0.016676410926963994,0.0,0.0,0.0,0.004383557081921957,0.0098172513062847,0.00859417555299455,0.005296151645596974,0.00434843450191243,0.0,0.0,0.12282826438496712,0.0,0.8683870358997322,0.2689521207425085,0.07740544020305205,0.012896280974694776,0.04372157315330072,0.1023792094130009,0.12431170136385707,0.12981188171496502,0.09626282104375916,0.06117639372960349,0.0,0.0,0.08206289683370721,0.8683870358997322,0.0,0.20134871804209112,0.05829462665001119,0.006376309065132382,0.027147548412344312,0.07198176959091446,0.09061178097552669,0.09638751876344119,0.0723307485116963,0.04279895969511796,0.0,0.0,0.016676410926963994,0.2689521207425085,0.20134871804209112,0.0,0.0,0.0029074019913476975,0.002256055343594666,0.017824649786608956,0.02597315179691836,0.030510012915563604,0.023135568449186534,0.006233474998624518,0.0,0.0,0.0,0.07740544020305205,0.05829462665001119,0.0,0.0,0.021872633942047234,0.0,0.0032810414129691295,0.00463543380309079,0.005305622159092395,0.0022755031255143996,0.0,0.0,0.0,0.0,0.012896280974694776,0.006376309065132382,0.0029074019913476975,0.021872633942047234,0.0,0.015281681839871738,0.0007534921463962007,0.0,0.0,0.0,0.0,0.0025162112428299853,0.0,0.0,0.04372157315330072,0.027147548412344312,0.002256055343594666,0.0,0.015281681839871738,0.0,0.024187383089272884,0.0,0.0005070079385152101,0.0,0.0,0.00033221273561946077,0.0,0.004383557081921957,0.1023792094130009,0.07198176959091446,0.017824649786608956,0.0032810414129691295,0.0007534921463962007,0.024187383089272884,0.0,0.011767650624266901,0.009228031026121625,0.0035754265704540343,0.0,0.0,0.0,0.0098172513062847,0.12431170136385707,0.09061178097552669,0.02597315179691836,0.00463543380309079,0.0,0.0,0.011767650624266901,0.0,0.00950901366842761,0.007713759324033967,0.003125264391655818,0.0,0.0,0.00859417555299455,0.12981188171496502,0.09638751876344119,0.030510012915563604,0.005305622159092395,0.0,0.0005070079385152101,0.009228031026121625,0.00950901366842761,0.0,0.01878479174277897,0.0,0.0,0.0023901269638247737,0.005296151645596974,0.09626282104375916,0.0723307485116963,0.023135568449186534,0.0022755031255143996,0.0,0.0,0.0035754265704540343,0.007713759324033967,0.01878479174277897,0.0,0.020857822874290142,0.005096814087192959,0.0,0.00434843450191243,0.06117639372960349,0.04279895969511796,0.006233474998624518,0.0,0.0,0.0,0.0,0.003125264391655818,0.0,0.020857822874290142,0.0,0.007181395922910351,0.009458921613338226,0.0,0.0,0.0,0.0,0.0,0.0025162112428299853,0.00033221273561946077,0.0,0.0,0.0,0.005096814087192959,0.007181395922910351,0.0,0.032913354064484264,0.0,0.0,0.0,0.0,0.0,0.0,0.0,0.0,0.0,0.0023901269638247737,0.0,0.009458921613338226,0.032913354064484264,0.0
98.0,0.0,0.08802378689536297,0.009398871588145388,0.0,0.0030785180552281976,0.0,0.0,0.0,0.0007175695627259377,0.005652110062523361,0.0053335315899652475,0.00031017705228572124,0.0,0.0,0.08802378689536297,0.0,0.6854630379457689,0.15966245492364584,0.023663795003920664,0.04845889854261099,0.06398582836906591,0.06710323542027229,0.11765899822823758,0.2001549357503124,0.1617147079529327,0.08635280905353784,0.005587824265577898,0.0,0.009398871588145388,0.6854630379457689,0.0,0.04246535229662884,0.0,0.0029554002691816886,0.011426402111026943,0.016271007089139235,0.04373036646800939,0.07862528262518347,0.0606503723959014,0.02728321631585743,0.0,0.0,0.0,0.15966245492364584,0.04246535229662884,0.0,0.022785680624403733,0.0,0.0,0.0016694551492572713,0.0053362501246072575,0.012200560438246615,0.008308874723429508,0.0048627318253566245,0.0,0.0,0.0030785180552281976,0.023663795003920664,0.0,0.022785680624403733,0.0,0.016114111778590522,0.0,0.0,0.0,0.0,0.0,0.0,0.002613508049574979,0.0,0.0,0.04845889854261099,0.0029554002691816886,0.0,0.016114111778590522,0.0,0.01683488586631936,0.0011448333996820085,0.0,0.0009914068832853095,0.0,0.0,0.0,0.0,0.0,0.06398582836906591,0.011426402111026943,0.0,0.0,0.01683488586631936,0.0,0.032290056997535545,0.0,0.003058422667581993,0.0013362615979206683,0.0,0.0,0.0,0.0,0.06710323542027229,0.016271007089139235,0.0016694551492572713,0.0,0.0011448333996820085,0.032290056997535545,0.0,0.01843103556236222,0.003581325783302917,0.004282583469289921,0.0,0.0,0.0,0.0007175695627259377,0.11765899822823758,0.04373036646800939,0.0053362501246072575,0.0,0.0,0.0,0.01843103556236222,0.0,0.004076884229260042,0.006146317057987425,0.002491030748411938,0.0025774725934878864,0.0008168167826165143,0.005652110062523361,0.2001549357503124,0.07862528262518347,0.012200560438246615,0.0,0.0009914068832853095,0.003058422667581993,0.003581325783302917,0.004076884229260042,0.0,0.009408515826249894,0.0070955028361435486,0.0005838629671137091,0.0,0.0053335315899652475,0.1617147079529327,0.0606503723959014,0.008308874723429508,0.0,0.0,0.0013362615979206683,0.004282583469289921,0.006146317057987425,0.009408515826249894,0.0,0.024566277291236532,0.0,0.004533579294969579,0.00031017705228572124,0.08635280905353784,0.02728321631585743,0.0048627318253566245,0.0,0.0,0.0,0.0,0.002491030748411938,0.0070955028361435486,0.024566277291236532,0.0,0.029233868300712295,0.012037400490908835,0.0,0.005587824265577898,0.0,0.0,0.002613508049574979,0.0,0.0,0.0,0.0025774725934878864,0.0005838629671137091,0.0,0.029233868300712295,0.0,0.011473283156778277,0.0,0.0,0.0,0.0,0.0,0.0,0.0,0.0,0.0008168167826165143,0.0,0.004533579294969579,0.012037400490908835,0.011473283156778277,0.0
99.0,0.0,0.03620478047907579,0.0010774198350679447,0.0,0.0,0.0,0.0,0.0,0.0,0.0,0.000543683108576035,0.0,0.0,0.0,0.03620478047907579,0.0,0.7043573715530319,0.4002468872508777,0.2586774691076851,0.08693188572536527,0.010963644761430653,0.02394476815290967,0.03479794622082965,0.08537119892959166,0.22739408720879709,0.09931961017507727,0.0010560036712773183,0.0,0.0010774198350679447,0.7043573715530319,0.0,0.18933565972669722,0.12281363956009884,0.037954836409459944,0.0013604241008998317,0.010427376726476804,0.011860960015270223,0.04066199814024156,0.12084379159200327,0.04341680169436626,0.0,0.0,0.0,0.4002468872508777,0.18933565972669722,0.0,0.05695193729995822,0.011735587064798056,0.0,0.0009207729989191469,0.003042629728120838,0.020329512838255293,0.06748904149302966,0.027015221674829885,0.0,0.0,0.0,0.2586774691076851,0.12281363956009884,0.05695193729995822,0.0,0.0017778682467417023,0.00012152124325479682,0.0,0.00027342179034297795,0.012550668391808842,0.04272926036030312,0.014211435979310178,0.0,0.0,0.0,0.08693188572536527,0.037954836409459944,0.011735587064798056,0.0017778682467417023,0.0,0.03045043945704802,0.0,0.0,0.0010830690066986576,0.011721958082553463,0.0,0.0,0.00023031234177736638,0.0,0.010963644761430653,0.0013604241008998317,0.0,0.00012152124325479682,0.03045043945704802,0.0,0.007444285218625411,0.0031255548083182864,0.0,0.0,0.0,0.00010468460606956147,0.0013428644929351066,0.0,0.02394476815290967,0.010427376726476804,0.0009207729989191469,0.0,0.0,0.007444285218625411,0.0,0.017670764130492424,0.0,0.0,0.0,0.0007546513174600468,0.0022561454442574665,0.0,0.03479794622082965,0.011860960015270223,0.003042629728120838,0.00027342179034297795,0.0,0.0031255548083182864,0.017670764130492424,0.0,0.019238687807766577,0.0011308197962882278,0.0,0.0,0.001454903126904045,0.0,0.08537119892959166,0.04066199814024156,0.020329512838255293,0.012550668391808842,0.0010830690066986576,0.0,0.0,0.019238687807766577,0.0,0.012874683133512298,0.0,0.0003458789450341411,0.0035974090585691385,0.000543683108576035,0.22739408720879709,0.12084379159200327,0.06748904149302966,0.04272926036030312,0.011721958082553463,0.0,0.0,0.0011308197962882278,0.012874683133512298,0.0,0.0030252613808732657,0.003931868897834912,0.0,0.0,0.09931961017507727,0.04341680169436626,0.027015221674829885,0.014211435979310178,0.0,0.0,0.0,0.0,0.0,0.0030252613808732657,0.0,0.03179328628346279,0.00109623794473715,0.0,0.0010560036712773183,0.0,0.0,0.0,0.0,0.00010468460606956147,0.0007546513174600468,0.0,0.0003458789450341411,0.003931868897834912,0.03179328628346279,0.0,0.01856724481081676,0.0,0.0,0.0,0.0,0.0,0.00023031234177736638,0.0013428644929351066,0.0022561454442574665,0.001454903126904045,0.0035974090585691385,0.0,0.00109623794473715,0.01856724481081676,0.0
100.0,0.0,0.10588750651757706,0.02613965416419308,0.013892367691463955,0.0,0.00016876116832377383,0.0,0.0,0.0,0.0048929641490509865,0.011312997182142528,0.0007814119890514112,0.0,0.0,0.10588750651757706,0.0,0.6598949674444345,0.34988838476791473,0.12338952886055556,0.1062421772804514,0.037003438737911225,0.0,0.03369123444313646,0.11210746246949758,0.2430178245122558,0.11575446366890793,0.005256315037790929,0.0,0.02613965416419308,0.6598949674444345,0.0,0.13423389412401138,0.04236735950460274,0.036324147817113336,0.013248216807571461,0.0,0.007690916503799702,0.04311315144898687,0.09639061382561635,0.03849073582062334,0.0,0.0,0.013892367691463955,0.34988838476791473,0.13423389412401138,0.0,0.014622033443350911,0.012877697172200688,0.0030040172496,0.0,0.001800159051964674,0.021087839649111303,0.05066189688251251,0.01738110134117267,0.0,0.0,0.0,0.12338952886055556,0.04236735950460274,0.014622033443350911,0.0,0.00897086895690343,0.0,0.0009240219958753582,0.0,0.003240809075515887,0.014124051294829052,0.001639640667742767,0.0,0.0,0.00016876116832377383,0.1062421772804514,0.036324147817113336,0.012877697172200688,0.00897086895690343,0.0,0.010442116451963097,0.002889066756947927,0.0,0.002676150445823454,0.012565547741521792,0.0030549822739260523,0.0,0.0,0.0,0.037003438737911225,0.013248216807571461,0.0030040172496,0.0,0.010442116451963097,0.0,0.02706310093584489,0.0015098087478550523,0.0,0.0,0.0,0.0004964890732339403,0.0,0.0,0.0,0.0,0.0,0.0009240219958753582,0.002889066756947927,0.02706310093584489,0.0,0.019622693167523797,0.0010901867426657366,0.0,0.0,0.0007836640747485218,0.0004995446361518477,0.0,0.03369123444313646,0.007690916503799702,0.001800159051964674,0.0,0.0,0.0015098087478550523,0.019622693167523797,0.0,0.028196919935400275,0.00035557283470307203,0.0,0.0009369371872154392,0.0030714584407579427,0.0048929641490509865,0.11210746246949758,0.04311315144898687,0.021087839649111303,0.003240809075515887,0.002676150445823454,0.0,0.0010901867426657366,0.028196919935400275,0.0,0.0,0.0051132612488148065,0.0,0.0,0.011312997182142528,0.2430178245122558,0.09639061382561635,0.05066189688251251,0.014124051294829052,0.012565547741521792,0.0,0.0,0.00035557283470307203,0.0,0.0,0.00794800700615464,0.0,0.0,0.0007814119890514112,0.11575446366890793,0.03849073582062334,0.01738110134117267,0.001639640667742767,0.0030549822739260523,0.0,0.0,0.0,0.0051132612488148065,0.00794800700615464,0.0,0.009579313431303978,0.01212986075216885,0.0,0.005256315037790929,0.0,0.0,0.0,0.0,0.0004964890732339403,0.0007836640747485218,0.0009369371872154392,0.0,0.0,0.009579313431303978,0.0,0.03583947658956504,0.0,0.0,0.0,0.0,0.0,0.0,0.0,0.0004995446361518477,0.0030714584407579427,0.0,0.0,0.01212986075216885,0.03583947658956504,0.0
