t,C_0_0,C_0_1,C_0_2,C_0_3,C_0_4,C_0_5,C_0_6,C_0_7,C_0_8,C_0_9,C_0_10,C_0_11,C_0_12,C_0_13,C_1_0,C_1_1,C_1_2,C_1_3,C_1_4,C_1_5,C_1_6,C_1_7,C_1_8,C_1_9,C_1_10,C_1_11,C_1_12,C_1_13,C_2_0,C_2_1,C_2_2,C_2_3,C_2_4,C_2_5,C_2_6,C_2_7,C_2_8,C_2_9,C_2_10,C_2_11,C_2_12,C_2_13,C_3_0,C_3_1,C_3_2,C_3_3,C_3_4,C_3_5,C_3_6,C_3_7,C_3_8,C_3_9,C_3_10,C_3_11,C_3_12,C_3_13,C_4_0,C_4_1,C_4_2,C_4_3,C_4_4,C_4_5,C_4_6,C_4_7,C_4_8,C_4_9,C_4_10,C_4_11,C_4_12,C_4_13,C_5_0,C_5_1,C_5_2,C_5_3,C_5_4,C_5_5,C_5_6,C_5_7,C_5_8,C_5_9,C_5_10,C_5_11,C_5_12,C_5_13,C_6_0,C_6_1,C_6_2,C_6_3,C_6_4,C_6_5,C_6_6,C_6_7,C_6_8,C_6_9,C_6_10,C_6_11,C_6_12,C_6_13,C_7_0,C_7_1,C_7_2,C_7_3,C_7_4,C_7_5,C_7_6,C_7_7,C_7_8,C_7_9,C_7_10,C_7_11,C_7_12,C_7_13,C_8_0,C_8_1,C_8_2,C_8_3,C_8_4,C_8_5,C_8_6,C_8_7,C_8_8,C_8_9,C_8_10,C_8_11,C_8_12,C_8_13,C_9_0,C_9_1,C_9_2,C_9_3,C_9_4,C_9_5,C_9_6,C_9_7,C_9_8,C_9_9,C_9_10,C_9_11,C_9_12,C_9_13,C_10_0,C_10_1,C_10_2,C_10_3,C_10_4,C_10_5,C_10_6,C_10_7,C_10_8,C_10_9,C_10_10,C_10_11,C_10_12,C_10_13,C_11_0,C_11_1,C_11_2,C_11_3,C_11_4,C_11_5,C_11_6,C_11_7,C_11_8,C_11_9,C_11_10,C_11_11,C_11_12,C_11_13,C_12_0,C_12_1,C_12_2,C_12_3,C_12_4,C_12_5,C_12_6,C_12_7,C_12_8,C_12_9,C_12_10,C_12_11,C_12_12,C_12_13,C_13_0,C_13_1,C_13_2,C_13_3,C_13_4,C_13_5,C_13_6,C_13_7,C_13_8,C_13_9,C_13_10,C_13_11,C_13_12,C_13_13
0.0,0.0,0.0,0.0,0.0,0.0,0.0,0.0,0.0,0.0,0.0,0.0,0.0,0.0,0.0,0.0,0.0,0.9999999843497811,0.0,0.0,0.0,0.0,0.0,0.0,0.0,0.0,0.0,0.0,0.0,0.0,0.9999999843497811,0.0,0.0,0.0,0.0,0.0,0.0,0.0,0.0,0.0,0.0,0.0,0.0,0.0,0.0,0.0,0.0,0.0,0.0,0.0,0.0,0.0,0.0,0.0,0.0,0.0,0.0,0.0,0.0,0.0,0.0,0.0,0.0,0.0,0.0,0.0,0.0,0.0,0.0,0.0,0.0,0.0,0.0,0.0,0.0,0.0,0.0,0.0,0.0,0.0,0.0,0.0,0.0,0.0,0.0,0.0,0.0,0.0,0.0,0.0,0.0,0.0,0.0,0.0,0.0,0.0,0.0,0.0,0.0,0.0,0.0,0.0,0.0,0.0,0.0,0.0,0.0,0.0,0.0,0.0,0.0,0.0,0.0,0.0,0.0,0.0,0.0,0.0,0.0,0.0,0.0,0.0,0.0,0.0,0.0,0.0,0.0,0.0,0.0,0.0,0.0,0.0,0.0,0.0,0.0,0.0,0.0,0.0,0.0,0.0,0.0,0.0,0.0,0.0,0.0,0.0,0.0,0.0,0.0,0.0,0.0,0.0,0.0,0.0,0.0,0.0,0.0,0.0,0.0,0.0,0.0,0.0,0.0,0.0,0.0,0.0,0.0,0.0,0.0,0.0,0.0,0.0,0.0,0.0,0.0,0.0,0.0,0.0,0.0,0.0,0.0,0.0,0.0,0.0,0.0,0.0,0.0,0.0,0.0,0.0,0.0,0.0,0.0,0.0,0.0,0.0,0.0
1.0,0.0,0.18574841965413594,0.014164894599870552,0.029491216017884802,0.018112620420347218,0.00035784349672421444,0.0,0.0,0.0,0.0,0.0,0.0,0.0,0.0,0.18574841965413594,0.0,0.10702545415853904,0.4669163991941736,0.3069875758869882,0.11426925841215121,0.023733321780022482,0.0,0.0,0.0,0.0,0.0,0.0,0.0,0.014164894599870552,0.10702545415853904,0.0,0.0016931052672874407,0.0,0.0,0.0,0.0,0.0,0.0,0.0,0.0,0.0,0.0,0.029491216017884802,0.4669163991941736,0.0016931052672874407,0.0,0.04439397728460828,0.00705813202639051,0.0,0.0,0.0,0.0,0.0,0.0,0.0,0.0,0.018112620420347218,0.3069875758869882,0.0,0.04439397728460828,0.0,0.0035449288778121937,0.0,0.0,0.0,0.0,0.0,0.0,0.0,0.0,0.00035784349672421444,0.11426925841215121,0.0,0.00705813202639051,0.0035449288778121937,0.0,0.017275789703741797,0.0,0.0,0.0,0.0,0.0,0.0,0.0,0.0,0.023733321780022482,0.0,0.0,0.0,0.017275789703741797,0.0,0.022453780626792628,0.0,0.0,0.0,0.0,0.0,0.0,0.0,0.0,0.0,0.0,0.0,0.0,0.022453780626792628,0.0,0.01379312433996639,5.113585511689212e-06,0.014262537633433697,0.013287353366453904,0.009224649787725142,0.0,0.0,0.0,0.0,0.0,0.0,0.0,0.0,0.01379312433996639,0.0,0.03281377798739982,0.10236578116733995,0.08407441000974457,0.0905522861758498,0.0023344954108990117,0.0,0.0,0.0,0.0,0.0,0.0,0.0,5.113585511689212e-06,0.03281377798739982,0.0,0.33915069382370067,0.28963609596755546,0.2964047007136604,0.02166201496085577,0.0,0.0,0.0,0.0,0.0,0.0,0.0,0.014262537633433697,0.10236578116733995,0.33915069382370067,0.0,0.5877137802986826,0.5865532061968534,0.048391520411778834,0.0,0.0,0.0,0.0,0.0,0.0,0.0,0.013287353366453904,0.08407441000974457,0.28963609596755546,0.5877137802986826,0.0,0.49075895704363776,0.008100546655552687,0.0,0.0,0.0,0.0,0.0,0.0,0.0,0.009224649787725142,0.0905522861758498,0.2964047007136604,0.5865532061968534,0.49075895704363776,0.0,0.0031509398600647193,0.0,0.0,0.0,0.0,0.0,0.0,0.0,0.0,0.0023344954108990117,0.02166201496085577,0.048391520411778834,0.008100546655552687,0.0031509398600647193,0.0
2.0,0.0,0.242116943228808,0.14404442087386815,0.08038518676959663,0.05570886469780952,0.03213009833911914,0.0,0.0,0.0,0.0,0.0,0.0,0.0,0.0,0.242116943228808,0.0,0.6925288774795907,0.40273646686352926,0.28931516746196784,0.1864443484519139,0.039852750206369296,0.0,0.0,0.0,0.0,0.0,0.0,0.0,0.14404442087386815,0.6925288774795907,0.0,0.24608455489685183,0.18118825839260505,0.11700684515375023,0.013837172907648698,0.0,0.0,0.0,0.0,0.0,0.0,0.0,0.08038518676959663,0.40273646686352926,0.24608455489685183,0.0,0.0901945381505932,0.06471308650108579,9.319458837261929e-05,0.0,0.0,0.0,0.0,0.0,0.0,0.0,0.05570886469780952,0.28931516746196784,0.18118825839260505,0.0901945381505932,0.0,0.03830055598062285,0.0,0.0,0.0,0.0,0.0,0.0,0.0,0.0,0.03213009833911914,0.1864443484519139,0.11700684515375023,0.06471308650108579,0.03830055598062285,0.0,0.0,0.0,0.0,0.0,0.0,0.0,0.0,0.0,0.0,0.039852750206369296,0.013837172907648698,9.319458837261929e-05,0.0,0.0,0.0,0.0,0.0,0.0,0.0,0.016814366370044048,0.0,0.0,0.0,0.0,0.0,0.0,0.0,0.0,0.0,0.0,0.05708521884069799,0.07772395990624827,0.1278797088315252,0.17189718870522003,0.0004308684713985947,0.0,0.0,0.0,0.0,0.0,0.0,0.0,0.0,0.05708521884069799,0.0,0.19599595340482115,0.2662788600870618,0.3312235412546976,0.027384349551302388,0.00043210497366559736,0.0,0.0,0.0,0.0,0.0,0.0,0.0,0.07772395990624827,0.19599595340482115,0.0,0.377118480684689,0.475216984571945,0.054742830595194324,0.0,0.0,0.0,0.0,0.0,0.0,0.0,0.0,0.1278797088315252,0.2662788600870618,0.377118480684689,0.0,0.6416926886996259,0.07890796447128715,0.008514394352379506,0.0,0.0,0.0,0.0,0.0,0.0,0.016814366370044048,0.17189718870522003,0.3312235412546976,0.475216984571945,0.6416926886996259,0.0,0.10216668440792974,0.012850205520044643,0.0,0.0,0.0,0.0,0.0,0.0,0.0,0.0004308684713985947,0.027384349551302388,0.054742830595194324,0.07890796447128715,0.10216668440792974,0.0,0.00918172008341268,0.0,0.0,0.0,0.0,0.0,0.0,0.0,0.0,0.00043210497366559736,0.0,0.008514394352379506,0.012850205520044643,0.00918172008341268,0.0
3.0,0.0,0.45561989433364875,0.06955167031074827,0.012288907527768624,0.0,0.0,0.0,0.0,0.0,0.0,0.0,0.0,0.0,0.0,0.45561989433364875,0.0,0.3450812335311363,0.11553888735892048,0.0686017163008111,0.019057952801841686,0.0,0.0,0.0,0.0,0.0,0.0,0.0,0.0,0.06955167031074827,0.3450812335311363,0.0,0.0,0.0,0.0,0.0,0.0,0.0,0.0,0.0,0.0,0.0,0.0,0.012288907527768624,0.11553888735892048,0.0,0.0,0.0,0.0,0.0,0.0,0.0,0.0,0.0,0.0,0.0,0.0,0.0,0.0686017163008111,0.0,0.0,0.0,0.0,0.0,0.0,0.0,0.0,0.0,0.0,0.0,0.0,0.0,0.019057952801841686,0.0,0.0,0.0,0.0,0.0,0.0,0.0,0.01628420871880166,0.013365189134726892,0.06601240663440955,0.0393744694605361,0.0,0.0,0.0,0.0,0.0,0.0,0.0,0.0,0.0,0.0,0.0,0.03961759859706476,0.12657027184846376,0.08395662612920818,0.0038567357342973486,0.0,0.0,0.0,0.0,0.0,0.0,0.0,0.0,0.0,0.0,0.0,0.11647776362672838,0.07990395981168892,0.0033718986170992084,0.0,0.0,0.0,0.0,0.0,0.0,0.0,0.0,0.0,0.031372714243881585,0.01621448094315278,0.15445481560190394,0.11186786164565057,0.009171184230912843,0.0,0.0,0.0,0.0,0.0,0.01628420871880166,0.0,0.0,0.031372714243881585,0.0,0.056920743871862745,0.1740561909818867,0.1303763597407606,0.004239859823639417,0.0,0.0,0.0,0.0,0.0,0.013365189134726892,0.03961759859706476,0.0,0.01621448094315278,0.056920743871862745,0.0,0.3631904694270425,0.2836902253698339,0.03257672605547553,0.0,0.0,0.0,0.0,0.0,0.06601240663440955,0.12657027184846376,0.11647776362672838,0.15445481560190394,0.1740561909818867,0.3631904694270425,0.0,0.6442998440641577,0.06760400313803913,0.0,0.0,0.0,0.0,0.0,0.0393744694605361,0.08395662612920818,0.07990395981168892,0.11186786164565057,0.1303763597407606,0.2836902253698339,0.6442998440641577,0.0,0.03759324945906859,0.0,0.0,0.0,0.0,0.0,0.0,0.0038567357342973486,0.0033718986170992084,0.009171184230912843,0.004239859823639417,0.03257672605547553,0.06760400313803913,0.03759324945906859,0.0
4.0,0.0,0.36564332408588784,0.266290519302317,0.0315912173250264,0.0,0.0,0.0,0.0,0.0,0.0,0.0,0.0,0.0,0.0,0.36564332408588784,0.0,0.7545197865552125,0.14042228828147565,0.0,0.0,0.0,0.0,0.0,0.0,0.0,0.0,0.0,0.0,0.266290519302317,0.7545197865552125,0.0,0.11418558639308783,0.0,0.0,0.0,0.004345503204883902,0.0,0.0,0.0,0.0,0.0,0.0,0.0315912173250264,0.14042228828147565,0.11418558639308783,0.0,0.0,0.0,0.0,0.0,0.0,0.0,0.0,0.0,0.0,0.0,0.0,0.0,0.0,0.0,0.0,0.0,0.0,0.012731048500554126,0.0,0.0,0.0,0.11539931241862902,0.0,0.0,0.0,0.0,0.0,0.0,0.0,0.0,0.019554145103482055,0.0,0.0,0.0,0.05019376720969404,0.3566087219717504,0.0082479401226584,0.004431671573177996,0.0,0.0,0.0,0.0,0.0,0.019554145103482055,0.0,0.0,0.0,0.0011264200389328929,0.0,0.11640634241498478,0.0,0.0,0.0,0.0,0.004345503204883902,0.0,0.012731048500554126,0.0,0.0,0.0,0.0,0.0,0.0,0.1793025445084845,0.0,0.0,0.0,0.0,0.0,0.0,0.0,0.0,0.0,0.0,0.0,0.0,0.0,0.1306607521021522,0.0,0.0,0.0,0.0,0.0,0.0,0.0,0.0,0.0011264200389328929,0.0,0.0,0.0,0.01623353549683416,0.1718240375621847,0.0,0.0,0.0,0.0,0.0,0.0,0.0,0.05019376720969404,0.0,0.0,0.0,0.01623353549683416,0.0,0.4542268254822167,0.04247931922524442,0.0009705647142661698,0.0,0.0,0.0,0.0,0.11539931241862902,0.3566087219717504,0.11640634241498478,0.1793025445084845,0.1306607521021522,0.1718240375621847,0.4542268254822167,0.0,0.15196910960553214,0.05424425191445453,0.0,0.0,0.0,0.0,0.0,0.0082479401226584,0.0,0.0,0.0,0.0,0.04247931922524442,0.15196910960553214,0.0,0.001855148686383849,0.0,0.0,0.0,0.0,0.0,0.004431671573177996,0.0,0.0,0.0,0.0,0.0009705647142661698,0.05424425191445453,0.001855148686383849,0.0
5.0,0.0,0.4501223021740802,0.03762754849924325,0.07097704246171205,0.019908953968885718,0.0,0.010623306736132326,0.0,0.0,0.0,0.0,0.0,0.0,0.0,0.4501223021740802,0.0,0.22979815357484593,0.2494344984453624,0.10304524409323904,0.0,0.05594341879128526,0.03178425015095319,0.0,0.0,0.0,0.0,0.0,0.0,0.03762754849924325,0.22979815357484593,0.0,0.034818462815588626,0.0,0.0,0.0,0.0,0.0,0.0,0.0,0.0,0.0,0.0,0.07097704246171205,0.2494344984453624,0.034818462815588626,0.0,0.0,0.0,0.0,0.0,0.0,0.0,0.0,0.0,0.0,0.0,0.019908953968885718,0.10304524409323904,0.0,0.0,0.0,0.0,0.0,0.0,0.0,0.0,0.0,0.0,0.0,0.0,0.0,0.0,0.0,0.0,0.0,0.0,0.0,0.005018060148796213,0.0036023629711443017,0.05615028118559985,0.09986107389940523,0.07707570323940044,0.047946761626843554,1.4767527220779786e-05,0.010623306736132326,0.05594341879128526,0.0,0.0,0.0,0.0,0.0,0.0,0.0,0.0,0.0,0.0,0.02172701752495053,0.0,0.0,0.03178425015095319,0.0,0.0,0.0,0.005018060148796213,0.0,0.0,0.0,0.0,0.00546409826793931,0.06450162000070114,0.0402648848303407,0.0034370368233970876,0.0,0.0,0.0,0.0,0.0,0.0036023629711443017,0.0,0.0,0.0,0.06789159262646029,0.03545436987936138,0.12601399976963096,0.1694416117521276,0.019501852241129845,0.0,0.0,0.0,0.0,0.0,0.05615028118559985,0.0,0.0,0.06789159262646029,0.0,0.22323651724423002,0.21671424463905034,0.2333214007679078,0.02720772380316353,0.0,0.0,0.0,0.0,0.0,0.09986107389940523,0.0,0.00546409826793931,0.03545436987936138,0.22323651724423002,0.0,0.42972214963703365,0.425615031488664,0.058609704568339076,0.0,0.0,0.0,0.0,0.0,0.07707570323940044,0.0,0.06450162000070114,0.12601399976963096,0.21671424463905034,0.42972214963703365,0.0,0.42289015333973745,0.03790885503935329,0.0,0.0,0.0,0.0,0.0,0.047946761626843554,0.02172701752495053,0.0402648848303407,0.1694416117521276,0.2333214007679078,0.425615031488664,0.42289015333973745,0.0,0.03465930228693285,0.0,0.0,0.0,0.0,0.0,1.4767527220779786e-05,0.0,0.0034370368233970876,0.019501852241129845,0.02720772380316353,0.058609704568339076,0.03790885503935329,0.03465930228693285,0.0
6.0,0.0,0.3099577055658286,0.1444817083497661,0.08440038148783752,0.01531799674157366,0.0,0.010637140665152717,0.0,0.0,0.0,0.0,0.0,0.0,0.0,0.3099577055658286,0.0,0.5731566310652454,0.30204001019666316,0.0,0.0,0.05777221008150101,0.0941221574081989,0.0,0.0,0.0,0.0,0.0,0.0,0.1444817083497661,0.5731566310652454,0.0,0.18247275263179816,0.014118926974845656,0.0,0.0,0.0,0.0034409027038086685,0.0,0.0,0.0,0.0,0.0,0.08440038148783752,0.30204001019666316,0.18247275263179816,0.0,0.0,0.0,0.0,0.0,0.0,0.0,0.0,0.0,0.0,0.0,0.01531799674157366,0.0,0.014118926974845656,0.0,0.0,0.0,0.0,0.0,0.0,0.0,0.01616240760519006,0.0,0.0,0.0,0.0,0.0,0.0,0.0,0.0,0.0,0.0,0.0,0.0,0.00677273341856079,0.06361861124677462,0.07666427372841964,0.0,0.0,0.010637140665152717,0.05777221008150101,0.0,0.0,0.0,0.0,0.0,0.0,0.0,0.0,0.0,0.005406048130320577,0.0,0.0,0.0,0.0941221574081989,0.0,0.0,0.0,0.0,0.0,0.0,0.0,0.0,0.0,0.0,0.0,0.0,0.0,0.0,0.0034409027038086685,0.0,0.0,0.0,0.0,0.0,0.0,0.06415492416443502,0.026797898776137426,0.11133914243179971,0.0,0.0,0.0,0.0,0.0,0.0,0.0,0.00677273341856079,0.0,0.0,0.06415492416443502,0.0,0.31652885583372975,0.41789353347770253,0.067785700511325,0.014314197341805491,0.0,0.0,0.0,0.0,0.01616240760519006,0.06361861124677462,0.0,0.0,0.026797898776137426,0.31652885583372975,0.0,0.6272637771466744,0.13660525099784282,0.032060795839904906,0.0,0.0,0.0,0.0,0.0,0.07666427372841964,0.005406048130320577,0.0,0.11133914243179971,0.41789353347770253,0.6272637771466744,0.0,0.17917448409944675,0.03358762081451365,0.0,0.0,0.0,0.0,0.0,0.0,0.0,0.0,0.0,0.067785700511325,0.13660525099784282,0.17917448409944675,0.0,0.008449954004180573,0.0,0.0,0.0,0.0,0.0,0.0,0.0,0.0,0.0,0.014314197341805491,0.032060795839904906,0.03358762081451365,0.008449954004180573,0.0
7.0,0.0,0.2558919879486166,0.06206239529344207,0.009544216476208643,0.0,0.0,0.0,0.0,0.0,0.0,0.0,0.0,0.0,0.0,0.2558919879486166,0.0,0.40253512677873055,0.0827395655151098,0.0,0.059071987248640406,0.03367081141799111,0.030707361744334825,0.0,0.0,0.0,0.0,0.0,0.0,0.06206239529344207,0.40253512677873055,0.0,0.02222426317741233,0.0,0.0,0.03934260217176883,0.0,0.0,0.0,0.0,0.0,0.0,0.0,0.009544216476208643,0.0827395655151098,0.02222426317741233,0.0,0.0,0.0,0.0,0.0,0.0,0.0,0.0,0.0,0.0,0.0,0.0,0.0,0.0,0.0,0.0,0.0,0.0,0.0,0.0,0.0,0.0,0.02508259058295704,0.0,0.0,0.0,0.059071987248640406,0.0,0.0,0.0,0.0,0.0,0.0,0.0,0.0,0.0,0.01991715205775061,0.045965574651425575,0.0,0.0,0.03367081141799111,0.03934260217176883,0.0,0.0,0.0,0.0,0.0,0.0,0.0,0.0,0.059927614522150854,0.026440440472945782,0.0,0.0,0.030707361744334825,0.0,0.0,0.0,0.0,0.0,0.0,0.0,0.0,0.0,0.061209047370947844,0.0,0.0,0.0,0.0,0.0,0.0,0.0,0.0,0.0,0.0,0.0,0.0,0.0,0.0,0.0036948687002588618,0.0,0.0,0.0,0.0,0.0,0.0,0.0,0.0,0.0,0.0,0.0,0.0,0.013605019411956229,0.0,0.0,0.0,0.0,0.0,0.0,0.0,0.0,0.0,0.0,0.0,0.0,0.0,0.2660744349243171,0.17687113467273474,0.006808207694238046,0.0,0.0,0.0,0.0,0.02508259058295704,0.01991715205775061,0.059927614522150854,0.061209047370947844,0.0,0.013605019411956229,0.2660744349243171,0.0,0.7152937767870347,0.06347983358484008,0.0,0.0,0.0,0.0,0.0,0.045965574651425575,0.026440440472945782,0.0,0.0036948687002588618,0.0,0.17687113467273474,0.7152937767870347,0.0,0.02000832152884682,0.0,0.0,0.0,0.0,0.0,0.0,0.0,0.0,0.0,0.0,0.006808207694238046,0.06347983358484008,0.02000832152884682,0.0
8.0,0.0,0.12747377614779132,0.027336415971730695,0.011605519560943394,0.0,0.0,0.0,0.0,0.0,0.0,0.0,0.0,0.0,0.0,0.12747377614779132,0.0,0.6094161111568737,0.317133945158969,0.006879898239057748,0.0035616468292632153,0.07646403438229676,0.01898863992339308,0.025192329366031278,0.0,0.0,0.0,0.0,0.0,0.027336415971730695,0.6094161111568737,0.0,0.15955305405386233,0.0,0.027294936328267475,0.0,0.0,0.0,0.0,0.0,0.0,0.0,0.0,0.011605519560943394,0.317133945158969,0.15955305405386233,0.0,0.0,0.0,0.0,0.0,0.0,0.0,0.0,0.0,0.0,0.0,0.0,0.006879898239057748,0.0,0.0,0.0,0.0,0.0,0.0,0.0,0.0,0.0022541117501995098,0.0,0.0,0.0,0.0,0.0035616468292632153,0.027294936328267475,0.0,0.0,0.0,0.0,0.0,0.0,0.0,0.0,0.06269556858066097,0.00874062362624168,0.0,0.0,0.07646403438229676,0.0,0.0,0.0,0.0,0.0,0.0,0.0,0.0,0.0,0.010948903834868545,0.0,0.0,0.0,0.01898863992339308,0.0,0.0,0.0,0.0,0.0,0.0,0.0,0.0,0.025329319208063583,0.0,0.0,0.0,0.0,0.025192329366031278,0.0,0.0,0.0,0.0,0.0,0.0,0.0,0.0,0.0,0.021438252408209214,0.0,0.0,0.0,0.0,0.0,0.0,0.0,0.0,0.0,0.0,0.0,0.0,0.14309867952115007,0.16717148468176715,0.013666189070926189,0.0,0.0,0.0,0.0,0.0,0.0022541117501995098,0.0,0.0,0.025329319208063583,0.0,0.14309867952115007,0.0,0.6964562442118275,0.1413318864340419,0.013395034339484673,0.0,0.0,0.0,0.0,0.0,0.06269556858066097,0.010948903834868545,0.0,0.021438252408209214,0.16717148468176715,0.6964562442118275,0.0,0.2136813126065062,0.02701605891049947,0.0,0.0,0.0,0.0,0.0,0.00874062362624168,0.0,0.0,0.0,0.013666189070926189,0.1413318864340419,0.2136813126065062,0.0,0.01744159957000971,0.0,0.0,0.0,0.0,0.0,0.0,0.0,0.0,0.0,0.0,0.013395034339484673,0.02701605891049947,0.01744159957000971,0.0
9.0,0.0,0.07288869443848028,0.0,0.0,0.0,0.0,0.0,0.0,0.0,0.0,0.0,0.0,0.0,0.0,0.07288869443848028,0.0,0.523664429767533,0.06284468575464862,0.07050966091760343,0.07351888614328665,0.05600856778876638,0.016418875305235427,0.0,0.0,0.0,0.0,0.0,0.0,0.0,0.523664429767533,0.0,0.004665265229673124,0.0,0.0,0.029723861328655704,0.0,0.0,0.0,0.0,0.0,0.0,0.0,0.0,0.06284468575464862,0.004665265229673124,0.0,0.0,0.0,0.0,0.0,0.0,0.0,0.0,0.0,0.0,0.0,0.0,0.07050966091760343,0.0,0.0,0.0,0.0,0.0,0.0,0.0,0.0,0.0,0.0,0.0,0.0,0.0,0.07351888614328665,0.0,0.0,0.0,0.0,0.0,0.0,0.0,0.005576560221823349,0.0012188248961798945,0.0,0.0,0.0,0.0,0.05600856778876638,0.029723861328655704,0.0,0.0,0.0,0.0,0.0,0.0,0.0,0.03123732437061972,0.04824383571881558,0.019259018302435427,0.0,0.0,0.016418875305235427,0.0,0.0,0.0,0.0,0.0,0.0,0.0,0.0,0.05129515537827563,0.04358477072615821,0.00989749477788262,0.0,0.0,0.0,0.0,0.0,0.0,0.0,0.0,0.0,0.0,0.054350174931894334,0.017880607306937763,0.10505953578196704,0.10147675440426876,0.0,0.0,0.0,0.0,0.0,0.0,0.005576560221823349,0.0,0.0,0.054350174931894334,0.0,0.2954690430392469,0.22557631755959245,0.2308974432437036,0.01139104681398648,0.0,0.0,0.0,0.0,0.0,0.0012188248961798945,0.03123732437061972,0.05129515537827563,0.017880607306937763,0.2954690430392469,0.0,0.48538667278404257,0.4245674845452948,0.027521716286635346,0.0,0.0,0.0,0.0,0.0,0.0,0.04824383571881558,0.04358477072615821,0.10505953578196704,0.22557631755959245,0.48538667278404257,0.0,0.4144892560676698,0.00672835633595698,0.0,0.0,0.0,0.0,0.0,0.0,0.019259018302435427,0.00989749477788262,0.10147675440426876,0.2308974432437036,0.4245674845452948,0.4144892560676698,0.0,0.0,0.0,0.0,0.0,0.0,0.0,0.0,0.0,0.0,0.0,0.01139104681398648,0.027521716286635346,0.00672835633595698,0.0,0.0
10.0,0.0,0.12806920458041735,0.04711338440217196,0.000790386242385456,0.0,0.0,0.0,0.0,0.0,0.0,0.0,0.0,0.0,0.0,0.12806920458041735,0.0,0.5895573174325927,0.20148013709268797,0.0,0.0,0.0,0.0050243814102905945,0.0,0.0,0.0,0.0,0.0,0.0,0.04711338440217196,0.5895573174325927,0.0,0.1312766784889038,0.0,0.0,0.0,0.0,0.0,0.0,0.0,0.0,0.0,0.0,0.000790386242385456,0.20148013709268797,0.1312766784889038,0.0,0.0,0.0,0.0,0.003950523403387193,0.0,0.0,0.0,0.0,0.0,0.0,0.0,0.0,0.0,0.0,0.0,0.0,0.0,0.0,0.0,0.0,0.0,0.06758210504813596,0.0,0.0,0.0,0.0,0.0,0.0,0.0,0.0,0.0,0.0,0.0,0.019611720911954556,0.05873706880111001,0.18621215091890922,0.0222124482761584,0.0,0.0,0.0,0.0,0.0,0.0,0.0,0.0,0.0,0.0,0.0,0.008397804027796638,0.16118060684554253,0.01490945183110224,0.0,0.0,0.0050243814102905945,0.0,0.003950523403387193,0.0,0.0,0.0,0.0,0.0,0.0,0.012039155855847302,0.0436679090450778,0.002974572768528378,0.0,0.0,0.0,0.0,0.0,0.0,0.0,0.0,0.0,0.0,0.03012211648883823,0.0,0.21579032290324057,0.0,0.0,0.0,0.0,0.0,0.0,0.0,0.019611720911954556,0.0,0.0,0.03012211648883823,0.0,0.07313696417715768,0.21674123886702776,0.04201087603453481,0.0,0.0,0.0,0.0,0.0,0.0,0.05873706880111001,0.008397804027796638,0.012039155855847302,0.0,0.07313696417715768,0.0,0.40455481519365194,0.11247949616657804,0.0,0.0,0.0,0.0,0.0,0.06758210504813596,0.18621215091890922,0.16118060684554253,0.0436679090450778,0.21579032290324057,0.21674123886702776,0.40455481519365194,0.0,0.37623218874235737,0.0031796898570497084,0.0,0.0,0.0,0.0,0.0,0.0222124482761584,0.01490945183110224,0.002974572768528378,0.0,0.04201087603453481,0.11247949616657804,0.37623218874235737,0.0,0.026312766354708493,0.0,0.0,0.0,0.0,0.0,0.0,0.0,0.0,0.0,0.0,0.0,0.0031796898570497084,0.026312766354708493,0.0
11.0,0.0,0.24781987764256103,0.06985027245219134,0.02549447572589565,0.0,0.0,0.0,0.0,0.0,0.0,0.0,0.0,0.0,0.0,0.24781987764256103,0.0,0.4731351637208568,0.2058528895625877,0.11994147564022795,0.0,0.0,0.02023504588657276,0.0,0.0,0.0,0.0,0.0,0.0,0.06985027245219134,0.4731351637208568,0.0,0.11205550204127378,0.0,0.0,0.0,0.0,0.0,0.0,0.0,0.0,0.0,0.0,0.02549447572589565,0.2058528895625877,0.11205550204127378,0.0,0.01580531287673685,0.0,0.0,0.0,0.0,0.0,0.0,0.0,0.0,0.0,0.0,0.11994147564022795,0.0,0.01580531287673685,0.0,0.0,0.0,0.0,0.0,0.0,0.0,0.0,0.0,0.0,0.0,0.0,0.0,0.0,0.0,0.0,0.0,0.02293675407947081,0.0,0.0,0.0038803109902525446,0.20355190246529367,0.08442319636838691,0.00422030989016807,0.0,0.0,0.0,0.0,0.0,0.0,0.0,0.0,0.0,0.0,0.0,0.05348583054285094,0.028406258371107444,0.0,0.0,0.02023504588657276,0.0,0.0,0.0,0.02293675407947081,0.0,0.0,0.0,0.0,0.0,0.06644859681566143,0.02176467042345169,0.0,0.0,0.0,0.0,0.0,0.0,0.0,0.0,0.0,0.0,0.016552604792455725,0.0,0.11267398844323034,0.04856057737904926,0.0,0.0,0.0,0.0,0.0,0.0,0.0,0.0,0.0,0.016552604792455725,0.0,0.0766116665682483,0.09764461823325954,0.07232250946024063,0.0,0.0,0.0,0.0,0.0,0.0,0.0038803109902525446,0.0,0.0,0.0,0.0766116665682483,0.0,0.3818553715500632,0.23781459116811018,0.018108340011380425,0.0,0.0,0.0,0.0,0.0,0.20355190246529367,0.05348583054285094,0.06644859681566143,0.11267398844323034,0.09764461823325954,0.3818553715500632,0.0,0.5637555511358787,0.04656009145477365,0.0,0.0,0.0,0.0,0.0,0.08442319636838691,0.028406258371107444,0.02176467042345169,0.04856057737904926,0.07232250946024063,0.23781459116811018,0.5637555511358787,0.0,0.012331565560041457,0.0,0.0,0.0,0.0,0.0,0.00422030989016807,0.0,0.0,0.0,0.0,0.018108340011380425,0.04656009145477365,0.012331565560041457,0.0
12.0,0.0,0.3416486983549064,0.07525249601406334,0.049388162919726836,0.0,0.010345080827505532,0.0,0.0,0.0,0.0,0.0,0.0,0.0,0.0,0.3416486983549064,0.0,0.38856328688523956,0.23646188121874973,0.03879921246169477,0.0,0.0,0.0,0.0,0.0,0.0,0.0,0.0,0.0,0.07525249601406334,0.38856328688523956,0.0,0.07343099002872747,0.0,0.0,0.0,0.0,0.0,0.0,0.0,0.0,0.0,0.0,0.049388162919726836,0.23646188121874973,0.07343099002872747,0.0,0.0,0.0,0.0,0.0,0.0,0.0,0.0,0.0,0.0,0.0,0.0,0.03879921246169477,0.0,0.0,0.0,0.0,0.0,0.0,0.0,0.0,0.021957174005682818,0.0,0.02553304948836518,0.0,0.010345080827505532,0.0,0.0,0.0,0.0,0.0,0.0,0.0,0.0,0.025172871694371803,0.13563542412261678,0.08227504373708402,0.04202673175861078,0.0,0.0,0.0,0.0,0.0,0.0,0.0,0.0,0.0,0.0,0.0,0.021849202633790487,0.0041106233890883595,0.0,0.0,0.0,0.0,0.0,0.0,0.0,0.0,0.0,0.0,0.012253713282413314,0.0,0.0529182221567152,0.10052795139486151,0.0,0.0,0.0,0.0,0.0,0.0,0.0,0.0,0.0,0.012253713282413314,0.0,0.05864995417115323,0.05681917318959589,0.11515523478838716,0.0,0.0,0.0,0.0,0.0,0.0,0.0,0.025172871694371803,0.0,0.0,0.05864995417115323,0.0,0.1910909053998613,0.21976217980277307,0.08359037066117178,0.0,0.0,0.0,0.0,0.0,0.021957174005682818,0.13563542412261678,0.021849202633790487,0.0529182221567152,0.05681917318959589,0.1910909053998613,0.0,0.5507384534296564,0.2359014225526443,0.016370899148484656,0.0,0.0,0.0,0.0,0.0,0.08227504373708402,0.0041106233890883595,0.10052795139486151,0.11515523478838716,0.21976217980277307,0.5507384534296564,0.0,0.29344320843872196,0.011741640143730086,0.0,0.0,0.0,0.0,0.02553304948836518,0.04202673175861078,0.0,0.0,0.0,0.08359037066117178,0.2359014225526443,0.29344320843872196,0.0,0.008522426079741753,0.0,0.0,0.0,0.0,0.0,0.0,0.0,0.0,0.0,0.0,0.016370899148484656,0.011741640143730086,0.008522426079741753,0.0
13.0,0.0,0.36936191718261385,0.19008672004394336,0.01713702832917533,0.0,0.005528737073178917,0.0,0.0,0.0,0.0,0.0,0.0,0.0,0.0,0.36936191718261385,0.0,0.573233332790632,0.08575588280481436,0.0,0.003169436902013996,0.0,0.0,0.0,0.0,0.0,0.0,0.0,0.0,0.19008672004394336,0.573233332790632,0.0,0.07283033707394657,0.0,0.0,0.0,0.0,0.0,0.0,0.0,0.0,0.0,0.0,0.01713702832917533,0.08575588280481436,0.07283033707394657,0.0,0.0,0.0,0.0,0.0,0.0,0.0,0.0,0.0,0.0,0.0,0.0,0.0,0.0,0.0,0.0,0.0,0.0,0.0,0.0,0.0,0.0,0.0,0.0,0.0,0.005528737073178917,0.003169436902013996,0.0,0.0,0.0,0.0,0.0,0.0,0.0,0.0,0.009375714844898388,0.09371313107613055,0.020372880161408348,0.0006206857016323349,0.0,0.0,0.0,0.0,0.0,0.0,0.0,0.0,0.0,0.0003518372664846302,0.006257028681927332,0.027786850590391418,0.0016131259917146652,0.0,0.0,0.0,0.0,0.0,0.0,0.0,0.0,0.0,0.021129703019185295,0.0,0.0681192043246442,0.07364269800344889,0.07206625963594515,0.007949294654363894,0.0,0.0,0.0,0.0,0.0,0.0,0.0,0.021129703019185295,0.0,0.09705454661324991,0.07946081229257877,0.12408827815590003,0.10041578297476038,0.010147812942934119,0.0,0.0,0.0,0.0,0.0,0.0,0.0003518372664846302,0.0,0.09705454661324991,0.0,0.2014895243399829,0.2572540396919299,0.1782065146591492,0.021602131799288396,0.0,0.0,0.0,0.0,0.0,0.009375714844898388,0.006257028681927332,0.0681192043246442,0.07946081229257877,0.2014895243399829,0.0,0.4356822040503033,0.2832742329731708,0.03560235248335463,0.0,0.0,0.0,0.0,0.0,0.09371313107613055,0.027786850590391418,0.07364269800344889,0.12408827815590003,0.2572540396919299,0.4356822040503033,0.0,0.43546629466745923,0.05737363132336448,0.0,0.0,0.0,0.0,0.0,0.020372880161408348,0.0016131259917146652,0.07206625963594515,0.10041578297476038,0.1782065146591492,0.2832742329731708,0.43546629466745923,0.0,0.015501864281761075,0.0,0.0,0.0,0.0,0.0,0.0006206857016323349,0.0,0.007949294654363894,0.010147812942934119,0.021602131799288396,0.03560235248335463,0.05737363132336448,0.015501864281761075,0.0
14.0,0.0,0.4248040929888597,0.13880986026578337,0.015607308586738639,0.04254732183588203,0.00490640236221181,0.0,0.0,0.0,0.0,0.0,0.0,0.0,0.0,0.4248040929888597,0.0,0.468318841441158,0.08420353950402419,0.11354789877800289,0.04188892195764414,0.0,0.0,0.0,0.0,0.0,0.0,0.0,0.0,0.13880986026578337,0.468318841441158,0.0,0.037782606443057476,0.0,0.0,0.0,0.0,0.0,0.0,0.0,0.0,0.0,0.0,0.015607308586738639,0.08420353950402419,0.037782606443057476,0.0,0.007346510424330495,0.0,0.0,0.005244862060732276,0.0,0.0,0.0,0.0,0.0,0.0,0.04254732183588203,0.11354789877800289,0.0,0.007346510424330495,0.0,0.0,0.0,0.0,0.0,0.0,0.0,0.0,0.0,0.0,0.00490640236221181,0.04188892195764414,0.0,0.0,0.0,0.0,0.0,0.0,0.0,0.0,0.0,0.0,0.0,0.0,0.0,0.0,0.0,0.0,0.0,0.0,0.0,0.0,0.0,0.0,0.05572718410032835,0.09688597632404877,0.011643342914506933,0.0,0.0,0.0,0.0,0.005244862060732276,0.0,0.0,0.0,0.0,0.0,0.0,0.0,0.10371701643259595,0.014961462695999364,0.0,0.0,0.0,0.0,0.0,0.0,0.0,0.0,0.0,0.0,0.023900824051597252,0.03575112255856305,0.12469835121872293,0.041085304866763414,0.0,0.0,0.0,0.0,0.0,0.0,0.0,0.0,0.0,0.023900824051597252,0.0,0.053337362704825364,0.09852910031994494,0.023332195584699664,0.0,0.0,0.0,0.0,0.0,0.0,0.0,0.05572718410032835,0.0,0.03575112255856305,0.053337362704825364,0.0,0.4744000952674214,0.18429033818457982,0.01733561440116267,0.0,0.0,0.0,0.0,0.0,0.0,0.09688597632404877,0.10371701643259595,0.12469835121872293,0.09852910031994494,0.4744000952674214,0.0,0.4650829891860869,0.06158925536600019,0.0,0.0,0.0,0.0,0.0,0.0,0.011643342914506933,0.014961462695999364,0.041085304866763414,0.023332195584699664,0.18429033818457982,0.4650829891860869,0.0,0.0,0.0,0.0,0.0,0.0,0.0,0.0,0.0,0.0,0.0,0.0,0.01733561440116267,0.06158925536600019,0.0,0.0
15.0,0.0,0.3475106350651785,0.11705054035691723,0.10142036628202017,0.029575423887192268,0.0,0.0,0.0,0.0,0.0,0.0,0.0,0.0,0.0,0.3475106350651785,0.0,0.4328706439641358,0.3147196234979406,0.06346390196767823,0.03723171756520002,0.0,0.0,0.0,0.0,0.0,0.0,0.0,0.0,0.11705054035691723,0.4328706439641358,0.0,0.18293010186922015,0.0,0.0,0.0,0.0,0.0,0.0,0.0,0.0,0.0,0.0,0.10142036628202017,0.3147196234979406,0.18293010186922015,0.0,0.01632579334915042,0.0,0.0,0.0,0.0,0.0,0.0,0.0,0.0,0.0,0.029575423887192268,0.06346390196767823,0.0,0.01632579334915042,0.0,0.0,0.0,0.0,0.0,0.0,0.0,0.0,0.0,0.0,0.0,0.03723171756520002,0.0,0.0,0.0,0.0,0.012261609944975872,0.0,0.0,0.0,0.007596184269479575,0.0,0.0,0.0,0.0,0.0,0.0,0.0,0.0,0.012261609944975872,0.0,0.004983330858864598,0.0,0.0,0.0,0.0,0.006059890024923225,0.0,0.0,0.0,0.0,0.0,0.0,0.0,0.004983330858864598,0.0,0.0,0.0,0.0,0.05670696893053382,0.024671059509330916,0.0,0.0,0.0,0.0,0.0,0.0,0.0,0.0,0.0,0.0,0.03783777346319804,0.07680313182556672,0.18604200816725455,0.09760423567735879,0.00838309198369799,0.0,0.0,0.0,0.0,0.0,0.0,0.0,0.0,0.03783777346319804,0.0,0.1303218924252101,0.18872761715589315,0.12197345355711492,0.010744576664427647,0.0,0.0,0.0,0.0,0.0,0.007596184269479575,0.0,0.0,0.07680313182556672,0.1303218924252101,0.0,0.3537552100169996,0.2101599746076721,0.02504032682352294,0.0,0.0,0.0,0.0,0.0,0.0,0.0,0.05670696893053382,0.18604200816725455,0.18872761715589315,0.3537552100169996,0.0,0.5428142901768693,0.06778619804856119,0.0,0.0,0.0,0.0,0.0,0.0,0.006059890024923225,0.024671059509330916,0.09760423567735879,0.12197345355711492,0.2101599746076721,0.5428142901768693,0.0,0.017748032790063997,0.0,0.0,0.0,0.0,0.0,0.0,0.0,0.0,0.00838309198369799,0.010744576664427647,0.02504032682352294,0.06778619804856119,0.017748032790063997,0.0
16.0,0.0,0.3250245629294119,0.01339062806834485,0.027471689137300102,0.01203731258190853,0.003273744837010867,0.0,0.0,0.0,0.0,0.0,0.0,0.0,0.0,0.3250245629294119,0.0,0.23891466592812236,0.18469487862864636,0.10064538130471687,0.06915643540026006,0.018390405941536965,0.008491656934423136,0.015224308807213802,0.0,0.0,0.0,0.0,0.0,0.01339062806834485,0.23891466592812236,0.0,0.0005841214957994969,0.0,0.0,0.0,0.0,0.0,0.0,0.0,0.0,0.0,0.0,0.027471689137300102,0.18469487862864636,0.0005841214957994969,0.0,0.0,0.0,0.0,0.0,0.0,0.0,0.0,0.0,0.0,0.0,0.01203731258190853,0.10064538130471687,0.0,0.0,0.0,0.0,0.0,0.0,0.0,0.0,0.0,0.0,0.0,0.0,0.003273744837010867,0.06915643540026006,0.0,0.0,0.0,0.0,0.003640713968888807,0.0,0.0,0.0,0.0,0.0,0.004880397364985259,0.0,0.0,0.018390405941536965,0.0,0.0,0.0,0.003640713968888807,0.0,0.0061041168447161925,0.0,0.0,0.011632540911858974,0.007381605807211467,0.0018080055488839796,0.0,0.0,0.008491656934423136,0.0,0.0,0.0,0.0,0.0061041168447161925,0.0,0.0059133813990697275,0.0,0.005699715608689579,0.0,0.0,0.0,0.0,0.015224308807213802,0.0,0.0,0.0,0.0,0.0,0.0059133813990697275,0.0,0.0,0.00353461258863335,0.0,0.0,0.0,0.0,0.0,0.0,0.0,0.0,0.0,0.0,0.0,0.0,0.0,0.3381053595600855,0.1851531514222185,0.1560754628156474,0.024200861104865995,0.0,0.0,0.0,0.0,0.0,0.0,0.011632540911858974,0.005699715608689579,0.00353461258863335,0.3381053595600855,0.0,0.5354568043608314,0.35994356038816194,0.061248616060328706,0.0,0.0,0.0,0.0,0.0,0.0,0.007381605807211467,0.0,0.0,0.1851531514222185,0.5354568043608314,0.0,0.30211931411205956,0.017469649244377876,0.0,0.0,0.0,0.0,0.0,0.004880397364985259,0.0018080055488839796,0.0,0.0,0.1560754628156474,0.35994356038816194,0.30211931411205956,0.0,0.0,0.0,0.0,0.0,0.0,0.0,0.0,0.0,0.0,0.0,0.024200861104865995,0.061248616060328706,0.017469649244377876,0.0,0.0
17.0,0.0,0.1294138465708573,0.04774369334290988,0.0,0.0,0.0,0.0,0.0,0.0,0.0,0.0,0.0,0.0,0.0,0.1294138465708573,0.0,0.6318224868061019,0.1799761363092403,0.0,0.0,0.00695008093959781,0.0,0.0,0.0,0.0,0.0,0.0,0.0,0.04774369334290988,0.6318224868061019,0.0,0.16468716563032712,0.0,0.0,0.024184712423504656,0.0,0.0,0.0,0.0,0.0,0.0,0.0,0.0,0.1799761363092403,0.16468716563032712,0.0,0.0,0.0,0.0,0.0,0.0,0.0,0.0,0.0,0.0,0.0,0.0,0.0,0.0,0.0,0.0,0.0,0.0,0.0,0.0,0.0,0.0,0.0,0.0,0.0,0.0,0.0,0.0,0.0,0.0,0.0,0.0,0.0,0.0,0.0,0.0,0.0,0.0,0.0,0.0,0.00695008093959781,0.024184712423504656,0.0,0.0,0.0,0.0,0.0,0.0,0.0,0.0,0.023750718932150982,0.0,0.0,0.0,0.0,0.0,0.0,0.0,0.0,0.0,0.0,0.0,0.0,0.0,0.10262975251490648,0.014538532773772796,0.0,0.0,0.0,0.0,0.0,0.0,0.0,0.0,0.0,0.0,0.031282299156854494,0.0,0.1310854158271676,0.02949538661818016,0.0,0.0,0.0,0.0,0.0,0.0,0.0,0.0,0.0,0.031282299156854494,0.0,0.10589627135518097,0.22732988157066694,0.10791548576622088,0.0,0.0,0.0,0.0,0.0,0.0,0.0,0.0,0.0,0.0,0.10589627135518097,0.0,0.415152150279241,0.19429047540708466,0.005630213245548054,0.0,0.0,0.0,0.0,0.0,0.0,0.023750718932150982,0.10262975251490648,0.1310854158271676,0.22732988157066694,0.415152150279241,0.0,0.47421136381969037,0.03860568789718617,0.0,0.0,0.0,0.0,0.0,0.0,0.0,0.014538532773772796,0.02949538661818016,0.10791548576622088,0.19429047540708466,0.47421136381969037,0.0,0.0,0.0,0.0,0.0,0.0,0.0,0.0,0.0,0.0,0.0,0.0,0.005630213245548054,0.03860568789718617,0.0,0.0
18.0,0.0,0.04040308567669626,0.0,0.0,0.0,0.0,0.0,0.0,0.0,0.0,0.0,0.0,0.0,0.0,0.04040308567669626,0.0,0.28838962782843913,0.1446062122267939,0.05120989649336739,0.08995641156419001,0.060821822773110094,0.022973769933009976,0.0,0.0,0.0,0.0,0.0,0.0,0.0,0.28838962782843913,0.0,0.005370060259568779,0.0,0.0,0.0,0.0,0.0,0.0,0.0,0.0,0.0,0.0,0.0,0.1446062122267939,0.005370060259568779,0.0,0.0,0.0,0.0,0.0,0.0,0.0,0.0,0.0,0.0,0.0,0.0,0.05120989649336739,0.0,0.0,0.0,0.0,0.0,0.0,0.0,0.0,0.0,0.0,0.0051891587334577036,0.0,0.0,0.08995641156419001,0.0,0.0,0.0,0.0,0.0,0.0,0.0,0.0,0.0,0.0,0.03160244634846893,0.0,0.0,0.060821822773110094,0.0,0.0,0.0,0.0,0.0,0.0,0.0,0.0,0.0,0.0131532423254122,0.031347234914433565,0.0,0.0,0.022973769933009976,0.0,0.0,0.0,0.0,0.0,0.0,0.009321858344992058,0.0,0.0,0.03504179103587628,0.009743379762844468,0.0,0.0,0.0,0.0,0.0,0.0,0.0,0.0,0.009321858344992058,0.0,0.036059718230707284,0.0,0.14467796867506888,0.05916464886286921,0.0,0.0,0.0,0.0,0.0,0.0,0.0,0.0,0.0,0.036059718230707284,0.0,0.01422520295244588,0.053016300440677254,0.019007238964084554,0.0,0.0,0.0,0.0,0.0,0.0,0.0,0.0,0.0,0.0,0.01422520295244588,0.0,0.41621503467534615,0.2176012575674629,0.010680962764645037,0.0,0.0,0.0,0.0,0.0,0.0,0.0131532423254122,0.03504179103587628,0.14467796867506888,0.053016300440677254,0.41621503467534615,0.0,0.5501226431988486,0.03338969700919205,0.0,0.0,0.0,0.0,0.0051891587334577036,0.03160244634846893,0.031347234914433565,0.009743379762844468,0.05916464886286921,0.019007238964084554,0.2176012575674629,0.5501226431988486,0.0,0.008716386645645946,0.0,0.0,0.0,0.0,0.0,0.0,0.0,0.0,0.0,0.0,0.010680962764645037,0.03338969700919205,0.008716386645645946,0.0
19.0,0.0,0.10812078549825922,0.05694231141424198,0.016136133967690945,0.0,0.0,0.0,0.0,0.0,0.0,0.0,0.0,0.0,0.0,0.10812078549825922,0.0,0.6208178758362295,0.2700377931046812,0.04885613286989442,0.0,0.0,0.004043115696196975,0.0,0.0,0.0,0.0,0.0,0.0,0.05694231141424198,0.6208178758362295,0.0,0.1680531243955674,0.0,0.0,0.0,0.037496028651621036,0.0,0.0,0.0,0.0,0.0,0.0,0.016136133967690945,0.2700377931046812,0.1680531243955674,0.0,0.0,0.0,0.0,0.0,0.0,0.0,0.0,0.0,0.0,0.0,0.0,0.04885613286989442,0.0,0.0,0.0,0.0,0.0,0.0,0.0,0.0,0.0,0.0,0.0,0.0,0.0,0.0,0.0,0.0,0.0,0.0,0.0,0.0,0.0,0.016133205540939808,0.056080289952880696,0.09276974441562379,0.0,0.0,0.0,0.0,0.0,0.0,0.0,0.0,0.0,0.0,0.0,0.0,0.034988248121075975,0.06361499591129578,0.005074595169355475,0.0,0.0,0.004043115696196975,0.037496028651621036,0.0,0.0,0.0,0.0,0.0,0.0,0.0,0.009376781163211431,0.05370112916870718,0.0,0.0,0.0,0.0,0.0,0.0,0.0,0.0,0.0,0.0,0.0,0.05614947314465416,0.0,0.1503493323870975,0.055229385273981774,0.0,0.0,0.0,0.0,0.0,0.0,0.016133205540939808,0.0,0.0,0.05614947314465416,0.0,0.23311580395384063,0.33778886122877383,0.160053993027068,0.0,0.0,0.0,0.0,0.0,0.0,0.056080289952880696,0.034988248121075975,0.009376781163211431,0.0,0.23311580395384063,0.0,0.5217592054474218,0.24874103070041098,0.013075332891011149,0.0,0.0,0.0,0.0,0.0,0.09276974441562379,0.06361499591129578,0.05370112916870718,0.1503493323870975,0.33778886122877383,0.5217592054474218,0.0,0.3615346850476627,0.02387691743501567,0.0,0.0,0.0,0.0,0.0,0.0,0.005074595169355475,0.0,0.055229385273981774,0.160053993027068,0.24874103070041098,0.3615346850476627,0.0,0.0,0.0,0.0,0.0,0.0,0.0,0.0,0.0,0.0,0.0,0.0,0.013075332891011149,0.02387691743501567,0.0,0.0
20.0,0.0,0.3122520282119538,0.0,0.024039371363379677,0.0,0.0,0.0,0.0,0.0,0.0,0.0,0.0,0.0,0.0,0.3122520282119538,0.0,0.050244479086519224,0.20799376894688637,0.0,0.0,0.08828150864578413,0.08699485627600413,0.0,0.0,0.0,0.0,0.0,0.0,0.0,0.050244479086519224,0.0,0.0,0.0,0.0,0.0,0.0,0.0,0.0,0.0,0.0,0.0,0.0,0.024039371363379677,0.20799376894688637,0.0,0.0,0.0,0.0,0.0,0.0,0.0,0.0,0.0,0.0,0.0,0.0,0.0,0.0,0.0,0.0,0.0,0.0,0.0,0.022201452726593907,0.0,0.0,0.001995335359113032,0.10284707265517615,0.02555803416242714,0.0,0.0,0.0,0.0,0.0,0.0,0.0,0.0,0.0,0.03471530049002366,0.03794729437859694,0.110208056405935,0.10868860524131049,0.054550990352852,0.0,0.0,0.08828150864578413,0.0,0.0,0.0,0.0,0.0,0.01755407346077492,0.0,0.0029419528517987265,0.0,0.0,0.01713755642202408,0.0,0.0,0.08699485627600413,0.0,0.0,0.022201452726593907,0.0,0.01755407346077492,0.0,0.014490622013916656,0.0,0.0545969498389079,0.0802260070528608,0.07906561047302105,0.0,0.0,0.0,0.0,0.0,0.0,0.03471530049002366,0.0,0.014490622013916656,0.0,0.04512351606444254,0.008567584143190862,0.1537012471990952,0.06893280139370866,0.0,0.0,0.0,0.0,0.0,0.0,0.03794729437859694,0.0029419528517987265,0.0,0.04512351606444254,0.0,0.19494780159678254,0.20079120507428988,0.14131396457417045,0.0,0.0,0.0,0.0,0.0,0.001995335359113032,0.110208056405935,0.0,0.0545969498389079,0.008567584143190862,0.19494780159678254,0.0,0.46101196354980845,0.38183996026833034,0.021082914253082063,0.0,0.0,0.0,0.0,0.10284707265517615,0.10868860524131049,0.0,0.0802260070528608,0.1537012471990952,0.20079120507428988,0.46101196354980845,0.0,0.4167395805340946,0.0,0.0,0.0,0.0,0.0,0.02555803416242714,0.054550990352852,0.01713755642202408,0.07906561047302105,0.06893280139370866,0.14131396457417045,0.38183996026833034,0.4167395805340946,0.0,0.002104539066719922,0.0,0.0,0.0,0.0,0.0,0.0,0.0,0.0,0.0,0.0,0.021082914253082063,0.0,0.002104539066719922,0.0
21.0,0.0,0.29012065665943293,0.2334349456619827,0.06182088484052673,0.0,0.0,0.0,0.0,0.0,0.0,0.0,0.0,0.0,0.0,0.29012065665943293,0.0,0.7102446087355212,0.20512365096787344,0.0,0.0,0.03574122031503491,0.0,0.0,0.0,0.0,0.0,0.0,0.0,0.2334349456619827,0.7102446087355212,0.0,0.20308250452517965,0.0,0.0,0.020453760180451443,0.0,0.0,0.0,0.0,0.0,0.0,0.0,0.06182088484052673,0.20512365096787344,0.20308250452517965,0.0,0.0,0.0,0.0,0.0,0.0071039235486947926,0.0,0.0,0.0,0.0,0.0,0.0,0.0,0.0,0.0,0.0,0.0,0.0,0.0,0.0,0.0,0.0,0.03034329044871143,0.00016865597958641912,0.0,0.0,0.0,0.0,0.0,0.0,0.0,0.0,0.0,0.0,0.0,0.10188143997525624,0.3067499592739897,0.06563436844415176,0.005878422927873301,0.0,0.03574122031503491,0.020453760180451443,0.0,0.0,0.0,0.0,0.0,0.0,0.0,0.0,0.0,0.0,0.0,0.0,0.0,0.0,0.0,0.0,0.0,0.0,0.0,0.0,0.0,0.0,0.09373500927490092,0.0,0.0,0.0,0.0,0.0,0.0071039235486947926,0.0,0.0,0.0,0.0,0.0,0.0,0.0,0.13062490074891056,0.026795872508005456,0.0,0.0,0.0,0.0,0.0,0.0,0.0,0.0,0.0,0.0,0.0,0.04487061726786669,0.21092507057154933,0.04404707011591959,0.0,0.0,0.0,0.0,0.0,0.0,0.10188143997525624,0.0,0.0,0.0,0.04487061726786669,0.0,0.47470761866447203,0.11884918375627906,0.004919935962824833,0.0,0.0,0.0,0.0,0.03034329044871143,0.3067499592739897,0.0,0.09373500927490092,0.13062490074891056,0.21092507057154933,0.47470761866447203,0.0,0.34444407371342395,0.06104369906901323,0.0,0.0,0.0,0.0,0.00016865597958641912,0.06563436844415176,0.0,0.0,0.026795872508005456,0.04404707011591959,0.11884918375627906,0.34444407371342395,0.0,0.0,0.0,0.0,0.0,0.0,0.0,0.005878422927873301,0.0,0.0,0.0,0.0,0.004919935962824833,0.06104369906901323,0.0,0.0
22.0,0.0,0.47120968768129784,0.0,0.02753855611274629,0.0,0.0,0.0,0.009686507530651004,0.0,0.0,0.0,0.0,0.0,0.0,0.47120968768129784,0.0,0.07025948816019408,0.17659914447864622,0.0,0.02314131379519592,0.06127556288173585,0.04530194123344365,0.0,0.0,0.0,0.0,0.0,0.0,0.0,0.07025948816019408,0.0,0.0,0.0,0.0,0.0,0.0,0.0,0.0,0.0,0.0,0.0,0.0,0.02753855611274629,0.17659914447864622,0.0,0.0,0.0,0.0,0.0,0.0,0.0,0.0,0.0,0.0,0.0,0.0,0.0,0.0,0.0,0.0,0.0,0.0,0.0,0.0,0.01360807884145739,0.012780720754569068,0.0,0.10473950095988273,0.02659112971737056,0.0,0.0,0.02314131379519592,0.0,0.0,0.0,0.0,0.0,0.0,0.003486039730755369,0.009026401778086696,0.001284408817080647,0.12480309194513228,0.06008269211805601,0.0,0.0,0.06127556288173585,0.0,0.0,0.0,0.0,0.0,0.0,0.0,0.0,0.0,0.06551094491854813,0.035609712129128945,0.0,0.009686507530651004,0.04530194123344365,0.0,0.0,0.0,0.0,0.0,0.0,0.0,0.0,0.0,0.0,0.0034192695676824245,0.0,0.0,0.0,0.0,0.0,0.01360807884145739,0.003486039730755369,0.0,0.0,0.0,0.01161402548907017,0.0,0.15811314145256553,0.05296608761449653,0.0,0.0,0.0,0.0,0.0,0.012780720754569068,0.009026401778086696,0.0,0.0,0.01161402548907017,0.0,0.036983570992799704,0.2007858169728696,0.1182970890955937,0.004084297731611146,0.0,0.0,0.0,0.0,0.0,0.001284408817080647,0.0,0.0,0.0,0.036983570992799704,0.0,0.2759803842792245,0.20308237440576066,0.011727609376546414,0.0,0.0,0.0,0.0,0.10473950095988273,0.12480309194513228,0.06551094491854813,0.0,0.15811314145256553,0.2007858169728696,0.2759803842792245,0.0,0.5973110121878732,0.04598296937587009,0.0,0.0,0.0,0.0,0.02659112971737056,0.06008269211805601,0.035609712129128945,0.0034192695676824245,0.05296608761449653,0.1182970890955937,0.20308237440576066,0.5973110121878732,0.0,0.009450299189791107,0.0,0.0,0.0,0.0,0.0,0.0,0.0,0.0,0.0,0.004084297731611146,0.011727609376546414,0.04598296937587009,0.009450299189791107,0.0
23.0,0.0,0.33779232877752996,0.21116017052740976,0.06969816185520358,0.011110904050253695,0.038293665366450666,0.0,0.0,0.0,0.0,0.0,0.0,0.0,0.0,0.33779232877752996,0.0,0.6039936924386237,0.22925969016263353,0.0,0.09631239081391746,0.0,0.0,0.0,0.0,0.0,0.0,0.0,0.0,0.21116017052740976,0.6039936924386237,0.0,0.1557588459127868,0.0,0.05190165819840709,0.06934219034736606,0.0,0.0,0.0,0.0,0.0,0.0,0.0,0.06969816185520358,0.22925969016263353,0.1557588459127868,0.0,0.0,0.0,0.0,0.0,0.0,0.0,0.0,0.0,0.0,0.0,0.011110904050253695,0.0,0.0,0.0,0.0,0.0,0.0,0.0,0.0,0.0,0.0,0.0,0.0003927428809417585,0.0,0.038293665366450666,0.09631239081391746,0.05190165819840709,0.0,0.0,0.0,0.0,0.0,0.0,0.0,0.0,0.0,0.0028348180593859643,0.0,0.0,0.0,0.06934219034736606,0.0,0.0,0.0,0.0,0.0,0.0,0.022326947864690385,0.04368361847334978,0.0,0.0,0.0,0.0,0.0,0.0,0.0,0.0,0.0,0.0,0.0,0.0,0.013573348810807497,0.07836753785562538,0.0465535867891783,0.0,0.0,0.0,0.0,0.0,0.0,0.0,0.0,0.0,0.0,0.0,0.0450236476512228,0.10276520178177345,0.14346703236028838,0.00409649412166865,0.0,0.0,0.0,0.0,0.0,0.0,0.0,0.022326947864690385,0.013573348810807497,0.0450236476512228,0.0,0.2821448832994687,0.26873880749750123,0.05061613510830535,0.005427309951939215,0.0,0.0,0.0,0.0,0.0,0.0,0.04368361847334978,0.07836753785562538,0.10276520178177345,0.2821448832994687,0.0,0.6472773313289908,0.20081461570415338,0.040884892361229885,0.0,0.0,0.0,0.0,0.0,0.0,0.0,0.0465535867891783,0.14346703236028838,0.26873880749750123,0.6472773313289908,0.0,0.1961452525213599,0.03545416220468326,0.0,0.0,0.0,0.0,0.0003927428809417585,0.0028348180593859643,0.0,0.0,0.00409649412166865,0.05061613510830535,0.20081461570415338,0.1961452525213599,0.0,0.0,0.0,0.0,0.0,0.0,0.0,0.0,0.0,0.0,0.0,0.005427309951939215,0.040884892361229885,0.03545416220468326,0.0,0.0
24.0,0.0,0.3683969771569046,0.03615973166395408,0.05926486867841933,0.012718580600968149,0.004348005596298115,0.006950547728173379,0.0,0.0,0.0,0.0,0.0,0.0,0.0,0.3683969771569046,0.0,0.2932586309732692,0.28012175531941413,0.07493220791760799,0.03613017813017304,0.06629295591058394,0.002069795680280248,0.0,0.0,0.0,0.0,0.0,0.0,0.03615973166395408,0.2932586309732692,0.0,0.03509198552049857,0.0,0.0,0.0,0.0,0.0,0.0,0.0,0.0,0.0,0.0,0.05926486867841933,0.28012175531941413,0.03509198552049857,0.0,0.0,0.0,0.0,0.0,0.0,0.0,0.0,0.0,0.0,0.0,0.012718580600968149,0.07493220791760799,0.0,0.0,0.0,0.0,0.0,0.0,0.0,0.0,0.0,0.0,0.0,0.0,0.004348005596298115,0.03613017813017304,0.0,0.0,0.0,0.0,0.0,0.0,0.0,0.0,0.0,0.026340674790985015,0.027125868929320403,0.0,0.006950547728173379,0.06629295591058394,0.0,0.0,0.0,0.0,0.0,0.0,0.0,0.0,0.0,0.0,0.0,0.0,0.0,0.002069795680280248,0.0,0.0,0.0,0.0,0.0,0.0,0.0,0.0,0.0,0.0,0.01867163801127786,0.0,0.0,0.0,0.0,0.0,0.0,0.0,0.0,0.0,0.0,0.0,0.0,0.016464689979770394,0.003704529764596228,0.0,0.0,0.0,0.0,0.0,0.0,0.0,0.0,0.0,0.0,0.0,0.18033832833820582,0.1949669196919218,0.1731534263152229,0.018950049361097062,0.0,0.0,0.0,0.0,0.0,0.0,0.0,0.0,0.0,0.18033832833820582,0.0,0.517795418956432,0.41255378018760824,0.05509118439707676,0.0,0.0,0.0,0.0,0.0,0.026340674790985015,0.0,0.0,0.016464689979770394,0.1949669196919218,0.517795418956432,0.0,0.4836094828399418,0.04138342175450792,0.0,0.0,0.0,0.0,0.0,0.027125868929320403,0.0,0.01867163801127786,0.003704529764596228,0.1731534263152229,0.41255378018760824,0.4836094828399418,0.0,0.02735416343117461,0.0,0.0,0.0,0.0,0.0,0.0,0.0,0.0,0.0,0.018950049361097062,0.05509118439707676,0.04138342175450792,0.02735416343117461,0.0
25.0,0.0,0.2079784723226177,0.14131752239389378,0.013897231299757956,0.0,0.0,0.0,0.0,0.0,0.0,0.0,0.0,0.0,0.0,0.2079784723226177,0.0,0.7066624140039095,0.12628257563077527,0.0,0.0,0.0,0.0,0.0,0.020841917697369074,0.0,0.0,0.0,0.0,0.14131752239389378,0.7066624140039095,0.0,0.07092977126001843,0.0,0.0,0.0,0.0,0.0,0.0,0.0,0.0,0.0,0.0,0.013897231299757956,0.12628257563077527,0.07092977126001843,0.0,0.0,0.0,0.0,0.0,0.0,0.0,0.0,0.0,0.0,0.0,0.0,0.0,0.0,0.0,0.0,0.0,0.0,0.0,0.0,0.0,0.0,0.1231617028918362,0.0,0.0,0.0,0.0,0.0,0.0,0.0,0.0,0.0,0.0,0.0,0.0,0.0,0.040068944930266234,0.0,0.0,0.0,0.0,0.0,0.0,0.0,0.0,0.0,0.0,0.0,0.0,0.034712167180674484,0.1420139929863055,0.0,0.0,0.0,0.0,0.0,0.0,0.0,0.0,0.0,0.0,0.0,0.0,0.0,0.0971104527878992,0.0,0.0,0.0,0.0,0.0,0.0,0.0,0.0,0.0,0.0,0.0,0.0,0.0,0.12340266967563744,0.0,0.0,0.0,0.020841917697369074,0.0,0.0,0.0,0.0,0.0,0.0,0.0,0.0,0.0,0.00464527994021675,0.0,0.0,0.0,0.0,0.0,0.0,0.0,0.0,0.034712167180674484,0.0,0.0,0.0,0.0,0.30093274429154354,0.05378888646444637,0.0,0.0,0.0,0.0,0.0,0.1231617028918362,0.040068944930266234,0.1420139929863055,0.0971104527878992,0.12340266967563744,0.00464527994021675,0.30093274429154354,0.0,0.23860258954036348,0.04015754880902338,0.0,0.0,0.0,0.0,0.0,0.0,0.0,0.0,0.0,0.0,0.05378888646444637,0.23860258954036348,0.0,0.0,0.0,0.0,0.0,0.0,0.0,0.0,0.0,0.0,0.0,0.0,0.0,0.04015754880902338,0.0,0.0
26.0,0.0,0.1354567243496126,0.0,0.0,0.0,0.0,0.0,0.0,0.0,0.0,0.0,0.0,0.0,0.0,0.1354567243496126,0.0,0.2555499762191566,0.24588623718237856,0.10100978719983461,0.0,0.0,0.048846432629319085,0.0,0.0,0.0,0.0,0.0,0.0,0.0,0.2555499762191566,0.0,0.0,0.0,0.0,0.0,0.0,0.0,0.0,0.0,0.0,0.0,0.0,0.0,0.24588623718237856,0.0,0.0,0.0,0.0,0.0,0.0,0.0,0.0,0.0,0.0,0.0,0.0,0.0,0.10100978719983461,0.0,0.0,0.0,0.0,0.0,0.0,0.0,0.0,0.0,0.0,0.0,0.0,0.0,0.0,0.0,0.0,0.0,0.0,0.0,0.0,0.0,0.042616923455577126,0.04202050965220807,0.10117902436159297,0.0993324756084385,0.007557249905409109,0.0,0.0,0.0,0.0,0.0,0.0,0.0,0.0,0.0,0.0,0.02552105906894534,0.06356456806541103,0.04754147074475724,0.0,0.0,0.048846432629319085,0.0,0.0,0.0,0.0,0.0,0.0,0.0,0.0,0.0,0.0,0.03327339874324399,0.0,0.0,0.0,0.0,0.0,0.0,0.0,0.0,0.0,0.0,0.017947871262482276,0.0,0.08090712074723741,0.020077686406179376,0.0,0.0,0.0,0.0,0.0,0.0,0.042616923455577126,0.0,0.0,0.017947871262482276,0.0,0.24844038419071973,0.24220089075039092,0.18860685088995044,0.016122145492418118,0.0,0.0,0.0,0.0,0.0,0.04202050965220807,0.02552105906894534,0.0,0.0,0.24844038419071973,0.0,0.47910605041183707,0.3936086547567554,0.04454283626078485,0.0,0.0,0.0,0.0,0.0,0.10117902436159297,0.06356456806541103,0.0,0.08090712074723741,0.24220089075039092,0.47910605041183707,0.0,0.44782753176882517,0.026261133686848667,0.0,0.0,0.0,0.0,0.0,0.0993324756084385,0.04754147074475724,0.03327339874324399,0.020077686406179376,0.18860685088995044,0.3936086547567554,0.44782753176882517,0.0,0.016847563707674162,0.0,0.0,0.0,0.0,0.0,0.007557249905409109,0.0,0.0,0.0,0.016122145492418118,0.04454283626078485,0.026261133686848667,0.016847563707674162,0.0
27.0,0.0,0.015990684467179224,0.0,0.0,0.0,0.0,0.0,0.0,0.0,0.0,0.0,0.0,0.0,0.0,0.015990684467179224,0.0,0.5638084035783781,0.3103556133982356,0.11277608188191665,7.977472325781942e-06,0.0,0.0,0.0,0.0,0.0,0.0,0.0,0.0,0.0,0.5638084035783781,0.0,0.12367578098965405,0.0,0.0,0.0,0.0,0.0,0.0,0.0,0.0,0.0,0.0,0.0,0.3103556133982356,0.12367578098965405,0.0,0.0,0.0,0.0,0.007062070375815164,0.0,0.0,0.0,0.0,0.0,0.0,0.0,0.11277608188191665,0.0,0.0,0.0,0.0,0.0,0.0,0.0,0.0,0.0,0.0,0.0,0.0,0.0,7.977472325781942e-06,0.0,0.0,0.0,0.0,0.0,0.009206044656454769,0.0,0.0,0.03139154909768099,0.13127502254330042,0.0,0.0,0.0,0.0,0.0,0.0,0.0,0.0,0.0,0.0,0.0,0.0,0.019196368440019453,0.006242468392572899,0.0,0.0,0.0,0.0,0.0,0.007062070375815164,0.0,0.009206044656454769,0.0,0.0,0.0,0.0,0.01650830891447519,0.14428643779715689,0.0,0.0,0.0,0.0,0.0,0.0,0.0,0.0,0.0,0.0,0.0,0.09190342352071475,0.0962766931459288,0.20116251897449156,0.0,0.0,0.0,0.0,0.0,0.0,0.0,0.0,0.0,0.0,0.09190342352071475,0.0,0.21703128023619286,0.26231092015622176,0.0,0.0,0.0,0.0,0.0,0.0,0.0,0.03139154909768099,0.019196368440019453,0.01650830891447519,0.0962766931459288,0.21703128023619286,0.0,0.584787005187841,0.033107194556505876,0.0,0.0,0.0,0.0,0.0,0.0,0.13127502254330042,0.006242468392572899,0.14428643779715689,0.20116251897449156,0.26231092015622176,0.584787005187841,0.0,0.08607611024573936,0.0,0.0,0.0,0.0,0.0,0.0,0.0,0.0,0.0,0.0,0.0,0.033107194556505876,0.08607611024573936,0.0,0.021380590905901147,0.0,0.0,0.0,0.0,0.0,0.0,0.0,0.0,0.0,0.0,0.0,0.0,0.021380590905901147,0.0
28.0,0.0,0.14119872860483826,0.03135997117467618,0.0,0.0,0.0,0.0,0.0,0.0,0.0,0.0,0.0,0.0,0.0,0.14119872860483826,0.0,0.4613620703723975,0.19283887841581368,0.07849355703039629,0.0,0.0,0.0,0.0,0.0,0.0,0.0,0.0,0.0,0.03135997117467618,0.4613620703723975,0.0,0.04213129015083979,0.0,0.0,0.0,0.0,0.0,0.0,0.0,0.0,0.0,0.0,0.0,0.19283887841581368,0.04213129015083979,0.0,0.0,0.0,0.0,0.0,0.0,0.0,0.0,0.0,0.0,0.0,0.0,0.07849355703039629,0.0,0.0,0.0,0.0,0.0,0.0,0.0,0.0,0.0,0.0,0.0,0.0,0.0,0.0,0.0,0.0,0.0,0.0,0.0,0.0,0.0,0.046282437477150884,0.04392572026207451,0.12831508922374668,0.12720223893020444,0.004136366058043892,0.0,0.0,0.0,0.0,0.0,0.0,0.0,0.0,0.0,0.0,0.0,0.0,0.003928022857567347,0.0,0.0,0.0,0.0,0.0,0.0,0.0,0.0,0.0,0.0,0.0,0.0,0.03608663960460465,0.06600378414859405,0.0,0.0,0.0,0.0,0.0,0.0,0.0,0.0,0.0,0.0,0.0,0.0,0.07392494795577215,0.02929972588829297,0.0,0.0,0.0,0.0,0.0,0.0,0.046282437477150884,0.0,0.0,0.0,0.0,0.05664250586283241,0.11833814252612956,0.08925151409575621,0.0,0.0,0.0,0.0,0.0,0.0,0.04392572026207451,0.0,0.0,0.0,0.05664250586283241,0.0,0.34547025006292564,0.2732990120918217,0.009355422743786757,0.0,0.0,0.0,0.0,0.0,0.12831508922374668,0.0,0.03608663960460465,0.07392494795577215,0.11833814252612956,0.34547025006292564,0.0,0.573080352261091,0.025393588914590703,0.0,0.0,0.0,0.0,0.0,0.12720223893020444,0.003928022857567347,0.06600378414859405,0.02929972588829297,0.08925151409575621,0.2732990120918217,0.573080352261091,0.0,0.009434723950541223,0.0,0.0,0.0,0.0,0.0,0.004136366058043892,0.0,0.0,0.0,0.0,0.009355422743786757,0.025393588914590703,0.009434723950541223,0.0
29.0,0.0,0.19697476139093537,0.09673713474659519,0.012314986136649208,0.0,0.0,0.0,0.0,0.0,0.0,0.0,0.0,0.0,0.0,0.19697476139093537,0.0,0.5941036715382497,0.11232289316412543,0.0,0.0,0.0,0.0,0.0,0.0,0.0,0.0,0.0,0.0,0.09673713474659519,0.5941036715382497,0.0,0.08036485857389172,0.0,0.0,0.0,0.0,0.0,0.0,0.0,0.0,0.0,0.0,0.012314986136649208,0.11232289316412543,0.08036485857389172,0.0,0.0,0.0,0.0,0.0,0.0,0.0,0.0,0.0,0.0,0.0,0.0,0.0,0.0,0.0,0.0,0.0,0.0,0.0,0.0,0.0,0.0,0.17533369850028413,0.0,0.0,0.0,0.0,0.0,0.0,0.0,0.0,0.0,0.0,0.0,0.0,0.016843713497822047,0.10250795019939986,0.0,0.0,0.0,0.0,0.0,0.0,0.0,0.0,0.0,0.0,0.0,0.00516029340163862,0.026005011648028986,0.1315293235977787,0.0,0.0,0.0,0.0,0.0,0.0,0.0,0.0,0.0,0.0,0.0,0.0,0.0,0.10314829495489478,0.0,0.0,0.0,0.0,0.0,0.0,0.0,0.0,0.0,0.0,0.0,0.0,0.0,0.1481012909459125,0.0,0.0,0.0,0.0,0.0,0.0,0.0,0.0,0.00516029340163862,0.0,0.0,0.0,0.024223347734075917,0.12344729928080142,0.0,0.0,0.0,0.0,0.0,0.0,0.0,0.016843713497822047,0.026005011648028986,0.0,0.0,0.024223347734075917,0.0,0.4829630594837005,0.016481759645661134,0.0,0.0,0.0,0.0,0.0,0.17533369850028413,0.10250795019939986,0.1315293235977787,0.10314829495489478,0.1481012909459125,0.12344729928080142,0.4829630594837005,0.0,0.042983201188963864,0.0,0.0,0.0,0.0,0.0,0.0,0.0,0.0,0.0,0.0,0.0,0.016481759645661134,0.042983201188963864,0.0,0.02568480512084177,0.0,0.0,0.0,0.0,0.0,0.0,0.0,0.0,0.0,0.0,0.0,0.0,0.02568480512084177,0.0
30.0,0.0,0.32842976288950987,0.09760180151890517,0.06628782236724866,0.0017674140607266131,0.0,0.0,0.0,0.0,0.0,0.0,0.0,0.0,0.0,0.32842976288950987,0.0,0.3837341535622193,0.24737566861586383,0.041255347151765334,0.00693627637552879,0.0,0.0,0.0,0.0,0.0,0.0,0.0,0.0,0.09760180151890517,0.3837341535622193,0.0,0.03809379599948976,0.0,0.0,0.0,0.0,0.0,0.0,0.0,0.0,0.0,0.0,0.06628782236724866,0.24737566861586383,0.03809379599948976,0.0,0.0,0.0,0.0,0.0,0.0,0.0,0.0,0.0,0.0,0.0,0.0017674140607266131,0.041255347151765334,0.0,0.0,0.0,0.00026874538638842985,0.0,0.0,0.0,0.0,0.0,0.0,0.05004039603476215,0.0,0.0,0.00693627637552879,0.0,0.0,0.00026874538638842985,0.0,0.0,0.0,0.0,0.0,0.0,0.022945059704957978,0.0,0.0,0.0,0.0,0.0,0.0,0.0,0.0,0.0,0.010531653034726418,0.0,0.0,0.012602880060089645,0.03218398627206491,0.028869725217241814,0.0,0.0,0.0,0.0,0.0,0.0,0.0,0.010531653034726418,0.0,0.0,0.005194314315043594,0.028655977560998983,0.06516406313172925,0.07690742124795899,0.0033097673967947758,0.0,0.0,0.0,0.0,0.0,0.0,0.0,0.0,0.0,0.07984312560813915,0.06788952258132529,0.15301214599107452,0.14029652328915496,0.0031445314994845517,0.0,0.0,0.0,0.0,0.0,0.0,0.0,0.005194314315043594,0.07984312560813915,0.0,0.21100567438389622,0.18931025069771318,0.1921043171788929,0.005636190194376493,0.0,0.0,0.0,0.0,0.0,0.0,0.012602880060089645,0.028655977560998983,0.06788952258132529,0.21100567438389622,0.0,0.40739668272253426,0.3688872313222447,0.027093924927680695,0.0,0.0,0.0,0.0,0.0,0.022945059704957978,0.03218398627206491,0.06516406313172925,0.15301214599107452,0.18931025069771318,0.40739668272253426,0.0,0.44992893054602134,0.012922019296034214,0.0,0.0,0.0,0.0,0.05004039603476215,0.0,0.028869725217241814,0.07690742124795899,0.14029652328915496,0.1921043171788929,0.3688872313222447,0.44992893054602134,0.0,0.01652479082289372,0.0,0.0,0.0,0.0,0.0,0.0,0.0,0.0033097673967947758,0.0031445314994845517,0.005636190194376493,0.027093924927680695,0.012922019296034214,0.01652479082289372,0.0
31.0,0.0,0.3566915896738252,0.08166594038397634,0.10666610965435655,0.0,0.0,0.0,0.0,0.0,0.0,0.0,0.0,0.0,0.0,0.3566915896738252,0.0,0.3803365802801956,0.38560075256569687,0.0,0.048365124518956554,0.0676079315992475,0.012797271337524199,0.0,0.0,0.0,0.0,0.0,0.0,0.08166594038397634,0.3803365802801956,0.0,0.10124863598141738,0.0,0.0,0.0,0.0,0.0,0.0,0.0,0.0,0.0,0.0,0.10666610965435655,0.38560075256569687,0.10124863598141738,0.0,0.0,0.001900488425135044,0.01863356481124533,0.0,0.0,0.0,0.0,0.0,0.0,0.0,0.0,0.0,0.0,0.0,0.0,0.0013791173763487647,0.0,0.0,0.0,0.01689986305238079,0.01819688512816911,0.0,0.0,0.0,0.0,0.048365124518956554,0.0,0.001900488425135044,0.0013791173763487647,0.0,0.0,0.0,0.0,0.0,0.0,0.0,0.0,0.0,0.0,0.0676079315992475,0.0,0.01863356481124533,0.0,0.0,0.0,0.0,0.0,0.0,0.0,0.0,0.0,0.0,0.0,0.012797271337524199,0.0,0.0,0.0,0.0,0.0,0.0,0.0,0.0,0.045073752173457854,0.023319426152109496,0.0,0.0,0.0,0.0,0.0,0.0,0.0,0.0,0.0,0.0,0.0,0.004470441428119526,0.01570813478270272,0.07141626856430203,0.0,0.0,0.0,0.0,0.0,0.0,0.01689986305238079,0.0,0.0,0.0,0.004470441428119526,0.0,0.23118262134684933,0.2865025529482006,0.0,0.0,0.0,0.0,0.0,0.0,0.01819688512816911,0.0,0.0,0.045073752173457854,0.01570813478270272,0.23118262134684933,0.0,0.6850695994627434,0.03920441164176647,0.0036960486444476536,0.0,0.0,0.0,0.0,0.0,0.0,0.0,0.023319426152109496,0.07141626856430203,0.2865025529482006,0.6850695994627434,0.0,0.017917130527735074,0.0,0.0,0.0,0.0,0.0,0.0,0.0,0.0,0.0,0.0,0.0,0.03920441164176647,0.017917130527735074,0.0,0.025795998374262608,0.0,0.0,0.0,0.0,0.0,0.0,0.0,0.0,0.0,0.0,0.0036960486444476536,0.0,0.025795998374262608,0.0
32.0,0.0,0.34707465698765444,0.15035819029032388,0.0,0.02417126716514956,0.00096933050976215,0.0,0.0,0.0,0.0,0.0,0.0,0.0,0.0,0.34707465698765444,0.0,0.5522327551329105,0.03662295787266829,0.035010131156759966,0.06647719979514766,0.061040100805291174,0.03528651950144547,0.0,0.0,0.0,0.0,0.0,0.0,0.15035819029032388,0.5522327551329105,0.0,0.005802528650033598,0.0,0.0,0.0,0.0,0.0,0.0,0.0,0.0,0.0,0.0,0.0,0.03662295787266829,0.005802528650033598,0.0,0.0,0.0,0.0,0.0,0.0,0.0,0.0,0.0,0.0,0.0,0.02417126716514956,0.035010131156759966,0.0,0.0,0.0,0.01650949764445367,0.005302516875988154,0.0,0.0,0.0,0.0,0.020522231748987145,0.0,0.0,0.00096933050976215,0.06647719979514766,0.0,0.0,0.01650949764445367,0.0,0.0,0.0,0.0,0.0,0.0,0.0,0.0,0.0,0.0,0.061040100805291174,0.0,0.0,0.005302516875988154,0.0,0.0,0.0,0.0,0.0,0.0,0.0,0.0,0.0,0.0,0.03528651950144547,0.0,0.0,0.0,0.0,0.0,0.0,0.0,0.0,0.0,0.03508941943198406,0.023799645747749162,0.0,0.0,0.0,0.0,0.0,0.0,0.0,0.0,0.0,0.0,0.0,0.0,0.06526435510520093,0.03802693409043621,0.0,0.0,0.0,0.0,0.0,0.0,0.0,0.0,0.0,0.0,0.0,0.0,0.02226819900420309,0.05078770375429875,0.0,0.0,0.0,0.0,0.0,0.0,0.0,0.0,0.0,0.0,0.0,0.0,0.0929987958179327,0.05389535428079491,0.0,0.0,0.0,0.0,0.0,0.020522231748987145,0.0,0.0,0.03508941943198406,0.06526435510520093,0.02226819900420309,0.0929987958179327,0.0,0.7115232975635405,0.07666062336078598,0.0,0.0,0.0,0.0,0.0,0.0,0.0,0.023799645747749162,0.03802693409043621,0.05078770375429875,0.05389535428079491,0.7115232975635405,0.0,0.04590904885976469,0.0,0.0,0.0,0.0,0.0,0.0,0.0,0.0,0.0,0.0,0.0,0.07666062336078598,0.04590904885976469,0.0
33.0,0.0,0.3449815856905654,0.1060636157649535,0.049078939562438945,0.0,0.0,0.0,0.0,0.0019230190333188076,0.0,0.0,0.0,0.0,0.0,0.3449815856905654,0.0,0.44118022672751,0.23938069842454285,0.0,0.05315772591191545,0.09730233281292527,0.02659945942495283,0.013567114939703959,0.0,0.0,0.0,0.0,0.0,0.1060636157649535,0.44118022672751,0.0,0.06863856969320646,0.0,0.0,0.004734006040903512,0.0,0.0,0.0,0.0,0.0,0.0,0.0,0.049078939562438945,0.23938069842454285,0.06863856969320646,0.0,0.0,0.0,0.0,0.0,0.0,0.0,0.0,0.0,0.0,0.0,0.0,0.0,0.0,0.0,0.0,0.0,0.0,0.0,0.0,0.0,0.0,0.029827840814308722,0.0,0.0,0.0,0.05315772591191545,0.0,0.0,0.0,0.0,0.0,0.0,0.0,0.0,0.0,0.04274412193926524,0.0,0.0,0.0,0.09730233281292527,0.004734006040903512,0.0,0.0,0.0,0.0,0.0,0.0,0.0,0.0,0.0,0.0,0.0,0.0,0.02659945942495283,0.0,0.0,0.0,0.0,0.0,0.0,0.0,0.0,0.0,0.020592836770704493,0.0,0.0,0.0019230190333188076,0.013567114939703959,0.0,0.0,0.0,0.0,0.0,0.0,0.0,0.0,0.0,0.013716505184719369,0.0,0.0,0.0,0.0,0.0,0.0,0.0,0.0,0.0,0.0,0.0,0.0,0.15479374470890894,0.17875843701799007,0.0,0.0,0.0,0.0,0.0,0.0,0.0,0.0,0.0,0.0,0.0,0.15479374470890894,0.0,0.7388192766536609,0.029161488199357655,0.02074951050555151,0.0,0.0,0.0,0.0,0.029827840814308722,0.04274412193926524,0.0,0.020592836770704493,0.013716505184719369,0.17875843701799007,0.7388192766536609,0.0,0.0197302021347961,0.010227308139625899,0.0,0.0,0.0,0.0,0.0,0.0,0.0,0.0,0.0,0.0,0.029161488199357655,0.0197302021347961,0.0,0.017998800421150905,0.0,0.0,0.0,0.0,0.0,0.0,0.0,0.0,0.0,0.0,0.02074951050555151,0.010227308139625899,0.017998800421150905,0.0
34.0,0.0,0.22196713130695306,0.08197455554171157,0.0201914342071942,0.0,0.0,0.0,0.0,0.0,0.0,0.0,0.0,0.0,0.0,0.22196713130695306,0.0,0.5395487186063768,0.16245663432129243,0.0,0.048612653722938035,0.11284089399076892,0.006121988454900862,0.0,0.0,0.0,0.0,0.0,0.0,0.08197455554171157,0.5395487186063768,0.0,0.0677237174655586,0.0,0.057681348690216405,0.0039579633761685044,0.0,0.0,0.0,0.0,0.0,0.0,0.0,0.0201914342071942,0.16245663432129243,0.0677237174655586,0.0,0.0,0.0,0.0,0.0,0.0,0.0,0.0,0.0,0.0,0.0,0.0,0.0,0.0,0.0,0.0,0.0,0.0,0.0,0.0,0.0,0.0,0.00952787285766147,0.05258906488218541,0.0,0.0,0.048612653722938035,0.057681348690216405,0.0,0.0,0.0,0.0,0.0,0.0,0.0,0.0,0.0,0.0,0.0,0.0,0.11284089399076892,0.0039579633761685044,0.0,0.0,0.0,0.0,0.010027533793268692,0.0,0.0,0.0,0.0,0.0,0.0,0.0,0.006121988454900862,0.0,0.0,0.0,0.0,0.010027533793268692,0.0,0.0008224016995819136,0.0,0.004701862523589492,0.0794243073249537,0.06308991252053286,0.003426850547272686,0.0,0.0,0.0,0.0,0.0,0.0,0.0,0.0008224016995819136,0.0,0.0981503667969983,0.0,0.18526743463744977,0.1304682425617522,0.014997979393497791,0.0,0.0,0.0,0.0,0.0,0.0,0.0,0.0,0.0981503667969983,0.0,0.2112179293875305,0.21173571832161853,0.2113889076788512,0.024802078225442774,0.0,0.0,0.0,0.0,0.0,0.0,0.0,0.004701862523589492,0.0,0.2112179293875305,0.0,0.3781260836383412,0.33080616860709794,0.03751005683653361,0.0,0.0,0.0,0.0,0.00952787285766147,0.0,0.0,0.0794243073249537,0.18526743463744977,0.21173571832161853,0.3781260836383412,0.0,0.44220076783974693,0.042429176259788204,0.0,0.0,0.0,0.0,0.05258906488218541,0.0,0.0,0.06308991252053286,0.1304682425617522,0.2113889076788512,0.33080616860709794,0.44220076783974693,0.0,0.03799093783322758,0.0,0.0,0.0,0.0,0.0,0.0,0.0,0.003426850547272686,0.014997979393497791,0.024802078225442774,0.03751005683653361,0.042429176259788204,0.03799093783322758,0.0
35.0,0.0,0.1648330776277368,0.029534746738740354,0.0,0.0,0.0,0.0,0.0,0.0,0.0,0.0,0.0,0.0,0.0,0.1648330776277368,0.0,0.3648248125891359,0.12840475506577417,0.0,0.0,0.0,0.0,0.027983656242165304,0.0,0.0,0.0,0.0,0.0,0.029534746738740354,0.3648248125891359,0.0,0.02094937546567804,0.0,0.0,0.0,0.0,0.0,0.0,0.0,0.0,0.0,0.0,0.0,0.12840475506577417,0.02094937546567804,0.0,0.0,0.0,0.0,0.0,0.0,0.0,0.0,0.0,0.0,0.0,0.0,0.0,0.0,0.0,0.0,0.0,0.0,0.0,0.0,0.0,0.0015287493801586227,0.07034145270807707,0.0036345602464912287,0.0,0.0,0.0,0.0,0.0,0.0,0.0,0.0,0.0,0.0,0.0,0.0,0.00880398934483302,0.0005805126874045032,0.0,0.0,0.0,0.0,0.0,0.0,0.0,0.0,0.0,0.0,0.0,0.08058719573364802,0.24202654609451202,0.0,0.0,0.0,0.0,0.0,0.0,0.0,0.0,0.0,0.0,0.0,0.0,0.0,0.1561017006182155,0.0,0.0,0.0,0.027983656242165304,0.0,0.0,0.0,0.0,0.0,0.0,0.0,0.0,0.0,0.12654286702059594,0.0,0.0,0.0,0.0,0.0,0.0,0.0,0.0,0.0,0.0,0.0,0.0,0.030579470879284493,0.08461507787265515,0.0,0.0,0.0,0.0,0.0,0.0,0.0015287493801586227,0.0,0.08058719573364802,0.0,0.0,0.030579470879284493,0.0,0.4801032492924439,0.04792357878968001,0.0,0.0,0.0,0.0,0.0,0.07034145270807707,0.00880398934483302,0.24202654609451202,0.1561017006182155,0.12654286702059594,0.08461507787265515,0.4801032492924439,0.0,0.13532871532346757,0.021559681661697812,0.0,0.0,0.0,0.0,0.0036345602464912287,0.0005805126874045032,0.0,0.0,0.0,0.0,0.04792357878968001,0.13532871532346757,0.0,0.03065564531737766,0.0,0.0,0.0,0.0,0.0,0.0,0.0,0.0,0.0,0.0,0.0,0.021559681661697812,0.03065564531737766,0.0
36.0,0.0,0.020454791581006115,0.0,0.0,0.0,0.0,0.0,0.0,0.0,0.0,0.0,0.0,0.0,0.0,0.020454791581006115,0.0,0.5157431578795089,0.15640915585385207,0.0,0.0,0.0,0.0,0.0,0.0,0.0,0.0,0.0,0.0,0.0,0.5157431578795089,0.0,0.10977032380471011,0.0,0.0,0.0,0.0,0.0,0.0,0.0,0.0,0.0,0.0,0.0,0.15640915585385207,0.10977032380471011,0.0,0.0,0.0,0.0,0.0,0.0,0.0,0.0,0.0,0.0,0.0,0.0,0.0,0.0,0.0,0.0,0.0,0.0,0.0,0.0,0.0,0.0,0.0,0.012033572714308043,0.0,0.0,0.0,0.0,0.0,0.0,0.0,0.009573162705147253,0.012440539524906657,0.0,0.0,0.0545179347781492,0.15963131513206458,0.12254725807269617,0.01168601107322964,0.0,0.0,0.0,0.0,0.0,0.009573162705147253,0.0,0.0,0.0,0.0,0.0,0.04458650716605273,0.0018340541763921109,0.0,0.0,0.0,0.0,0.0,0.0,0.012440539524906657,0.0,0.0,0.0,0.0,0.0,0.012943233409608373,0.004685089939918799,0.0,0.0,0.0,0.0,0.0,0.0,0.0,0.0,0.0,0.0,0.0,0.0,0.030625287926160805,0.009802355259321459,0.0,0.0,0.0,0.0,0.0,0.0,0.0,0.0,0.0,0.0,0.0,0.051611412936609695,0.058816784161279785,0.03735514805734241,0.0,0.0,0.0,0.0,0.0,0.0,0.0545179347781492,0.0,0.0,0.0,0.051611412936609695,0.0,0.3445210364696423,0.2585713913758238,0.01855778858241339,0.0,0.0,0.0,0.0,0.0,0.15963131513206458,0.04458650716605273,0.012943233409608373,0.030625287926160805,0.058816784161279785,0.3445210364696423,0.0,0.5442567053787797,0.046140413010820364,0.0,0.0,0.0,0.0,0.012033572714308043,0.12254725807269617,0.0018340541763921109,0.004685089939918799,0.009802355259321459,0.03735514805734241,0.2585713913758238,0.5442567053787797,0.0,0.029607814868658724,0.0,0.0,0.0,0.0,0.0,0.01168601107322964,0.0,0.0,0.0,0.0,0.01855778858241339,0.046140413010820364,0.029607814868658724,0.0
37.0,0.0,0.1170983365257007,0.0,0.0,0.0,0.0,0.0,0.0,0.0,0.0,0.0,0.0,0.0,0.0,0.1170983365257007,0.0,0.26844338532940315,0.1400359148772018,0.012112854252117514,0.05312883323146751,0.1301623069457278,0.0,0.0144113901787465,0.0,0.0,0.0,0.0,0.0,0.0,0.26844338532940315,0.0,0.026812099453730875,0.0,0.0,0.0,0.0,0.0,0.0,0.0,0.0,0.0,0.0,0.0,0.1400359148772018,0.026812099453730875,0.0,0.0,0.0,0.0,0.0,0.0,0.0,0.0,0.0,0.0,0.0,0.0,0.012112854252117514,0.0,0.0,0.0,0.0,0.0,0.0,0.0,0.0,0.0,0.09856327412830473,0.006474741228555181,0.0,0.0,0.05312883323146751,0.0,0.0,0.0,0.0,0.0,0.0,0.0,0.0,0.06327402446217206,0.0734556029299561,0.032479064550786946,0.0,0.0,0.1301623069457278,0.0,0.0,0.0,0.0,0.0,0.0,0.0,0.0,0.0,0.0,0.0,0.0,0.0,0.0,0.0,0.0,0.0,0.0,0.0,0.0,0.0,0.0,0.0367670972200151,0.07587003245545298,0.0,0.0,0.0,0.0144113901787465,0.0,0.0,0.0,0.0,0.0,0.0,0.0,0.021670066337796372,0.011687390953902123,0.07325397453831743,0.02402428571464709,0.0,0.0,0.0,0.0,0.0,0.0,0.0,0.0,0.0,0.021670066337796372,0.0,0.1471343844900464,0.2255773071445633,0.02359065245767421,0.0,0.0,0.0,0.0,0.0,0.0,0.06327402446217206,0.0,0.0367670972200151,0.011687390953902123,0.1471343844900464,0.0,0.5719416970633202,0.10698580044440237,0.0027027901972392753,0.0,0.0,0.0,0.0,0.09856327412830473,0.0734556029299561,0.0,0.07587003245545298,0.07325397453831743,0.2255773071445633,0.5719416970633202,0.0,0.1427574914293823,0.0,0.0,0.0,0.0,0.0,0.006474741228555181,0.032479064550786946,0.0,0.0,0.02402428571464709,0.02359065245767421,0.10698580044440237,0.1427574914293823,0.0,0.03371615618163018,0.0,0.0,0.0,0.0,0.0,0.0,0.0,0.0,0.0,0.0,0.0027027901972392753,0.0,0.03371615618163018,0.0
38.0,0.0,0.20870455798083395,0.12415130649373368,0.02395126654944338,0.0,0.0,0.007295142090054092,0.0,0.0,0.0,0.0,0.0,0.0,0.0,0.20870455798083395,0.0,0.5828303148476808,0.19438107242851008,0.0,0.0,0.0069760961293658455,0.0,0.0,0.0,0.0,0.0,0.0,0.0,0.12415130649373368,0.5828303148476808,0.0,0.12307688539043353,0.0,0.0,0.0,0.0,0.017119399766109378,0.0,0.0,0.0,0.0,0.0,0.02395126654944338,0.19438107242851008,0.12307688539043353,0.0,0.0,0.0,0.0,0.0,0.0,0.0,0.0,0.0,0.0,0.0,0.0,0.0,0.0,0.0,0.0,0.0,0.0,0.0,0.013132066247933227,0.006271837823902022,0.0,0.0,0.029953234678372166,0.0,0.0,0.0,0.0,0.0,0.0,0.0,0.0,0.0,0.0,0.04988154389131431,0.04218978479570655,0.08009467752525584,0.08987581958958586,0.0,0.007295142090054092,0.0069760961293658455,0.0,0.0,0.0,0.0,0.0,0.0,0.0,0.0,0.016106615913255438,0.015093383928475437,0.05129370193751574,0.0,0.0,0.0,0.0,0.0,0.0,0.0,0.0,0.0,0.0,0.0,0.018804407087950586,0.014927461103694611,0.0443166499923131,0.0,0.0,0.0,0.017119399766109378,0.0,0.013132066247933227,0.0,0.0,0.0,0.0,0.034428089181114716,0.04478711036014312,0.0714132493857456,0.039471719999621055,0.0,0.0,0.0,0.0,0.0,0.006271837823902022,0.04988154389131431,0.0,0.0,0.034428089181114716,0.0,0.1771160407274067,0.1895367978995433,0.17094961110371398,0.0017056898443063625,0.0,0.0,0.0,0.0,0.0,0.04218978479570655,0.016106615913255438,0.018804407087950586,0.04478711036014312,0.1771160407274067,0.0,0.4243115860734238,0.3451145202734489,0.0234108715790279,0.0,0.0,0.0,0.0,0.0,0.08009467752525584,0.015093383928475437,0.014927461103694611,0.0714132493857456,0.1895367978995433,0.4243115860734238,0.0,0.4668317037013828,0.02781206923404015,0.0,0.0,0.0,0.0,0.029953234678372166,0.08987581958958586,0.05129370193751574,0.0443166499923131,0.039471719999621055,0.17094961110371398,0.3451145202734489,0.4668317037013828,0.0,0.016407180230886328,0.0,0.0,0.0,0.0,0.0,0.0,0.0,0.0,0.0,0.0017056898443063625,0.0234108715790279,0.02781206923404015,0.016407180230886328,0.0
39.0,0.0,0.36511569037088826,0.05455088589697722,0.0,0.0,0.0,0.0,0.0,0.0,0.0,0.0,0.0,0.0,0.0,0.36511569037088826,0.0,0.3676654791741989,0.0049421970832113325,0.0,0.06344127032634393,0.0,0.0,0.00272328522966514,0.0,0.0,0.0,0.0,0.0,0.05455088589697722,0.3676654791741989,0.0,0.0,0.0,0.0,0.0,0.0,0.0,0.0,0.0,0.0,0.0,0.0,0.0,0.0049421970832113325,0.0,0.0,0.0,0.0,0.0,0.0,0.0,0.0,0.0,0.00989580939177103,0.0,0.0,0.0,0.0,0.0,0.0,0.0,0.0,0.0,0.0,0.0,0.0,0.0,0.18445607754491683,0.0,0.0,0.0,0.06344127032634393,0.0,0.0,0.0,0.0,0.0,0.0,0.0,0.0,0.0,0.048436457280121616,0.004247065511006988,0.0,0.0,0.0,0.0,0.0,0.0,0.0,0.0,0.0,0.0,0.0,0.0,0.11563359982221239,0.0,0.0,0.0,0.0,0.0,0.0,0.0,0.0,0.0,0.0,0.0,0.0,0.019147117237979343,0.15465637370648871,0.0,0.0,0.0,0.00272328522966514,0.0,0.0,0.0,0.0,0.0,0.0,0.0,0.0,0.0,0.06978024857094423,0.009887212375242049,0.0,0.0,0.0,0.0,0.0,0.0,0.0,0.0,0.0,0.0,0.0,0.0,0.06669793683642052,0.003937963498895431,0.0,0.0,0.0,0.0,0.0,0.0,0.0,0.0,0.019147117237979343,0.0,0.0,0.0,0.41867109736971386,0.0677743594107312,0.0,0.0,0.0,0.0,0.00989580939177103,0.18445607754491683,0.048436457280121616,0.11563359982221239,0.15465637370648871,0.06978024857094423,0.06669793683642052,0.41867109736971386,0.0,0.3277181694149852,0.0,0.0,0.0,0.0,0.0,0.0,0.004247065511006988,0.0,0.0,0.009887212375242049,0.003937963498895431,0.0677743594107312,0.3277181694149852,0.0,0.034885592691131895,0.0,0.0,0.0,0.0,0.0,0.0,0.0,0.0,0.0,0.0,0.0,0.0,0.034885592691131895,0.0
40.0,0.0,0.3326654233390579,0.14952643416198821,0.12079076412663262,0.012582974248463979,0.0,0.0,0.0,0.0,0.0,0.0,0.0,0.0,0.0,0.3326654233390579,0.0,0.44508264370893924,0.36917021578195774,0.006322467658416084,0.0,0.0,0.0,0.0,0.0,0.0,0.0,0.0,0.0,0.14952643416198821,0.44508264370893924,0.0,0.20869808371981693,0.0,0.0,0.0,0.0,0.0,0.0,0.0,0.0,0.0,0.0,0.12079076412663262,0.36917021578195774,0.20869808371981693,0.0,0.0,0.0,0.0,0.0,0.0,0.0,0.0,0.0,0.0,0.0,0.012582974248463979,0.006322467658416084,0.0,0.0,0.0,0.0,0.0,0.0,0.0,0.0,0.0,0.0,0.0,0.0,0.0,0.0,0.0,0.0,0.0,0.0,0.0,0.0,0.0,0.0013518788462263433,0.07167503291576097,0.02896344850781147,0.030239238257993455,0.0,0.0,0.0,0.0,0.0,0.0,0.0,0.0,0.0,0.0,0.009947261882802774,0.066643031269785,0.09252484150044975,0.06841259800829977,0.0,0.0,0.0,0.0,0.0,0.0,0.0,0.0,0.0,0.0,0.0,0.0,0.007548437917415184,0.01541827297176432,0.0,0.0,0.0,0.0,0.0,0.0,0.0,0.0,0.0,0.0,0.0,0.021892143750223598,0.06496518674398319,0.029911422930750678,0.0,0.0,0.0,0.0,0.0,0.0,0.0013518788462263433,0.009947261882802774,0.0,0.0,0.0,0.12587525557390933,0.10283349088330912,0.08494690027618698,0.0,0.0,0.0,0.0,0.0,0.0,0.07167503291576097,0.066643031269785,0.0,0.021892143750223598,0.12587525557390933,0.0,0.46979235503046246,0.392959094739432,0.04298783581286107,0.0,0.0,0.0,0.0,0.0,0.02896344850781147,0.09252484150044975,0.007548437917415184,0.06496518674398319,0.10283349088330912,0.46979235503046246,0.0,0.4784857222523988,0.043712994059266576,0.0,0.0,0.0,0.0,0.0,0.030239238257993455,0.06841259800829977,0.01541827297176432,0.029911422930750678,0.08494690027618698,0.392959094739432,0.4784857222523988,0.0,0.036286755631221766,0.0,0.0,0.0,0.0,0.0,0.0,0.0,0.0,0.0,0.0,0.04298783581286107,0.043712994059266576,0.036286755631221766,0.0
41.0,0.0,0.42439241697484303,0.0,0.04080608520136375,0.019007761636483357,0.009502256766521354,0.0,0.0,0.0,0.0,0.0,0.0,0.0,0.0,0.42439241697484303,0.0,0.05916378104980207,0.18588946764200293,0.07420513661394498,0.0593658115916716,0.0,0.008675206248552565,0.0,0.0,0.0,0.0,0.0,0.0,0.0,0.05916378104980207,0.0,0.0,0.0,0.0,0.0,0.0,0.0,0.0,0.0,0.0,0.0,0.0,0.04080608520136375,0.18588946764200293,0.0,0.0,0.0,0.0,0.0,0.0,0.0,0.0,0.0,0.0,0.0,0.0,0.019007761636483357,0.07420513661394498,0.0,0.0,0.0,0.009319173868609937,0.0,0.0,0.0,0.0,0.0,0.08197792901089598,0.03777738879811177,0.0,0.009502256766521354,0.0593658115916716,0.0,0.0,0.009319173868609937,0.0,0.0,0.0,0.0,0.0,0.0,0.004237644784038333,0.0,0.0,0.0,0.0,0.0,0.0,0.0,0.0,0.0,0.0,0.0,0.0,0.04339410730662184,0.04770583296627169,0.0,0.0,0.0,0.008675206248552565,0.0,0.0,0.0,0.0,0.0,0.0,0.0,0.0,0.043865362414460096,0.04173235608605863,0.0,0.0,0.0,0.0,0.0,0.0,0.0,0.0,0.0,0.0,0.0,0.02153124056509457,0.06064181436234485,0.05807771648026247,0.032257454422105473,0.0,0.0,0.0,0.0,0.0,0.0,0.0,0.0,0.0,0.02153124056509457,0.0,0.23205636290388407,0.2213014530243757,0.09293615832969795,0.0,0.0,0.0,0.0,0.0,0.0,0.0,0.04339410730662184,0.043865362414460096,0.06064181436234485,0.23205636290388407,0.0,0.5749461139904742,0.22007640101350323,0.014667316063599658,0.0,0.0,0.0,0.0,0.08197792901089598,0.004237644784038333,0.04770583296627169,0.04173235608605863,0.05807771648026247,0.2213014530243757,0.5749461139904742,0.0,0.27556985251989385,0.0,0.0,0.0,0.0,0.0,0.03777738879811177,0.0,0.0,0.0,0.032257454422105473,0.09293615832969795,0.22007640101350323,0.27556985251989385,0.0,0.019632805631095273,0.0,0.0,0.0,0.0,0.0,0.0,0.0,0.0,0.0,0.0,0.014667316063599658,0.0,0.019632805631095273,0.0
42.0,0.0,0.26366819318126955,0.1825491122876617,0.039564706963822346,0.0,0.0,0.0,0.0,0.0,0.0,0.0,0.0,0.0,0.0,0.26366819318126955,0.0,0.6039275861622317,0.17630241781198194,0.0,0.0,0.0,0.0,0.0,0.0,0.0,0.0,0.0,0.0,0.1825491122876617,0.6039275861622317,0.0,0.13187643254747072,0.0,0.0,0.0,0.015981743117744765,0.0,0.0,0.0,0.0,0.0,0.0,0.039564706963822346,0.17630241781198194,0.13187643254747072,0.0,0.0,0.0,0.0,0.0,0.0,0.0,0.0,0.0,0.0,0.0,0.0,0.0,0.0,0.0,0.0,0.008367961676435323,0.0,0.0,0.0,0.0,0.0,0.03479033465291788,0.0,0.0,0.0,0.0,0.0,0.0,0.008367961676435323,0.0,0.0,0.0,0.0,0.0,0.0,0.029128214242300582,0.0014035687245409281,0.0,0.0,0.0,0.0,0.0,0.0,0.0,0.0,0.0,0.0,0.0,0.031052470745982694,0.20267716085989895,0.11517401673971299,0.0084090103290899,0.0,0.0,0.015981743117744765,0.0,0.0,0.0,0.0,0.0,0.0,0.0,0.0,0.08766330409931566,0.046903665189744925,0.0,0.0,0.0,0.0,0.0,0.0,0.0,0.0,0.0,0.0,0.017511188804191356,0.0,0.11010656148008059,0.09477529219824397,0.0033767619918587755,0.0,0.0,0.0,0.0,0.0,0.0,0.0,0.0,0.017511188804191356,0.0,0.0006133529155906902,0.07200602985466134,0.06198011602231707,0.0,0.0,0.0,0.0,0.0,0.0,0.0,0.031052470745982694,0.0,0.0,0.0006133529155906902,0.0,0.32950549434155163,0.1558402178241181,0.006362629316016831,0.0,0.0,0.0,0.0,0.03479033465291788,0.029128214242300582,0.20267716085989895,0.08766330409931566,0.11010656148008059,0.07200602985466134,0.32950549434155163,0.0,0.5409983277168677,0.07840999564894724,0.0,0.0,0.0,0.0,0.0,0.0014035687245409281,0.11517401673971299,0.046903665189744925,0.09477529219824397,0.06198011602231707,0.1558402178241181,0.5409983277168677,0.0,0.043715754261471076,0.0,0.0,0.0,0.0,0.0,0.0,0.0084090103290899,0.0,0.0033767619918587755,0.0,0.006362629316016831,0.07840999564894724,0.043715754261471076,0.0
43.0,0.0,0.2761246961806231,0.0,0.0,0.0,0.0,0.0,0.0,0.0,0.0,0.0,0.0,0.0,0.0,0.2761246961806231,0.0,0.10673546738166773,0.11538448634098585,0.07474120261672021,0.0,0.0,0.0,0.0,0.0,0.0,0.0,0.0,0.0,0.0,0.10673546738166773,0.0,0.0,0.0,0.0,0.0,0.0,0.0,0.0,0.0,0.0,0.0,0.0,0.0,0.11538448634098585,0.0,0.0,0.0,0.0,0.0,0.0,0.0,0.0,0.0,0.0,0.0,0.0,0.0,0.07474120261672021,0.0,0.0,0.0,0.0,0.0,0.0,0.0,0.0,0.0,0.0801265335486382,0.0,0.0,0.0,0.0,0.0,0.0,0.0,0.0,0.0,0.0,0.0,0.0,0.0409450603905146,0.14324909555208254,0.0,0.0,0.0,0.0,0.0,0.0,0.0,0.0,0.0,0.0,0.0,0.0,0.010558495233206431,0.10280572325440036,0.01940912786364979,0.0,0.0,0.0,0.0,0.0,0.0,0.0,0.0,0.0,0.0,0.0,0.0,0.07481719619344865,0.002241479309708385,0.0,0.0,0.0,0.0,0.0,0.0,0.0,0.0,0.0,0.0,0.012255271378487642,0.002248035394898276,0.1380549896064393,0.005714854219243257,0.0,0.0,0.0,0.0,0.0,0.0,0.0,0.0,0.0,0.012255271378487642,0.0,0.0618524394101487,0.12784905683357548,0.05665313366228332,0.0,0.0,0.0,0.0,0.0,0.0,0.0409450603905146,0.010558495233206431,0.0,0.002248035394898276,0.0618524394101487,0.0,0.4749889057590775,0.16357785941052613,0.009364087033368341,0.0,0.0,0.0,0.0,0.0801265335486382,0.14324909555208254,0.10280572325440036,0.07481719619344865,0.1380549896064393,0.12784905683357548,0.4749889057590775,0.0,0.3434341604839224,0.026616977880828792,0.0,0.0,0.0,0.0,0.0,0.0,0.01940912786364979,0.002241479309708385,0.005714854219243257,0.05665313366228332,0.16357785941052613,0.3434341604839224,0.0,0.012345850105314426,0.0,0.0,0.0,0.0,0.0,0.0,0.0,0.0,0.0,0.0,0.009364087033368341,0.026616977880828792,0.012345850105314426,0.0
44.0,0.0,0.09047461891753933,0.02600207760221191,0.008914479990237143,0.0,0.0,0.0,0.0,0.0,0.0,0.0,0.0,0.0,0.0,0.09047461891753933,0.0,0.49461626745382176,0.3401298583692346,0.0,0.0,0.0,0.013909709072105779,0.0,0.0,0.0,0.0,0.0,0.0,0.02600207760221191,0.49461626745382176,0.0,0.2009244493601462,0.0,0.0,0.0,0.0,0.0,0.0,0.0,0.0,0.0,0.0,0.008914479990237143,0.3401298583692346,0.2009244493601462,0.0,0.0,0.0,0.0,0.006213697706097421,0.0,0.0,0.0,0.0,0.0,0.0,0.0,0.0,0.0,0.0,0.0,0.0,0.0,0.008631611900410441,0.0,0.0,0.0,0.0,0.008308442154664798,0.0,0.0,0.0,0.0,0.0,0.0,0.0,0.0,0.0,0.0,0.06045742159022146,0.10582502895671564,0.13994094572502605,0.11803389716794539,0.011803700975760521,0.0,0.0,0.0,0.0,0.0,0.0,0.0,0.0,0.0,0.029402296025263223,0.04509439150668339,0.026650835772065784,0.0,0.0,0.0,0.013909709072105779,0.0,0.006213697706097421,0.008631611900410441,0.0,0.0,0.0,0.0,0.0,0.0,0.06591653148273491,0.037822358350393256,0.0,0.0,0.0,0.0,0.0,0.0,0.0,0.0,0.0,0.0,0.010687523700503406,0.0,0.04949672963034228,0.035811587088016905,0.0,0.0,0.0,0.0,0.0,0.0,0.06045742159022146,0.029402296025263223,0.0,0.010687523700503406,0.0,0.19014882442924783,0.20621811108667806,0.11300384916862816,0.004214847307221588,0.0,0.0,0.0,0.0,0.0,0.10582502895671564,0.04509439150668339,0.0,0.0,0.19014882442924783,0.0,0.48170984873674866,0.2608881417584714,0.028457537693461946,0.0,0.0,0.0,0.0,0.0,0.13994094572502605,0.026650835772065784,0.06591653148273491,0.04949672963034228,0.20621811108667806,0.48170984873674866,0.0,0.3575107469636491,0.04596490189809705,0.0,0.0,0.0,0.0,0.008308442154664798,0.11803389716794539,0.0,0.037822358350393256,0.035811587088016905,0.11300384916862816,0.2608881417584714,0.3575107469636491,0.0,0.024461464387671494,0.0,0.0,0.0,0.0,0.0,0.011803700975760521,0.0,0.0,0.0,0.004214847307221588,0.028457537693461946,0.04596490189809705,0.024461464387671494,0.0
45.0,0.0,0.0694605721522384,0.0,0.0,0.0,0.0,0.0,0.0,0.0,0.0,0.0,0.0,0.0,0.0,0.0694605721522384,0.0,0.2300009465642256,0.06491298410146537,0.008896313140279541,0.0,0.05362219147663471,0.03455572815052098,0.0,0.0,0.0,0.0,0.0,0.0,0.0,0.2300009465642256,0.0,0.0,0.0,0.0,0.0,0.0,0.0,0.0,0.0,0.0,0.0,0.0,0.0,0.06491298410146537,0.0,0.0,0.0,0.0,0.0,0.0,0.0,0.0,0.0,0.007448838359838981,0.0,0.0,0.0,0.008896313140279541,0.0,0.0,0.0,0.0,0.0,0.0,0.0,0.0,0.0,0.11535580215124676,0.05543955415762406,0.0006489523469048412,0.0,0.0,0.0,0.0,0.0,0.0,0.0,0.0,0.009720156537573119,0.0,0.043660530448742116,0.13578425846883088,0.007254120918978823,0.0,0.0,0.05362219147663471,0.0,0.0,0.0,0.0,0.0,0.0,0.0,0.0,0.0,0.042658322723620364,0.010164957429930824,0.0,0.0,0.03455572815052098,0.0,0.0,0.0,0.0,0.0,0.0,0.0,0.0,0.0,0.09128444903581098,0.0,0.0,0.0,0.0,0.0,0.0,0.0,0.009720156537573119,0.0,0.0,0.0,0.015950398619859987,0.0,0.14627550715321713,0.026204538463334048,0.0,0.0,0.0,0.0,0.0,0.0,0.0,0.0,0.0,0.015950398619859987,0.0,0.12123270133635433,0.19820474111310943,0.09523291731951983,0.0004341395878696601,0.0,0.0,0.0,0.0,0.0,0.043660530448742116,0.0,0.0,0.0,0.12123270133635433,0.0,0.4424409382250029,0.2031091118106473,0.02094747809709776,0.0,0.0,0.0,0.007448838359838981,0.11535580215124676,0.13578425846883088,0.042658322723620364,0.09128444903581098,0.14627550715321713,0.19820474111310943,0.4424409382250029,0.0,0.3452111428393132,0.02548778608189136,0.0,0.0,0.0,0.0,0.05543955415762406,0.007254120918978823,0.010164957429930824,0.0,0.026204538463334048,0.09523291731951983,0.2031091118106473,0.3452111428393132,0.0,0.0,0.0,0.0,0.0,0.0,0.0006489523469048412,0.0,0.0,0.0,0.0,0.0004341395878696601,0.02094747809709776,0.02548778608189136,0.0,0.0
46.0,0.0,0.08035823362630241,0.04178881856608137,0.0,0.0,0.0,0.0,0.0,0.0,0.0,0.0,0.0,0.0,0.0,0.08035823362630241,0.0,0.5583027335958287,0.07027191510004435,0.0,0.0,0.0,0.0,0.0,0.0,0.0,0.0,0.0,0.0,0.04178881856608137,0.5583027335958287,0.0,0.052549126861148834,0.0,0.0,0.026820665057587137,0.02072822529036888,0.0,0.029033392140186482,0.0,0.0,0.0,0.0,0.0,0.07027191510004435,0.052549126861148834,0.0,0.0,0.0,0.0,0.0,0.0,0.0,0.0,0.0,0.0,0.0,0.0,0.0,0.0,0.0,0.0,0.0003395971477199531,0.0,0.0,0.0,0.0,0.0,0.04070897871395161,0.0,0.0,0.0,0.0,0.0,0.0,0.0003395971477199531,0.0,0.0,0.0,0.0,0.0,0.02528062367534855,0.08638955720003086,0.0,0.0,0.0,0.0,0.026820665057587137,0.0,0.0,0.0,0.0,0.025607032883224246,0.0,0.0,0.0,0.0,0.0,0.0,0.0,0.0,0.02072822529036888,0.0,0.0,0.0,0.025607032883224246,0.0,0.0,0.0,0.0504747655869444,0.041956542185834944,0.023085023907589285,0.0,0.0,0.0,0.0,0.0,0.0,0.0,0.0,0.0,0.0,0.0,0.0,0.0638010223849922,0.0,0.0,0.0,0.0,0.029033392140186482,0.0,0.0,0.0,0.0,0.0,0.0,0.0,0.0,0.0,0.009139756059303627,0.0,0.0,0.0,0.0,0.0,0.0,0.02528062367534855,0.0,0.0504747655869444,0.0,0.0,0.0,0.4561950835283774,0.20645965850040596,0.006019975892861513,0.0,0.0,0.0,0.0,0.04070897871395161,0.08638955720003086,0.0,0.041956542185834944,0.0638010223849922,0.0,0.4561950835283774,0.0,0.42363440685984594,0.03323173507005907,0.0,0.0,0.0,0.0,0.0,0.0,0.0,0.023085023907589285,0.0,0.009139756059303627,0.20645965850040596,0.42363440685984594,0.0,0.0013111638035644443,0.0,0.0,0.0,0.0,0.0,0.0,0.0,0.0,0.0,0.0,0.006019975892861513,0.03323173507005907,0.0013111638035644443,0.0
47.0,0.0,0.2504135010354992,0.007738670480105235,0.02788499318364191,0.0,0.008366069298606279,0.0,0.0,0.0,0.0,0.0,0.0,0.0,0.0,0.2504135010354992,0.0,0.13949047327812758,0.23091370189869456,0.0,0.03686048579417236,0.07582123647575478,0.022466289630785233,0.0,0.0,0.0,0.0,0.0,0.0,0.007738670480105235,0.13949047327812758,0.0,0.006804032590959564,0.0,0.0,0.0,0.0,0.0,0.0,0.0,0.0,0.0,0.0,0.02788499318364191,0.23091370189869456,0.006804032590959564,0.0,0.0,0.0,0.0,0.0,0.0,0.0,0.0,0.0,0.0,0.0,0.0,0.0,0.0,0.0,0.0,0.0,0.0,0.0,0.0,0.0,0.03551686234468343,0.01877457150426839,0.0,0.0,0.008366069298606279,0.03686048579417236,0.0,0.0,0.0,0.0,0.0,0.0,0.0,0.0,0.0,0.0,0.01602942920457032,0.0,0.0,0.07582123647575478,0.0,0.0,0.0,0.0,0.0,0.0,0.0,0.0,0.0,0.0,0.0,0.0,0.0,0.022466289630785233,0.0,0.0,0.0,0.0,0.0,0.0,0.0,0.0,0.0,0.0,0.0,0.0,0.0,0.0,0.0,0.0,0.0,0.0,0.0,0.0,0.0,0.013801367738603182,0.0,0.14593163660127753,0.0,0.0,0.0,0.0,0.0,0.0,0.0,0.0,0.0,0.0,0.013801367738603182,0.0,0.05603479412748778,0.21919812750751907,0.07746981114589895,0.0,0.0,0.0,0.0,0.0,0.03551686234468343,0.0,0.0,0.0,0.0,0.05603479412748778,0.0,0.3624048669593575,0.2049662889279047,0.01188379453646881,0.0,0.0,0.0,0.0,0.01877457150426839,0.0,0.0,0.0,0.14593163660127753,0.21919812750751907,0.3624048669593575,0.0,0.4052287923305328,0.01422610458561813,0.0,0.0,0.0,0.0,0.0,0.01602942920457032,0.0,0.0,0.0,0.07746981114589895,0.2049662889279047,0.4052287923305328,0.0,0.0036447435063727512,0.0,0.0,0.0,0.0,0.0,0.0,0.0,0.0,0.0,0.0,0.01188379453646881,0.01422610458561813,0.0036447435063727512,0.0
48.0,0.0,0.2484246111846583,0.1293349153464097,0.024118632427146902,0.0,0.005455145851464735,0.0,0.0,0.0,0.0,0.0,0.0,0.0,0.0,0.2484246111846583,0.0,0.4372665745839625,0.09180577328349604,0.0,0.10905893629987849,0.09003823494415464,0.0,0.0,0.0,0.0,0.0,0.0,0.0,0.1293349153464097,0.4372665745839625,0.0,0.03905785470482152,0.0,0.0,0.0,0.0,0.0,0.0,0.0,0.0,0.0,0.0,0.024118632427146902,0.09180577328349604,0.03905785470482152,0.0,0.0,0.0,0.0,0.0,0.0,0.0,0.0,0.0,0.0,0.0,0.0,0.0,0.0,0.0,0.0,0.03209702128938001,0.0,0.0014297827435698768,0.0,0.0,0.0,0.00725303237014769,0.0,0.0,0.005455145851464735,0.10905893629987849,0.0,0.0,0.03209702128938001,0.0,0.0,0.0,0.0,0.0,0.0,0.0,0.0,0.0,0.0,0.09003823494415464,0.0,0.0,0.0,0.0,0.0,0.0,0.0,0.0,0.0,0.0,0.0,0.0,0.0,0.0,0.0,0.0,0.0014297827435698768,0.0,0.0,0.0,0.0,0.0,0.0,0.0,0.0,0.0,0.0,0.0,0.0,0.0,0.0,0.0,0.0,0.0,0.0,0.0,0.0,0.0,0.0,0.0,0.0,0.0,0.0,0.0,0.0,0.0,0.0,0.0,0.0,0.0,0.17644086406953607,0.14617053096211724,0.03950680479405417,0.0,0.0,0.0,0.0,0.0,0.0,0.0,0.0,0.0,0.0,0.17644086406953607,0.0,0.5681421524752113,0.3074665624133023,0.014243535989267173,0.0,0.0,0.0,0.0,0.00725303237014769,0.0,0.0,0.0,0.0,0.14617053096211724,0.5681421524752113,0.0,0.2458537493517657,0.0,0.0,0.0,0.0,0.0,0.0,0.0,0.0,0.0,0.0,0.03950680479405417,0.3074665624133023,0.2458537493517657,0.0,0.0,0.0,0.0,0.0,0.0,0.0,0.0,0.0,0.0,0.0,0.0,0.014243535989267173,0.0,0.0,0.0
49.0,0.0,0.34383003263645434,0.0837590520711904,0.05321558305459657,0.0,0.0,0.0,0.0,0.0,0.0,0.0,0.0,0.0,0.0,0.34383003263645434,0.0,0.21567985107316023,0.16809571459137979,0.0,0.0,0.08555450189827958,0.0,0.0,0.0,0.0,0.0,0.0,0.0,0.0837590520711904,0.21567985107316023,0.0,0.0116657732762044,0.0,0.0,0.0,0.0,0.0,0.0,0.0,0.0,0.0,0.0,0.05321558305459657,0.16809571459137979,0.0116657732762044,0.0,0.0,0.0,0.0,0.0,0.0,0.0,0.0,0.0,0.0,0.0,0.0,0.0,0.0,0.0,0.0,0.0,0.0,0.0,0.0,0.0,0.002240326126416968,0.0,0.03434528973588887,0.0,0.0,0.0,0.0,0.0,0.0,0.0,0.0,0.0,0.0,0.0,0.0,0.0,0.03227547236316857,0.0,0.0,0.08555450189827958,0.0,0.0,0.0,0.0,0.0,0.0,0.0,0.0,0.0,0.0,0.0,0.0,0.0,0.0,0.0,0.0,0.0,0.0,0.0,0.0,0.0,0.0,0.0,0.05757499514437028,0.05042741756930528,0.0,0.0,0.0,0.0,0.0,0.0,0.0,0.0,0.0,0.0,0.0,0.0,0.10043686782412752,0.05228794234335155,0.0,0.0,0.0,0.0,0.0,0.0,0.0,0.0,0.0,0.0,0.0,0.04729957315530762,0.1597862673720935,0.08272376602855178,0.0,0.0,0.0,0.0,0.0,0.002240326126416968,0.0,0.0,0.0,0.0,0.04729957315530762,0.0,0.31365160534332015,0.15047879735868575,0.0,0.0,0.0,0.0,0.0,0.0,0.0,0.0,0.05757499514437028,0.10043686782412752,0.1597862673720935,0.31365160534332015,0.0,0.4700249635936172,0.001813492528577437,0.0,0.0,0.0,0.0,0.03434528973588887,0.03227547236316857,0.0,0.05042741756930528,0.05228794234335155,0.08272376602855178,0.15047879735868575,0.4700249635936172,0.0,0.0,0.0,0.0,0.0,0.0,0.0,0.0,0.0,0.0,0.0,0.0,0.0,0.001813492528577437,0.0,0.0
50.0,0.0,0.30636488821054075,0.10710241872030833,0.035671686219398896,0.0,0.0,0.0,0.003998638093964557,0.0,0.0,0.0,0.0,0.0,0.0,0.30636488821054075,0.0,0.41946929690924056,0.18696242263204305,0.0,0.0,0.0,0.01870709685373944,0.0,0.0,0.0,0.0,0.0,0.0,0.10710241872030833,0.41946929690924056,0.0,0.08063273223989113,0.0,0.0,0.0,0.0,0.0,0.0,0.0,0.0,0.0,0.0,0.035671686219398896,0.18696242263204305,0.08063273223989113,0.0,0.0,0.0,0.0,0.0,0.0,0.0,0.0,0.0,0.0,0.0,0.0,0.0,0.0,0.0,0.0,0.006664986827025661,0.0,0.0,0.0,0.0,0.0,0.04176735076058351,0.0015618681649078245,0.0,0.0,0.0,0.0,0.0,0.006664986827025661,0.0,0.0,0.0,0.0,0.0,0.0,0.0316853105848191,0.0,0.0,0.0,0.0,0.0,0.0,0.0,0.0,0.0,0.0,0.0,0.0,0.03338768222906556,0.10788471009258906,0.03492250493608882,0.0,0.003998638093964557,0.01870709685373944,0.0,0.0,0.0,0.0,0.0,0.0,0.0,0.0,0.0,0.021953952239503416,0.0,0.0,0.0,0.0,0.0,0.0,0.0,0.0,0.0,0.0,0.0,0.0,0.0,0.12573633294698758,0.028744524720165716,0.0,0.0,0.0,0.0,0.0,0.0,0.0,0.0,0.0,0.0,0.0,0.034673123123890204,0.030949802619521682,0.0,0.0,0.0,0.0,0.0,0.0,0.0,0.0,0.03338768222906556,0.0,0.0,0.034673123123890204,0.0,0.4800045600781691,0.17590218580260758,0.011313106565425937,0.0,0.0,0.0,0.0,0.04176735076058351,0.0316853105848191,0.10788471009258906,0.021953952239503416,0.12573633294698758,0.030949802619521682,0.4800045600781691,0.0,0.29711039911224935,0.025449069203307178,0.0,0.0,0.0,0.0,0.0015618681649078245,0.0,0.03492250493608882,0.0,0.028744524720165716,0.0,0.17590218580260758,0.29711039911224935,0.0,0.0,0.0,0.0,0.0,0.0,0.0,0.0,0.0,0.0,0.0,0.0,0.011313106565425937,0.025449069203307178,0.0,0.0
51.0,0.0,0.27801984293192283,0.0804402384513414,0.014810490937034904,0.0,0.0,0.0,0.0,0.0,0.0,0.0,0.0,0.0,0.0,0.27801984293192283,0.0,0.3734649227859456,0.1272072704467903,0.0,0.0,0.0,0.009739434906027286,0.0,0.0,0.0,0.0,0.0,0.0,0.0804402384513414,0.3734649227859456,0.0,0.03433242769309455,0.0,0.0,0.021474048916601915,0.0,0.0,0.0,0.0,0.0,0.0,0.0,0.014810490937034904,0.1272072704467903,0.03433242769309455,0.0,0.0,0.0,0.0,0.0,0.0,0.0,0.0,0.0,0.0,0.0,0.0,0.0,0.0,0.0,0.0,0.0,0.0,0.0,0.0,0.0,0.0,0.06065736740643057,0.07412082014766548,0.0,0.0,0.0,0.0,0.0,0.0,0.0,0.0,0.0,0.0,0.0,6.058486249081729e-05,0.07684179062766042,0.06589547887876032,0.0,0.0,0.0,0.021474048916601915,0.0,0.0,0.0,0.0,0.0,0.0,0.0398029045246389,0.02090164984694696,0.11942740671541927,0.0959393730777017,0.003032794885764835,0.0,0.009739434906027286,0.0,0.0,0.0,0.0,0.0,0.0,0.0,0.0,0.01655029274995986,0.09503850644165529,0.0,0.0,0.0,0.0,0.0,0.0,0.0,0.0,0.0,0.0,0.0,0.0,0.0,0.061748998501802585,0.0,0.0,0.0,0.0,0.0,0.0,0.0,0.0,0.0398029045246389,0.0,0.0,0.0,0.12458984366607291,0.18220482371287594,0.1085975793500186,0.002013975170920345,0.0,0.0,0.0,0.0,0.0,6.058486249081729e-05,0.02090164984694696,0.01655029274995986,0.0,0.12458984366607291,0.0,0.4134820938946564,0.2468031770057626,0.014563495325486177,0.0,0.0,0.0,0.0,0.06065736740643057,0.07684179062766042,0.11942740671541927,0.09503850644165529,0.061748998501802585,0.18220482371287594,0.4134820938946564,0.0,0.38051693782960316,0.010635129337321574,0.0,0.0,0.0,0.0,0.07412082014766548,0.06589547887876032,0.0959393730777017,0.0,0.0,0.1085975793500186,0.2468031770057626,0.38051693782960316,0.0,0.007730463164788272,0.0,0.0,0.0,0.0,0.0,0.0,0.003032794885764835,0.0,0.0,0.002013975170920345,0.014563495325486177,0.010635129337321574,0.007730463164788272,0.0
52.0,0.0,0.2174256975899881,0.03838836801227398,0.0,0.0,0.0,0.0,0.0,0.0,0.0,0.0,0.0,0.0,0.0,0.2174256975899881,0.0,0.42820553068709716,0.15547675938465258,0.0,0.0,0.0,0.0,0.0,0.0,0.0,0.0,0.0,0.0,0.03838836801227398,0.42820553068709716,0.0,0.03809794217670125,0.0,0.0,0.0,0.0,0.0,0.0,0.0,0.0,0.0,0.0,0.0,0.15547675938465258,0.03809794217670125,0.0,0.0,0.0,0.0,0.0,0.0,0.0,0.0,0.0,0.0,0.0,0.0,0.0,0.0,0.0,0.0,0.0,0.0,0.0,0.0,0.015450618009449711,0.08187698241234907,0.0,0.0,0.0,0.0,0.0,0.0,0.0,0.0,0.0,0.0,0.05211175934585855,0.0,0.0,0.014664118905016843,0.14483386790771596,0.0,0.0,0.0,0.0,0.0,0.0,0.0,0.0,0.0,0.0,0.002298877840659276,0.0,0.0,0.07250767653343398,0.0,0.0,0.0,0.0,0.0,0.0,0.0,0.05211175934585855,0.0,0.0,0.0,0.0,0.0243558709395327,0.16023111858320646,0.00023585015496009956,0.0,0.0,0.0,0.0,0.0,0.0,0.0,0.002298877840659276,0.0,0.0,0.01842727867547879,0.0,0.13485129778831806,0.0,0.0,0.0,0.0,0.0,0.0,0.015450618009449711,0.0,0.0,0.0,0.01842727867547879,0.0,0.07054836181483787,0.09019652445671655,0.0,0.0,0.0,0.0,0.0,0.0,0.08187698241234907,0.014664118905016843,0.0,0.0243558709395327,0.0,0.07054836181483787,0.0,0.4740809097816682,0.11506887784788533,0.008448709782840156,0.0,0.0,0.0,0.0,0.0,0.14483386790771596,0.07250767653343398,0.16023111858320646,0.13485129778831806,0.09019652445671655,0.4740809097816682,0.0,0.2105931695374082,0.028563360840764638,0.0,0.0,0.0,0.0,0.0,0.0,0.0,0.00023585015496009956,0.0,0.0,0.11506887784788533,0.2105931695374082,0.0,0.0,0.0,0.0,0.0,0.0,0.0,0.0,0.0,0.0,0.0,0.0,0.008448709782840156,0.028563360840764638,0.0,0.0
53.0,0.0,0.11275482866700653,0.0064297163105512395,0.0,0.0,0.0,0.0,0.0,0.0,0.0,0.0,0.0,0.0,0.0,0.11275482866700653,0.0,0.342872367711708,0.2273310936628224,0.0,0.0,0.031037414692307416,0.0,0.0,0.0,0.0,0.0,0.0,0.0,0.0064297163105512395,0.342872367711708,0.0,0.128173701528977,0.0,0.0,0.0,0.0,0.0,0.0,0.0,0.0,0.0,0.0,0.0,0.2273310936628224,0.128173701528977,0.0,0.0,0.0,0.0,0.0,0.0,0.0,0.0,0.0,0.0,0.0,0.0,0.0,0.0,0.0,0.0,0.0,0.0,0.0,0.0,0.0,0.0,0.0,0.05760487467588386,7.559497000696018e-05,0.0,0.0,0.0,0.0,0.0,0.0,0.0,0.0,0.0,0.030905382174809357,0.03405744076119108,0.09311907476958065,0.01636728322442123,0.0,0.0,0.031037414692307416,0.0,0.0,0.0,0.0,0.0,0.0,0.0,0.0,0.0,0.0,0.0,0.0,0.0,0.0,0.0,0.0,0.0,0.0,0.0,0.0,0.0,0.0,0.0,0.03904990790387385,0.018125524335427953,0.0,0.0,0.0,0.0,0.0,0.0,0.0,0.0,0.0,0.0,0.0,0.00010500025644729141,0.01972962158523609,0.0,0.0,0.0,0.0,0.0,0.0,0.0,0.030905382174809357,0.0,0.0,0.0,0.0,0.08730379472028459,0.13513369886410798,0.056404304783054124,0.0,0.0,0.0,0.0,0.0,0.0,0.03405744076119108,0.0,0.0,0.00010500025644729141,0.08730379472028459,0.0,0.38724884665047327,0.2505999244400948,0.025552631464484984,0.0,0.0,0.0,0.0,0.0,0.09311907476958065,0.0,0.03904990790387385,0.01972962158523609,0.13513369886410798,0.38724884665047327,0.0,0.4065448745287183,0.04070645405196835,0.0,0.0,0.0,0.0,0.05760487467588386,0.01636728322442123,0.0,0.018125524335427953,0.0,0.056404304783054124,0.2505999244400948,0.4065448745287183,0.0,0.022529293690231527,0.0,0.0,0.0,0.0,7.559497000696018e-05,0.0,0.0,0.0,0.0,0.0,0.025552631464484984,0.04070645405196835,0.022529293690231527,0.0
54.0,0.0,0.048939313570110665,0.012994123600207505,0.0013408894326485694,0.0,0.0,0.0,0.0,0.0,0.0,0.0,0.0,0.0,0.0,0.048939313570110665,0.0,0.2644314583416303,0.23436856768811756,0.0,0.0,0.0,0.0,0.0,0.0,0.0,0.0,0.0,0.0,0.012994123600207505,0.2644314583416303,0.0,0.07933209795206496,0.0,0.0,0.0,0.0,0.0,0.0,0.0,0.0,0.0,0.0,0.0013408894326485694,0.23436856768811756,0.07933209795206496,0.0,0.0,0.0,0.0,0.0,0.0,0.0,0.0,0.0,0.0,0.0,0.0,0.0,0.0,0.0,0.0,0.0,0.0,0.0,0.0,0.0,0.0,0.15901812359313436,0.046657253550576414,0.0,0.0,0.0,0.0,0.0,0.0,0.0,0.0,0.0,0.0,0.019750489487623705,0.0,0.13227036763025019,0.008086126972134532,0.0,0.0,0.0,0.0,0.0,0.0,0.0,0.0,0.0,0.0,0.0,0.0,0.037089574420079485,0.007604892539656748,0.0,0.0,0.0,0.0,0.0,0.0,0.0,0.0,0.0,0.0,0.0,0.0,0.016323797658976943,0.0,0.0,0.0,0.0,0.0,0.0,0.0,0.0,0.0,0.0,0.0,0.011832730327188484,0.02187629447980511,0.0865404046978557,0.03589884603261509,0.0,0.0,0.0,0.0,0.0,0.0,0.019750489487623705,0.0,0.0,0.011832730327188484,0.0,0.07452381104829671,0.15300095859884372,0.028532593582043787,0.0,0.0,0.0,0.0,0.0,0.0,0.0,0.0,0.0,0.02187629447980511,0.07452381104829671,0.0,0.44994100848770263,0.058546753880009336,0.0,0.0,0.0,0.0,0.0,0.15901812359313436,0.13227036763025019,0.037089574420079485,0.016323797658976943,0.0865404046978557,0.15300095859884372,0.44994100848770263,0.0,0.18355088833589925,0.009337089961750705,0.0,0.0,0.0,0.0,0.046657253550576414,0.008086126972134532,0.007604892539656748,0.0,0.03589884603261509,0.028532593582043787,0.058546753880009336,0.18355088833589925,0.0,0.0045534788447446645,0.0,0.0,0.0,0.0,0.0,0.0,0.0,0.0,0.0,0.0,0.0,0.009337089961750705,0.0045534788447446645,0.0
55.0,0.0,0.09468134017335877,0.06510690760798346,0.003945536858286336,0.0,0.0,0.0,0.0,0.0,0.0,0.0,0.0,0.0,0.0,0.09468134017335877,0.0,0.47196451757539964,0.10830121775328637,0.0,0.0,0.0,0.0,0.0,0.0,0.0,0.0,0.0,0.0,0.06510690760798346,0.47196451757539964,0.0,0.05887164345172693,0.0,0.0,0.0,0.0,0.0,0.0,0.0,0.0,0.0,0.0,0.003945536858286336,0.10830121775328637,0.05887164345172693,0.0,0.0,0.0,0.0,0.0,0.0,0.0,0.0,0.0,0.0,0.0,0.0,0.0,0.0,0.0,0.0,0.0,0.0,0.0,0.0,0.0,0.0,0.04266418618207858,0.13591158994641844,0.008140630039683431,0.0,0.0,0.0,0.0,0.0,0.0,0.0,0.0,0.0,0.0,0.012492415668421391,0.07349432112431711,0.026700657327572347,0.0,0.0,0.0,0.0,0.0,0.0,0.0,0.0,0.0,0.0,0.0,0.09228853090212145,0.08269381121525375,0.09082727106481721,0.0,0.0,0.0,0.0,0.0,0.0,0.0,0.0,0.0,0.0,0.0,0.005254949586590434,0.027316685838900533,0.0,0.0,0.0,0.0,0.0,0.0,0.0,0.0,0.0,0.0,0.0,0.0,0.071096820257077,0.07528021739190481,0.048706733602219776,0.0,0.0,0.0,0.0,0.0,0.0,0.0,0.0,0.0,0.0,0.0,0.11233213269655502,0.0727199866501735,0.04878835066544085,0.0,0.0,0.0,0.0,0.0,0.0,0.012492415668421391,0.09228853090212145,0.005254949586590434,0.071096820257077,0.11233213269655502,0.0,0.4523008239684226,0.28644311750117524,0.02724985452496772,0.0,0.0,0.0,0.0,0.04266418618207858,0.07349432112431711,0.08269381121525375,0.027316685838900533,0.07528021739190481,0.0727199866501735,0.4523008239684226,0.0,0.3855578832539702,0.02573605154251393,0.0,0.0,0.0,0.0,0.13591158994641844,0.026700657327572347,0.09082727106481721,0.0,0.048706733602219776,0.04878835066544085,0.28644311750117524,0.3855578832539702,0.0,0.021584992873936136,0.0,0.0,0.0,0.0,0.008140630039683431,0.0,0.0,0.0,0.0,0.0,0.02724985452496772,0.02573605154251393,0.021584992873936136,0.0
56.0,0.0,0.2136563159100085,0.018868816919733453,0.04861904755596483,0.0,0.0,0.0,0.0,0.0,0.0,0.0,0.0,0.0,0.0,0.2136563159100085,0.0,0.29177597491584445,0.241532335463955,0.0,0.015014518441448237,0.034116071647381827,0.0,0.0,0.0,0.0,0.0,0.0,0.0,0.018868816919733453,0.29177597491584445,0.0,0.05658609592869841,0.0,0.0,0.0,0.0,0.0,0.0,0.0,0.0,0.0,0.0,0.04861904755596483,0.241532335463955,0.05658609592869841,0.0,0.0,0.0,0.0,0.0,0.0,0.0,0.0,0.0,0.0,0.0,0.0,0.0,0.0,0.0,0.0,0.0,0.0,0.0,0.0,0.0,0.08388683790185905,0.0,0.0,0.0,0.0,0.015014518441448237,0.0,0.0,0.0,0.0,0.0,0.0,0.0,0.0,0.0,0.11915775581678698,0.0,0.0,0.0,0.034116071647381827,0.0,0.0,0.0,0.0,0.0,0.0,0.0,0.0,0.0,0.04973478853854581,0.0,0.0,0.0,0.0,0.0,0.0,0.0,0.0,0.0,0.0,0.0,0.0,0.05104219294395128,0.12368581692341982,0.012025837600546522,0.0,0.0,0.0,0.0,0.0,0.0,0.0,0.0,0.0,0.0,0.0,0.030096913843575997,0.1701360509654802,0.0,0.0,0.0,0.0,0.0,0.0,0.0,0.0,0.0,0.0,0.0,0.0,0.10613268863505164,0.10337842686143663,0.0,0.0,0.0,0.0,0.0,0.0,0.08388683790185905,0.0,0.0,0.05104219294395128,0.030096913843575997,0.10613268863505164,0.0,0.46466301549127537,0.0943390998684176,0.0,0.0,0.0,0.0,0.0,0.0,0.11915775581678698,0.04973478853854581,0.12368581692341982,0.1701360509654802,0.10337842686143663,0.46466301549127537,0.0,0.1364473279623072,0.0,0.0,0.0,0.0,0.0,0.0,0.0,0.0,0.012025837600546522,0.0,0.0,0.0943390998684176,0.1364473279623072,0.0,0.021537265096438742,0.0,0.0,0.0,0.0,0.0,0.0,0.0,0.0,0.0,0.0,0.0,0.0,0.021537265096438742,0.0
57.0,0.0,0.22653625350011472,0.1473387478400262,0.02857050425324547,0.009391589485821656,0.01582726535842249,0.0,0.0,0.0,0.0,0.0,0.0,0.0,0.0,0.22653625350011472,0.0,0.43070776804086053,0.1241378641229947,0.0,0.09634894478639375,0.0,0.0,0.0,0.0,0.0,0.0,0.0,0.0,0.1473387478400262,0.43070776804086053,0.0,0.09771758987910989,0.0,0.0,0.0,0.0,0.0,0.0,0.0,0.0,0.0,0.0,0.02857050425324547,0.1241378641229947,0.09771758987910989,0.0,0.0,0.0,0.0,0.0,0.0,0.0,0.0,0.0,0.0,0.0,0.009391589485821656,0.0,0.0,0.0,0.0,0.0,0.0,0.0,0.0,0.0,0.0,0.0,0.0,0.0,0.01582726535842249,0.09634894478639375,0.0,0.0,0.0,0.0,0.0,0.0,0.0,0.0,0.0,0.0,0.0,0.0,0.0,0.0,0.0,0.0,0.0,0.0,0.0,0.0,0.0,0.005924529353324921,0.0006767797623753527,0.07782025575005592,0.06208565052992778,0.0,0.0,0.0,0.0,0.0,0.0,0.0,0.0,0.0,0.0,0.0,0.02090353668082078,0.10014627728196926,0.05737168432777458,0.0,0.0,0.0,0.0,0.0,0.0,0.0,0.0,0.0,0.0,0.0,0.0,0.145960404026232,0.032362310032604896,0.0,0.0,0.0,0.0,0.0,0.0,0.0,0.005924529353324921,0.0,0.0,0.0,0.07709133433925203,0.07971702125163405,0.10703556366489116,0.0,0.0,0.0,0.0,0.0,0.0,0.0,0.0006767797623753527,0.02090353668082078,0.0,0.07709133433925203,0.0,0.30007581022985375,0.26892672671002327,0.01233463171330182,0.0,0.0,0.0,0.0,0.0,0.0,0.07782025575005592,0.10014627728196926,0.145960404026232,0.07971702125163405,0.30007581022985375,0.0,0.434596888067817,0.0009912193995963697,0.0,0.0,0.0,0.0,0.0,0.0,0.06208565052992778,0.05737168432777458,0.032362310032604896,0.10703556366489116,0.26892672671002327,0.434596888067817,0.0,0.011176660846789598,0.0,0.0,0.0,0.0,0.0,0.0,0.0,0.0,0.0,0.0,0.01233463171330182,0.0009912193995963697,0.011176660846789598,0.0
58.0,0.0,0.36520560012447456,0.0,0.0,0.0,0.0,0.0,0.0,0.0,0.0,0.0,0.0,0.0,0.0,0.36520560012447456,0.0,0.17049500315384106,0.008773930705374244,0.0,0.0,0.0,0.04529096063009349,0.04441196371328891,0.0,0.0,0.0,0.0,0.0,0.0,0.17049500315384106,0.0,0.0062322906218065,0.0,0.0,0.0,0.0,0.0,0.0,0.0,0.0,0.0,0.0,0.0,0.008773930705374244,0.0062322906218065,0.0,0.0,0.0,0.0,0.0,0.0,0.0,0.0,0.0,0.0,0.0,0.0,0.0,0.0,0.0,0.0,0.009387100970649305,0.0,0.0,0.0,0.0,0.06642048129152245,0.09608006020322077,0.0035238992070815815,0.0,0.0,0.0,0.0,0.0,0.009387100970649305,0.0,0.0,0.0,0.0,0.0,0.004285542096023193,0.03356642418890441,0.028073800292926714,0.0,0.0,0.0,0.0,0.0,0.0,0.0,0.0,0.0,0.0,0.0,0.07638653899706802,0.04751333738186796,0.03111362361228947,0.0,0.0,0.04529096063009349,0.0,0.0,0.0,0.0,0.0,0.0,0.0,0.0,0.0,0.0,0.0,0.0,0.0,0.04441196371328891,0.0,0.0,0.0,0.0,0.0,0.0,0.0,0.0,0.0,0.0,0.0,0.0,0.0,0.0,0.0,0.0,0.0,0.0,0.0,0.0,0.0,0.0,0.1602571359869874,0.17419796013582883,0.038480277129893145,0.0,0.0,0.0,0.0,0.0,0.06642048129152245,0.004285542096023193,0.07638653899706802,0.0,0.0,0.1602571359869874,0.0,0.5901846831520385,0.06547500694884321,0.0,0.0,0.0,0.0,0.0,0.09608006020322077,0.03356642418890441,0.04751333738186796,0.0,0.0,0.17419796013582883,0.5901846831520385,0.0,0.011460684669697331,0.0,0.0,0.0,0.0,0.0,0.0035238992070815815,0.028073800292926714,0.03111362361228947,0.0,0.0,0.038480277129893145,0.06547500694884321,0.011460684669697331,0.0,0.01605556737616684,0.0,0.0,0.0,0.0,0.0,0.0,0.0,0.0,0.0,0.0,0.0,0.0,0.01605556737616684,0.0
59.0,0.0,0.29031533181838753,0.1410616591116637,0.014300361488684752,0.0,0.0,0.0,0.0,0.0,0.0,0.0,0.0,0.0,0.0,0.29031533181838753,0.0,0.3959753784162148,0.08198486398877937,0.0,0.0,0.0,0.0,0.0,0.0,0.0,0.0,0.0,0.0,0.1410616591116637,0.3959753784162148,0.0,0.05862732361302818,0.0,0.0,0.0,0.0,0.0,0.0,0.0,0.0,0.0,0.0,0.014300361488684752,0.08198486398877937,0.05862732361302818,0.0,0.0,0.0,0.0,0.0,0.0,0.0,0.0,0.0,0.0,0.0,0.0,0.0,0.0,0.0,0.0,0.0,0.0,0.0,0.0,0.0,0.0,0.0,0.0920369991491357,0.004137196125971186,0.0,0.0,0.0,0.0,0.0,0.0,0.0,0.0,0.0,0.013557187430843231,0.07396542005113388,0.12949131526271715,0.13375883620576226,0.0,0.0,0.0,0.0,0.0,0.0,0.0,0.0,0.0,0.0,0.0,0.0,0.0,0.02486452796424003,0.0,0.0,0.0,0.0,0.0,0.0,0.0,0.0,0.0,0.0,0.0,0.0,0.024521111544590586,0.0,0.0,0.0,0.0,0.0,0.0,0.0,0.0,0.0,0.0,0.0,0.0,0.0,0.043269551766218176,0.0,0.0,0.0,0.0,0.0,0.0,0.0,0.013557187430843231,0.0,0.0,0.0,0.0,0.044472535130613534,0.09308132393251504,0.070422339243837,0.0,0.0,0.0,0.0,0.0,0.0,0.07396542005113388,0.0,0.0,0.0,0.044472535130613534,0.0,0.32213420158933864,0.19863416174704526,0.0019975358359439165,0.0,0.0,0.0,0.0,0.0,0.12949131526271715,0.0,0.024521111544590586,0.043269551766218176,0.09308132393251504,0.32213420158933864,0.0,0.4648568352527077,0.02066885327702145,0.0,0.0,0.0,0.0,0.0920369991491357,0.13375883620576226,0.02486452796424003,0.0,0.0,0.070422339243837,0.19863416174704526,0.4648568352527077,0.0,0.032848633057454,0.0,0.0,0.0,0.0,0.004137196125971186,0.0,0.0,0.0,0.0,0.0,0.0019975358359439165,0.02066885327702145,0.032848633057454,0.0
60.0,0.0,0.3045500575898778,0.013252482683242561,0.0,0.0,0.0,0.0,0.0,0.0,0.0,0.0,0.0,0.0,0.0,0.3045500575898778,0.0,0.18174871568134982,0.11375941283954187,0.0,0.0,0.0015070466964974098,0.011117443543719518,0.1076499033947495,0.0,0.0,0.0,0.0,0.0,0.013252482683242561,0.18174871568134982,0.0,0.035014358929145034,0.0,0.0,0.0,0.0,0.0,0.0,0.0,0.0,0.0,0.0,0.0,0.11375941283954187,0.035014358929145034,0.0,0.0,0.0,0.0,0.0,0.0,0.0,0.0,0.0,0.0,0.0,0.0,0.0,0.0,0.0,0.0,0.0,0.0,0.026426460629945053,0.0,0.0,0.012136380666470006,0.12381475202124026,0.0,0.0,0.0,0.0,0.0,0.0,0.0,0.0,0.0,0.0,0.0,0.0,0.0,0.11789156968195769,0.06803105451236158,0.0024098754267710167,0.0,0.0015070466964974098,0.0,0.0,0.0,0.0,0.0,0.0,0.0,0.0,0.0,0.0,0.0,0.0,0.0,0.011117443543719518,0.0,0.0,0.026426460629945053,0.0,0.0,0.0,0.0,0.0,0.0,0.09521470303660395,0.0,0.0,0.0,0.1076499033947495,0.0,0.0,0.0,0.0,0.0,0.0,0.0,0.0,0.0,0.0,0.0,0.0,0.0,0.0,0.0,0.0,0.0,0.0,0.0,0.0,0.0,0.0,0.05503522052244805,0.14701167905157853,0.0,0.0,0.0,0.0,0.0,0.0,0.012136380666470006,0.0,0.0,0.0,0.0,0.05503522052244805,0.0,0.441474961344739,0.027934802243617895,0.0,0.0,0.0,0.0,0.0,0.12381475202124026,0.11789156968195769,0.0,0.09521470303660395,0.0,0.14701167905157853,0.441474961344739,0.0,0.012401934241611935,0.0,0.0,0.0,0.0,0.0,0.0,0.06803105451236158,0.0,0.0,0.0,0.0,0.027934802243617895,0.012401934241611935,0.0,0.025377089986694874,0.0,0.0,0.0,0.0,0.0,0.0024098754267710167,0.0,0.0,0.0,0.0,0.0,0.0,0.025377089986694874,0.0
61.0,0.0,0.17351442121377017,0.06210803601982852,0.0,0.0,0.0,0.0,0.0,0.0,0.0,0.0,0.0,0.0,0.0,0.17351442121377017,0.0,0.448019832152123,0.15925428343133832,0.0,0.0,0.0,0.0,0.0,0.0,0.0,0.0,0.0,0.0,0.06210803601982852,0.448019832152123,0.0,0.16231541715343806,0.0,0.0,0.0,0.0,0.0,0.0,0.0,0.0,0.0,0.0,0.0,0.15925428343133832,0.16231541715343806,0.0,0.0,0.0,0.0,0.0,0.0,0.0,0.0,0.0,0.0,0.0,0.0,0.0,0.0,0.0,0.0,0.0,0.0,0.0,0.0,0.0,0.0,0.0,0.034830175214700075,0.0,0.0,0.0,0.0,0.0,0.0,0.0,0.0,0.0,0.0,0.0024692706177578197,0.08103299409263126,0.06214922643699528,0.08501820945040983,0.0,0.0,0.0,0.0,0.0,0.0,0.0,0.0,0.0,0.0,0.0,0.0,0.0,0.06442101374681256,0.0006038035236939961,0.0,0.0,0.0,0.0,0.0,0.0,0.0,0.0,0.0,0.0,0.01720558451508395,0.021423049714775814,0.04148336703282394,0.0,0.0,0.0,0.0,0.0,0.0,0.0,0.0,0.0,0.0,0.0,0.0,0.06667563243141403,0.07270318521850007,0.0,0.0,0.0,0.0,0.0,0.0,0.0024692706177578197,0.0,0.0,0.0,0.0,0.05493986570722881,0.056732918233859536,0.07571174921067143,0.0,0.0,0.0,0.0,0.0,0.0,0.08103299409263126,0.0,0.01720558451508395,0.0,0.05493986570722881,0.0,0.4176295698342119,0.31747762810034563,0.033782699494490184,0.0,0.0,0.0,0.0,0.0,0.06214922643699528,0.0,0.021423049714775814,0.06667563243141403,0.056732918233859536,0.4176295698342119,0.0,0.3371184242416499,0.0341298672638449,0.0,0.0,0.0,0.0,0.034830175214700075,0.08501820945040983,0.06442101374681256,0.04148336703282394,0.07270318521850007,0.07571174921067143,0.31747762810034563,0.3371184242416499,0.0,0.0463363473560975,0.0,0.0,0.0,0.0,0.0,0.0,0.0006038035236939961,0.0,0.0,0.0,0.033782699494490184,0.0341298672638449,0.0463363473560975,0.0
62.0,0.0,0.11622856745759727,0.0,0.0,0.0,0.0,0.0,0.0,0.0,0.0,0.0,0.0,0.0,0.0,0.11622856745759727,0.0,0.08494781128065206,0.047760307286992223,0.03277998071091889,0.13534878573023112,0.08236437325902708,0.0,0.0,0.0,0.0,0.0,0.0,0.0,0.0,0.08494781128065206,0.0,0.0,0.0,0.0,0.0,0.0,0.0,0.0,0.0,0.004268406573064324,0.0,0.0,0.0,0.047760307286992223,0.0,0.0,0.0,0.0,0.0,0.0,0.0,0.0,0.0,0.0,0.0,0.0,0.0,0.03277998071091889,0.0,0.0,0.0,0.005898038361306097,0.015861507807769,0.0,0.0,0.0,0.0,0.12856064081769766,0.001975963971033688,0.0,0.0,0.13534878573023112,0.0,0.0,0.005898038361306097,0.0,0.0,0.0,0.0,0.0,0.0,0.0,0.0,0.0,0.0,0.08236437325902708,0.0,0.0,0.015861507807769,0.0,0.0,0.006751294290725879,0.0,0.0,0.0,0.06156869886367693,0.0,0.0,0.0,0.0,0.0,0.0,0.0,0.0,0.006751294290725879,0.0,0.0,0.026761552530724677,0.06560164700316945,0.14627211022002373,0.0,0.0,0.0,0.0,0.0,0.0,0.0,0.0,0.0,0.0,0.0,0.05114851948591117,0.023722959358432997,0.21636210072880274,0.0,0.0,0.0,0.0,0.0,0.0,0.0,0.0,0.0,0.026761552530724677,0.05114851948591117,0.0,0.15125575591417875,0.291360889709445,0.0,0.0,0.0,0.0,0.0,0.0,0.0,0.0,0.0,0.06560164700316945,0.023722959358432997,0.15125575591417875,0.0,0.4488516748222319,0.007693474134074115,0.0,0.0,0.0,0.004268406573064324,0.0,0.12856064081769766,0.0,0.06156869886367693,0.14627211022002373,0.21636210072880274,0.291360889709445,0.4488516748222319,0.0,0.010201044460844022,0.0,0.0,0.0,0.0,0.0,0.001975963971033688,0.0,0.0,0.0,0.0,0.0,0.007693474134074115,0.010201044460844022,0.0,0.023227522992563067,0.0,0.0,0.0,0.0,0.0,0.0,0.0,0.0,0.0,0.0,0.0,0.0,0.023227522992563067,0.0
63.0,0.0,0.020690609050630495,0.00901393797653596,0.0,0.0,0.0,0.0,0.0,0.0,0.0,0.0,0.0,0.0,0.0,0.020690609050630495,0.0,0.4397054817819171,0.2841336830980686,0.0,0.0,0.001941180317155844,0.017539427885001548,0.0,0.0,0.0,0.0,0.0,0.0,0.00901393797653596,0.4397054817819171,0.0,0.188492615538866,0.0,0.0,0.029153193818049747,0.0,0.0,0.0,0.0,0.0,0.0,0.0,0.0,0.2841336830980686,0.188492615538866,0.0,0.0,0.0,0.0,0.0,0.0,0.0,0.0,0.0,0.0,0.0,0.0,0.0,0.0,0.0,0.0,0.0,0.0,0.0,0.0,0.0,0.02326105968552836,0.0,0.05824074788837162,0.0,0.0,0.0,0.0,0.0,0.0,0.0,0.0,0.0,0.0,0.0,0.0,0.0,0.0,0.0,0.0,0.001941180317155844,0.029153193818049747,0.0,0.0,0.0,0.0,0.0,0.0,0.0,0.0,0.0,0.009982557750136983,0.0,0.0,0.017539427885001548,0.0,0.0,0.0,0.0,0.0,0.0,0.0,0.0,0.028724353755188194,0.05611460501335761,0.009554479111050847,0.0,0.0,0.0,0.0,0.0,0.0,0.0,0.0,0.0,0.0,0.0,0.027110196187667558,0.15294464052884926,0.10299756947056721,0.0025939538972949193,0.0,0.0,0.0,0.0,0.0,0.0,0.0,0.0,0.0,0.0,0.017720391768887612,0.023416185140318475,0.04750290103104268,0.0,0.0,0.0,0.0,0.0,0.02326105968552836,0.0,0.0,0.028724353755188194,0.027110196187667558,0.017720391768887612,0.0,0.4662153796447453,0.26079007267245163,0.03084397609473349,0.0,0.0,0.0,0.0,0.0,0.0,0.0,0.05611460501335761,0.15294464052884926,0.023416185140318475,0.4662153796447453,0.0,0.39252111597160655,0.05006956568305947,0.0,0.0,0.0,0.0,0.05824074788837162,0.0,0.009982557750136983,0.009554479111050847,0.10299756947056721,0.04750290103104268,0.26079007267245163,0.39252111597160655,0.0,0.05362260705443458,0.0,0.0,0.0,0.0,0.0,0.0,0.0,0.0,0.0025939538972949193,0.0,0.03084397609473349,0.05006956568305947,0.05362260705443458,0.0
64.0,0.0,0.16478230546350264,0.0015151052374738627,0.0,0.0,0.0,0.0,0.0,0.0,0.0,0.0,0.0,0.0,0.0,0.16478230546350264,0.0,0.11794045682165134,0.024466190738673156,0.0,0.0,0.0774170212108321,0.023332873639310747,0.0,0.0,0.0,0.0,0.0,0.0,0.0015151052374738627,0.11794045682165134,0.0,0.0,0.0,0.0,0.0,0.0,0.0,0.0,0.0,0.0,0.0,0.0,0.0,0.024466190738673156,0.0,0.0,0.0,0.0,0.0,0.0,0.0,0.0,0.0,0.0,0.0,0.0,0.0,0.0,0.0,0.0,0.0,0.004660855989575318,0.0,0.0,0.0,0.0,0.0,0.15342733215153923,0.010555211596257857,0.0,0.0,0.0,0.0,0.0,0.004660855989575318,0.0,0.0,0.0,0.012247338227728392,0.0,0.0,0.11189663565473568,0.0,0.0,0.0,0.0774170212108321,0.0,0.0,0.0,0.0,0.0,0.0,0.0,0.0,0.0,0.0,0.0,0.0,0.0,0.023332873639310747,0.0,0.0,0.0,0.0,0.0,0.0,0.0,0.0,0.0,0.09978421239238554,0.0,0.0,0.0,0.0,0.0,0.0,0.0,0.012247338227728392,0.0,0.0,0.0,0.006164751809220428,0.0,0.16286192904010297,0.0,0.0,0.0,0.0,0.0,0.0,0.0,0.0,0.0,0.0,0.006164751809220428,0.0,0.02358347254438755,0.1738931135951202,0.0,0.0,0.0,0.0,0.0,0.0,0.0,0.0,0.0,0.0,0.0,0.02358347254438755,0.0,0.29687413054731643,0.023216385385104225,0.0,0.0,0.0,0.0,0.0,0.15342733215153923,0.11189663565473568,0.0,0.09978421239238554,0.16286192904010297,0.1738931135951202,0.29687413054731643,0.0,0.07778660785822222,0.00034154787618558696,0.0,0.0,0.0,0.0,0.010555211596257857,0.0,0.0,0.0,0.0,0.0,0.023216385385104225,0.07778660785822222,0.0,0.023223833441196287,0.0,0.0,0.0,0.0,0.0,0.0,0.0,0.0,0.0,0.0,0.0,0.00034154787618558696,0.023223833441196287,0.0
65.0,0.0,0.16910994324410883,0.1027139393113805,0.06086131418576782,0.0,0.0,0.0,0.0,0.0,0.0,0.0,0.0,0.0,0.0,0.16910994324410883,0.0,0.41685164761256105,0.21603737862291147,0.000140663215466727,0.0,0.017884344393666055,0.0711294478717227,0.05755048618197474,0.0,0.0,0.0,0.0,0.0,0.1027139393113805,0.41685164761256105,0.0,0.17484317143324596,0.0,0.0,0.0,0.0,0.0,0.0,0.0,0.0,0.0,0.0,0.06086131418576782,0.21603737862291147,0.17484317143324596,0.0,0.0,0.0,0.0,0.0,0.0,0.0,0.0,0.0,0.0,0.0,0.0,0.000140663215466727,0.0,0.0,0.0,0.0,0.0,0.0,0.0,0.0,0.0,0.0,0.04506078332412193,0.0,0.0,0.0,0.0,0.0,0.0,0.0,0.0,0.0,0.0,0.0,0.0799316995380218,0.06043270815916134,0.040789597786237086,0.0,0.0,0.017884344393666055,0.0,0.0,0.0,0.0,0.0,0.0,0.0,0.0,0.009700008401235305,0.0,0.0,0.0,0.0,0.0711294478717227,0.0,0.0,0.0,0.0,0.0,0.0,0.0,0.0,0.0,0.0,0.0,0.0,0.0,0.05755048618197474,0.0,0.0,0.0,0.0,0.0,0.0,0.0,0.0,0.0,0.0,0.0,0.0,0.0,0.0,0.0,0.0,0.0,0.0,0.0,0.0,0.0,0.0,0.14773178995998726,0.11875352279718722,0.06131772967877932,0.0,0.0,0.0,0.0,0.0,0.0,0.0799316995380218,0.009700008401235305,0.0,0.0,0.14773178995998726,0.0,0.5113678787813679,0.37922801263353423,0.030799753449503395,0.0,0.0,0.0,0.0,0.0,0.06043270815916134,0.0,0.0,0.0,0.11875352279718722,0.5113678787813679,0.0,0.2698005569044413,0.004882474658154293,0.0,0.0,0.0,0.0,0.04506078332412193,0.040789597786237086,0.0,0.0,0.0,0.06131772967877932,0.37922801263353423,0.2698005569044413,0.0,0.03076733088013234,0.0,0.0,0.0,0.0,0.0,0.0,0.0,0.0,0.0,0.0,0.030799753449503395,0.004882474658154293,0.03076733088013234,0.0
66.0,0.0,0.3158683002669214,0.04469960432892474,0.025897606169219746,0.0,0.0020563024903663164,0.0,0.0,0.0,0.0,0.0,0.0,0.0,0.0,0.3158683002669214,0.0,0.16268425653004384,0.1082780289068983,0.04126839737383725,0.05952945031264011,0.003465769655611819,0.08054184925309765,0.0,0.0,0.0,0.0,0.0,0.0,0.04469960432892474,0.16268425653004384,0.0,0.0,0.0,0.0,0.0,0.0,0.01969555669819939,0.0,0.0,0.0,0.0,0.0,0.025897606169219746,0.1082780289068983,0.0,0.0,0.0,0.0,0.0,0.0,0.0,0.0,0.0,0.0,0.0,0.0,0.0,0.04126839737383725,0.0,0.0,0.0,0.0,0.0,0.0,0.0,0.0,0.0,0.03850100643755508,0.03488855128143513,0.0,0.0020563024903663164,0.05952945031264011,0.0,0.0,0.0,0.0,0.0,0.0,0.0,0.0,0.0,0.0,0.0,0.0,0.0,0.003465769655611819,0.0,0.0,0.0,0.0,0.0,0.0,0.0,0.0,0.0,0.05191688983173364,0.02405384853005621,0.0,0.0,0.08054184925309765,0.0,0.0,0.0,0.0,0.0,0.0,0.0,0.0,0.0,0.021952505882750835,0.0,0.0,0.0,0.0,0.01969555669819939,0.0,0.0,0.0,0.0,0.0,0.0,0.007035675585478993,0.0,0.14195416339083092,0.025818268171249485,0.0,0.0,0.0,0.0,0.0,0.0,0.0,0.0,0.0,0.007035675585478993,0.0,0.16120214239556985,0.28309396648831064,0.0268443194588176,0.0,0.0,0.0,0.0,0.0,0.0,0.0,0.0,0.0,0.0,0.16120214239556985,0.0,0.45517160032760745,0.04966684866759015,0.0,0.0,0.0,0.0,0.0,0.03850100643755508,0.0,0.05191688983173364,0.021952505882750835,0.14195416339083092,0.28309396648831064,0.45517160032760745,0.0,0.06262458831617917,0.0,0.0,0.0,0.0,0.0,0.03488855128143513,0.0,0.02405384853005621,0.0,0.025818268171249485,0.0268443194588176,0.04966684866759015,0.06262458831617917,0.0,0.017720568812173248,0.0,0.0,0.0,0.0,0.0,0.0,0.0,0.0,0.0,0.0,0.0,0.0,0.017720568812173248,0.0
67.0,0.0,0.2683588884334488,0.15679481436255524,0.038898825788370624,0.0,0.0,0.0,0.0,0.0,0.0,0.0,0.0,0.0,0.0,0.2683588884334488,0.0,0.3911276025370385,0.11712998848118708,0.0,0.06296154611289277,0.0,0.0,0.0,0.0,0.0,0.0,0.0,0.0,0.15679481436255524,0.3911276025370385,0.0,0.10600486656799245,0.0,0.0,0.0,0.0,0.0,0.0,0.0,0.0,0.0,0.0,0.038898825788370624,0.11712998848118708,0.10600486656799245,0.0,0.0,0.0,0.0,0.0,0.0,0.0,0.0,0.0,0.0,0.0,0.0,0.0,0.0,0.0,0.0,0.01589547808993662,0.0,0.0,0.0,0.0,0.0,0.030555946150247405,0.0,0.0,0.0,0.06296154611289277,0.0,0.0,0.01589547808993662,0.0,0.0,0.0,0.0,0.0,0.0,0.007889406521804143,0.0,0.0,0.0,0.0,0.0,0.0,0.0,0.0,0.0,0.0,0.0,0.0,0.0,0.10288621552110397,0.05618607881006544,0.0,0.0,0.0,0.0,0.0,0.0,0.0,0.0,0.0,0.0,0.0,0.0,0.09941951577579297,0.09066913669073737,0.0,0.0,0.0,0.0,0.0,0.0,0.0,0.0,0.0,0.0,0.0,0.0,0.03589417821544601,0.025761050134285257,0.0,0.0,0.0,0.0,0.0,0.0,0.0,0.0,0.0,0.0,0.0,0.0,0.0,0.001742856602343544,0.0,0.0,0.0,0.0,0.0,0.0,0.0,0.0,0.0,0.0,0.0,0.0,0.3244051979962291,0.18220560626569837,0.0,0.0,0.0,0.0,0.0,0.030555946150247405,0.007889406521804143,0.10288621552110397,0.09941951577579297,0.03589417821544601,0.0,0.3244051979962291,0.0,0.4210579418023685,0.0024413446792718625,0.0,0.0,0.0,0.0,0.0,0.0,0.05618607881006544,0.09066913669073737,0.025761050134285257,0.001742856602343544,0.18220560626569837,0.4210579418023685,0.0,0.0222429201502722,0.0,0.0,0.0,0.0,0.0,0.0,0.0,0.0,0.0,0.0,0.0,0.0024413446792718625,0.0222429201502722,0.0
68.0,0.0,0.3307476612846085,0.06576705632085064,0.019475100174051175,0.004940835388991715,0.0,0.0,0.0,0.0,0.0,0.0,0.0,0.0,0.0,0.3307476612846085,0.0,0.16363541153415273,0.05876604331219301,0.0,0.02496905339730837,0.0,0.0,0.0,0.0,0.0,0.0,0.0,0.0,0.06576705632085064,0.16363541153415273,0.0,0.04987201825362482,0.0,0.0,0.0,0.0,0.0,0.0,0.0,0.0,0.0,0.0,0.019475100174051175,0.05876604331219301,0.04987201825362482,0.0,0.0,0.0,0.0,0.0,0.0,0.0,0.0,0.0,0.0,0.0,0.004940835388991715,0.0,0.0,0.0,0.0,0.0,0.0,0.0,0.0,0.0,0.028838006829906435,0.09709925370698613,0.028627335812166574,0.0,0.0,0.02496905339730837,0.0,0.0,0.0,0.0,0.0,0.0,0.0,0.0,0.04004362264501343,0.0,0.007524216845465712,0.0,0.0,0.0,0.0,0.0,0.0,0.0,0.0,0.0,0.0,0.0,0.0657734952074103,0.10924260409141551,0.0,0.0,0.0,0.0,0.0,0.0,0.0,0.0,0.0,0.0,0.0,0.0,0.0,0.05422993602380276,0.007980098725814556,0.0,0.0,0.0,0.0,0.0,0.0,0.0,0.0,0.0,0.0,0.0,0.0,0.09484366331734155,0.01039859274648518,0.0,0.0,0.0,0.0,0.0,0.0,0.0,0.0,0.0,0.0,0.0,0.08398059766895227,0.12773779920509318,0.0,0.0,0.0,0.0,0.0,0.0,0.028838006829906435,0.04004362264501343,0.0657734952074103,0.0,0.0,0.08398059766895227,0.0,0.5146780740474405,0.010934179555711463,0.0,0.0,0.0,0.0,0.0,0.09709925370698613,0.0,0.10924260409141551,0.05422993602380276,0.09484366331734155,0.12773779920509318,0.5146780740474405,0.0,0.11833933835592748,0.0,0.0,0.0,0.0,0.0,0.028627335812166574,0.007524216845465712,0.0,0.007980098725814556,0.01039859274648518,0.0,0.010934179555711463,0.11833933835592748,0.0,0.013803839543781641,0.0,0.0,0.0,0.0,0.0,0.0,0.0,0.0,0.0,0.0,0.0,0.0,0.013803839543781641,0.0
69.0,0.0,0.22849766716723238,0.06817648160873116,0.06930640605794922,0.03642753972389782,0.0,0.0,0.0,0.0,0.0,0.0,0.0,0.0,0.0,0.22849766716723238,0.0,0.3615411324650082,0.21761103332430493,0.0,0.0,0.0,0.0,0.0,0.0,0.0,0.0,0.0,0.0,0.06817648160873116,0.3615411324650082,0.0,0.16182594971331787,0.0,0.0,0.0,0.0,0.0,0.0,0.0,0.0,0.0,0.0,0.06930640605794922,0.21761103332430493,0.16182594971331787,0.0,0.0,0.0,0.0,0.0,0.0,0.0,0.0,0.0,0.0,0.0,0.03642753972389782,0.0,0.0,0.0,0.0,0.0,0.0,0.0,0.0,0.0,0.0,0.0,0.10464360479530191,0.0,0.0,0.0,0.0,0.0,0.0,0.0,0.0,0.0,0.0,0.07927905430341525,0.06233832037464366,0.15032139057083943,0.11310958161813157,0.0,0.0,0.0,0.0,0.0,0.0,0.0,0.0,0.0,0.0,0.006753426825844814,0.018879046718531325,0.008346121397503717,0.008332946771066184,0.0,0.0,0.0,0.0,0.0,0.0,0.0,0.0,0.0,0.0,0.0,0.029154084854016448,0.03196567066886258,0.02511441689838469,0.0,0.0,0.0,0.0,0.0,0.0,0.0,0.0,0.0,0.0,0.0,0.038602859338352405,0.03525669269511293,0.00291716588116208,0.0,0.0,0.0,0.0,0.0,0.0,0.07927905430341525,0.006753426825844814,0.0,0.0,0.0,0.16207601574381084,0.20867302102070068,0.0831603998811661,0.0,0.0,0.0,0.0,0.0,0.0,0.06233832037464366,0.018879046718531325,0.029154084854016448,0.038602859338352405,0.16207601574381084,0.0,0.3886526406012466,0.1771961915216238,0.008112040390334021,0.0,0.0,0.0,0.0,0.0,0.15032139057083943,0.008346121397503717,0.03196567066886258,0.03525669269511293,0.20867302102070068,0.3886526406012466,0.0,0.34404165681076165,0.02262699927926471,0.0,0.0,0.0,0.0,0.10464360479530191,0.11310958161813157,0.008332946771066184,0.02511441689838469,0.00291716588116208,0.0831603998811661,0.1771961915216238,0.34404165681076165,0.0,0.03094632266548638,0.0,0.0,0.0,0.0,0.0,0.0,0.0,0.0,0.0,0.0,0.008112040390334021,0.02262699927926471,0.03094632266548638,0.0
70.0,0.0,0.16119930531617702,0.08073877870209224,0.008214728807789647,0.0,0.0,0.0,0.0,0.0,0.0,0.0,0.0,0.0,0.0,0.16119930531617702,0.0,0.3626907473814031,0.15814468763611209,0.0,0.0,0.0,0.0,0.0,0.0,0.0,0.0,0.0,0.0,0.08073877870209224,0.3626907473814031,0.0,0.06698377554507402,0.0,0.0,0.012799405903143865,0.0,0.0,0.0,0.0,0.0,0.0,0.0,0.008214728807789647,0.15814468763611209,0.06698377554507402,0.0,0.0,0.0,0.0,0.0,0.0,0.0,0.0,0.0,0.0,0.0,0.0,0.0,0.0,0.0,0.0,0.0,0.0030173966284562995,0.0,0.0,0.0,0.0,0.06344168009158757,0.0,0.0,0.0,0.0,0.0,0.0,0.0,0.0,0.0,0.0,0.0,0.0,0.05764650693635633,0.20138068073904405,0.0,0.0,0.0,0.0,0.012799405903143865,0.0,0.0030173966284562995,0.0,0.0,0.0,0.0,0.0,0.02882927525681819,0.1069158100925108,0.0,0.0,0.0,0.0,0.0,0.0,0.0,0.0,0.0,0.0,0.0,0.0,0.0,0.025506853151322634,0.0,0.0,0.0,0.0,0.0,0.0,0.0,0.0,0.0,0.0,0.0,0.0,0.014137231163258272,0.13037582798929015,0.0,0.0,0.0,0.0,0.0,0.0,0.0,0.0,0.0,0.0,0.0,0.0,0.06569989225939592,0.1044533614554192,0.038926508913292995,0.0,0.0,0.0,0.0,0.0,0.0,0.05764650693635633,0.02882927525681819,0.0,0.014137231163258272,0.06569989225939592,0.0,0.4454364897236858,0.15193207384955335,0.0,0.0,0.0,0.0,0.0,0.06344168009158757,0.20138068073904405,0.1069158100925108,0.025506853151322634,0.13037582798929015,0.1044533614554192,0.4454364897236858,0.0,0.09638914205117054,0.0,0.0,0.0,0.0,0.0,0.0,0.0,0.0,0.0,0.0,0.038926508913292995,0.15193207384955335,0.09638914205117054,0.0,0.01212800429069352,0.0,0.0,0.0,0.0,0.0,0.0,0.0,0.0,0.0,0.0,0.0,0.0,0.01212800429069352,0.0
71.0,0.0,0.13002812329974858,0.0,0.0,0.0,0.0,0.0,0.0,0.0,0.0,0.0,0.0,0.0,0.0,0.13002812329974858,0.0,0.44623850214899363,0.0,0.0,0.0,0.0,0.0,0.0,0.0,0.0,0.0,0.0,0.0,0.0,0.44623850214899363,0.0,0.0047264575936189004,0.0,0.0,0.0,0.0,0.0,0.0,0.0,0.0,0.0,0.0,0.0,0.0,0.0047264575936189004,0.0,0.0,0.0,0.0,0.0,0.0,0.0,0.0,0.0,0.0,0.0,0.0,0.0,0.0,0.0,0.0,0.0,0.0,0.0,0.0,0.0,0.0180457841205223,0.09302029167749189,0.016502753300178745,0.0,0.0,0.0,0.0,0.0,0.0,0.0,0.0,0.0,0.0,0.0,0.0,0.13728912992967912,0.06424541564013841,0.0,0.0,0.0,0.0,0.0,0.0,0.0,0.0,0.0,0.0,0.0,0.0,0.035105185109089276,0.04965137754516208,0.0,0.0,0.0,0.0,0.0,0.0,0.0,0.0,0.0,0.0,0.0006460801508590321,0.0,0.07758726857374204,0.0860913056950889,0.0,0.0,0.0,0.0,0.0,0.0,0.0,0.0,0.0,0.0,0.0,0.0,0.08052838593046911,0.08253524621707838,0.0029488659322024317,0.0,0.0,0.0,0.0,0.0,0.0,0.0,0.0006460801508590321,0.0,0.0,0.009594972663202792,0.0453689300738175,0.04708630396112687,0.0,0.0,0.0,0.0,0.0,0.0180457841205223,0.0,0.0,0.0,0.0,0.009594972663202792,0.0,0.32046167565045497,0.20481395377379769,0.020889824138711627,0.0,0.0,0.0,0.0,0.09302029167749189,0.13728912992967912,0.035105185109089276,0.07758726857374204,0.08052838593046911,0.0453689300738175,0.32046167565045497,0.0,0.34726923742904026,0.040541585763164495,0.0,0.0,0.0,0.0,0.016502753300178745,0.06424541564013841,0.04965137754516208,0.0860913056950889,0.08253524621707838,0.04708630396112687,0.20481395377379769,0.34726923742904026,0.0,0.03971135271081031,0.0,0.0,0.0,0.0,0.0,0.0,0.0,0.0,0.0029488659322024317,0.0,0.020889824138711627,0.040541585763164495,0.03971135271081031,0.0
72.0,0.0,0.09681978186138006,0.0,0.0009358464339843248,0.0,0.0,0.0,0.0,0.0,0.0,0.0,0.0,0.0,0.0,0.09681978186138006,0.0,0.24370901596704075,0.1915346068660499,0.0,0.05303510365960075,0.0,0.0,0.0,0.0,0.0,0.0,0.0,0.0,0.0,0.24370901596704075,0.0,0.14306170895943182,0.0,0.0,0.0,0.0023291608909908196,0.0,0.0,0.0,0.0,0.0,0.0,0.0009358464339843248,0.1915346068660499,0.14306170895943182,0.0,0.0,0.0,0.0,0.0,0.0,0.0,0.0,0.0,0.0,0.0,0.0,0.0,0.0,0.0,0.0,0.0,0.0,0.003422592591469844,0.0,0.0,0.0,0.018624791478037715,0.02654402507148791,0.0,0.0,0.05303510365960075,0.0,0.0,0.0,0.0,0.0,0.0,0.008611253645880251,0.0,0.0,0.0,0.06615377800147045,0.0,0.0,0.0,0.0,0.0,0.0,0.0,0.0,0.0,0.0,0.0021880831334088677,0.01669298164925851,0.05038936087900201,0.0,0.0,0.0,0.0,0.0023291608909908196,0.0,0.003422592591469844,0.0,0.0,0.0,0.0,0.0,0.0,0.05456074939802624,0.01584514814797449,0.0,0.0,0.0,0.0,0.0,0.0,0.008611253645880251,0.0,0.0,0.0,0.014903949401319744,0.0,0.09640373381303544,0.00994735444123248,0.0,0.0,0.0,0.0,0.0,0.0,0.0,0.0021880831334088677,0.0,0.014903949401319744,0.0,0.15118407094853162,0.2286522343257,0.0,0.0,0.0,0.0,0.0,0.0,0.0,0.0,0.01669298164925851,0.0,0.0,0.15118407094853162,0.0,0.5386828000182615,0.1333929137003369,0.010355815695841994,0.0,0.0,0.0,0.0,0.018624791478037715,0.0,0.05038936087900201,0.05456074939802624,0.09640373381303544,0.2286522343257,0.5386828000182615,0.0,0.1292589368104791,0.0,0.0,0.0,0.0,0.0,0.02654402507148791,0.06615377800147045,0.0,0.01584514814797449,0.00994735444123248,0.0,0.1333929137003369,0.1292589368104791,0.0,0.0,0.0,0.0,0.0,0.0,0.0,0.0,0.0,0.0,0.0,0.0,0.010355815695841994,0.0,0.0,0.0
73.0,0.0,0.08921076133135997,0.06157179340340614,0.0063388485427325145,0.0,0.0,0.0,0.0,0.0,0.0,0.0,0.0,0.0,0.0,0.08921076133135997,0.0,0.2763952180128095,0.10088146993118893,0.0607685902889198,0.07094432681908235,0.06180298685196204,0.017969756228201857,0.03442263482640534,0.0,0.0,0.0,0.0,0.0,0.06157179340340614,0.2763952180128095,0.0,0.0653090636361495,0.0,0.0,0.0,0.0,0.0,0.0,0.0,0.0,0.0,0.0,0.0063388485427325145,0.10088146993118893,0.0653090636361495,0.0,0.0,0.0,0.0,0.0,0.0,0.0,0.0,0.0,0.0,0.0,0.0,0.0607685902889198,0.0,0.0,0.0,0.0,0.0,0.0,0.0,0.0,0.0,0.0,0.048529153008710184,0.0,0.0,0.07094432681908235,0.0,0.0,0.0,0.0,0.0,0.0,0.0,0.0,0.0,0.0,0.0426068527138952,0.0,0.0,0.06180298685196204,0.0,0.0,0.0,0.0,0.0,0.0,0.0,0.0,0.0,0.0,0.024748441399765807,0.0,0.0,0.017969756228201857,0.0,0.0,0.0,0.0,0.0,0.0,0.0,0.0,0.0,0.019919428333777175,0.01656687369807581,0.0,0.0,0.03442263482640534,0.0,0.0,0.0,0.0,0.0,0.0,0.0,0.0,0.0,0.015127532215069451,0.007192940439357337,0.0,0.0,0.0,0.0,0.0,0.0,0.0,0.0,0.0,0.0,0.0,0.13165676524693837,0.1553353403227059,0.038324448407461284,0.0,0.0,0.0,0.0,0.0,0.0,0.0,0.0,0.0,0.0,0.13165676524693837,0.0,0.4697226153424244,0.2881930151640535,0.01904571404295617,0.0,0.0,0.0,0.0,0.0,0.0,0.0,0.019919428333777175,0.015127532215069451,0.1553353403227059,0.4697226153424244,0.0,0.28855379161960387,0.015084051416566194,0.0,0.0,0.0,0.0,0.048529153008710184,0.0426068527138952,0.024748441399765807,0.01656687369807581,0.007192940439357337,0.038324448407461284,0.2881930151640535,0.28855379161960387,0.0,0.02025431199764112,0.0,0.0,0.0,0.0,0.0,0.0,0.0,0.0,0.0,0.0,0.01904571404295617,0.015084051416566194,0.02025431199764112,0.0
74.0,0.0,0.1861289589508342,0.06444932284719512,0.037314545349452555,0.0,0.0,0.0,0.0,0.0,0.0,0.0,0.0,0.0,0.0,0.1861289589508342,0.0,0.330858915259831,0.1455425599096285,0.0,0.05038824076826781,0.0,0.0,0.0,0.004259057201094499,0.0,0.0,0.0,0.0,0.06444932284719512,0.330858915259831,0.0,0.0796322688495548,0.0,0.0,0.04733623108593078,0.0,0.0,0.0,0.0,0.0,0.0,0.0,0.037314545349452555,0.1455425599096285,0.0796322688495548,0.0,0.0,0.0,0.0,0.0,0.0,0.0,0.0,0.0,0.0,0.0,0.0,0.0,0.0,0.0,0.0,0.0,0.0,0.0,0.0,0.0,0.0,0.0,0.00037417268000424636,0.0,0.0,0.05038824076826781,0.0,0.0,0.0,0.0,0.0,0.0,0.0,0.0,0.0,0.021872837311286194,0.0,0.0,0.0,0.0,0.04733623108593078,0.0,0.0,0.0,0.0,0.0,0.0,0.0,0.0,0.09255843044495128,0.03283953422947637,0.0,0.0,0.0,0.0,0.0,0.0,0.0,0.0,0.0,0.0,0.0,0.0,0.12044099715609238,0.0,0.0,0.0,0.0,0.0,0.0,0.0,0.0,0.0,0.0,0.0,0.0,0.0,0.06051704871216803,0.003219943435002131,0.0,0.0,0.004259057201094499,0.0,0.0,0.0,0.0,0.0,0.0,0.0,0.0,0.0,0.0,0.0009864658312822867,0.0,0.0,0.0,0.0,0.0,0.0,0.0,0.0,0.0,0.0,0.0,0.0,0.2927205584221234,0.1377478770941161,0.00442783639664251,0.0,0.0,0.0,0.0,0.0,0.021872837311286194,0.09255843044495128,0.12044099715609238,0.06051704871216803,0.0,0.2927205584221234,0.0,0.18988319534606274,0.005385706187850007,0.0,0.0,0.0,0.0,0.00037417268000424636,0.0,0.03283953422947637,0.0,0.003219943435002131,0.0009864658312822867,0.1377478770941161,0.18988319534606274,0.0,0.0,0.0,0.0,0.0,0.0,0.0,0.0,0.0,0.0,0.0,0.0,0.00442783639664251,0.005385706187850007,0.0,0.0
75.0,0.0,0.26061809494102195,0.07673876298917606,0.011393040836461473,0.0,0.0,0.0,0.017384504909757025,0.0,0.0,0.0,0.0,0.0,0.0,0.26061809494102195,0.0,0.2567092151566885,0.009038349845700368,0.0,0.0,0.0,0.1100010121753382,0.0,0.0,0.0,0.0,0.0,0.0,0.07673876298917606,0.2567092151566885,0.0,0.04828277749888525,0.0,0.0,0.0,0.0,0.0,0.0,0.0,0.0,0.0,0.0,0.011393040836461473,0.009038349845700368,0.04828277749888525,0.0,0.0,0.0,0.0,0.0,0.0,0.0,0.0,0.0,0.0,0.0,0.0,0.0,0.0,0.0,0.0,0.0,0.0,0.0,0.0,0.0,0.013808211516368664,0.10899999836902877,0.0,0.0,0.0,0.0,0.0,0.0,0.0,0.0,0.0,0.0,0.0,0.0,0.014656537202130039,0.051591612496883515,0.04530024856312763,0.0,0.0,0.0,0.0,0.0,0.0,0.0,0.0,0.0,0.0,0.012670509172605399,0.015690959831274276,0.13208583736301238,0.0,0.0,0.017384504909757025,0.1100010121753382,0.0,0.0,0.0,0.0,0.0,0.0,0.0,0.0,0.0,0.0,0.0,0.0,0.0,0.0,0.0,0.0,0.0,0.0,0.0,0.0,0.0,0.0,0.0,0.01216626132255623,0.005012274297017817,0.0,0.0,0.0,0.0,0.0,0.0,0.0,0.012670509172605399,0.0,0.0,0.0,0.1626870985826429,0.16293821665463706,0.09499995200580374,0.0,0.0,0.0,0.0,0.0,0.013808211516368664,0.014656537202130039,0.015690959831274276,0.0,0.0,0.1626870985826429,0.0,0.44202988952373,0.27574770492600775,0.0012447046584366846,0.0,0.0,0.0,0.0,0.10899999836902877,0.051591612496883515,0.13208583736301238,0.0,0.01216626132255623,0.16293821665463706,0.44202988952373,0.0,0.23203767061800995,0.0,0.0,0.0,0.0,0.0,0.0,0.04530024856312763,0.0,0.0,0.005012274297017817,0.09499995200580374,0.27574770492600775,0.23203767061800995,0.0,0.008786864976439908,0.0,0.0,0.0,0.0,0.0,0.0,0.0,0.0,0.0,0.0,0.0012447046584366846,0.0,0.008786864976439908,0.0
76.0,0.0,0.2409397724566279,0.14985163107128008,0.07103288863451913,0.0,0.0,0.0,0.0,0.0,0.0,0.0,0.0,0.0,0.0,0.2409397724566279,0.0,0.32612433262586127,0.12045287511469675,0.0,0.009641581505357294,0.07968083035580135,0.0018349928404182564,0.0,0.0,0.0,0.0,0.0,0.0,0.14985163107128008,0.32612433262586127,0.0,0.18487756332653266,0.0,0.0,0.0,0.0,0.03490366186212848,0.0,0.0,0.0,0.0,0.0,0.07103288863451913,0.12045287511469675,0.18487756332653266,0.0,0.0,0.0,0.0,0.0,0.0,0.0,0.0,0.0,0.0,0.0,0.0,0.0,0.0,0.0,0.0,0.0,0.0,0.0,0.0,0.0,0.0,0.0,0.0648419295251784,0.0,0.0,0.009641581505357294,0.0,0.0,0.0,0.0,0.0,0.0,0.0,0.008864193795349747,0.10236631231984376,0.15427516375059028,0.027386682076529792,0.0,0.0,0.07968083035580135,0.0,0.0,0.0,0.0,0.0,0.0,0.0,0.0,0.0,0.0,0.0,0.0,0.0,0.0018349928404182564,0.0,0.0,0.0,0.0,0.0,0.0,0.0,0.0,0.0,0.0037571363262348736,0.0004595001911955193,0.0,0.0,0.0,0.03490366186212848,0.0,0.0,0.0,0.0,0.0,0.0,0.02015950713573087,0.0,0.002841388472891636,0.023262143941614414,0.0,0.0,0.0,0.0,0.0,0.0,0.008864193795349747,0.0,0.0,0.02015950713573087,0.0,0.15687468339127175,0.24357429726595917,0.0620993018763452,0.0,0.0,0.0,0.0,0.0,0.0,0.10236631231984376,0.0,0.0,0.0,0.15687468339127175,0.0,0.48108518238601844,0.11079104316617769,0.0,0.0,0.0,0.0,0.0,0.0,0.15427516375059028,0.0,0.0037571363262348736,0.002841388472891636,0.24357429726595917,0.48108518238601844,0.0,0.1852598776308314,0.0,0.0,0.0,0.0,0.0,0.0648419295251784,0.027386682076529792,0.0,0.0004595001911955193,0.023262143941614414,0.0620993018763452,0.11079104316617769,0.1852598776308314,0.0,0.0,0.0,0.0,0.0,0.0,0.0,0.0,0.0,0.0,0.0,0.0,0.0,0.0,0.0,0.0
77.0,0.0,0.3304531371805318,0.004035696388015396,0.0,0.0,0.0,0.013499332595398428,0.0,0.0,0.0,0.0,0.0,0.0,0.0,0.3304531371805318,0.0,0.14058544146027807,0.0,0.0,0.027928347414626895,0.060943611157415464,0.0,0.0,0.0,0.0,0.0,0.0,0.0,0.004035696388015396,0.14058544146027807,0.0,0.045541558018948866,0.0,0.0,0.0,0.0,0.0,0.0,0.0,0.0,0.0,0.0,0.0,0.0,0.045541558018948866,0.0,0.0,0.0,0.0,0.0,0.0,0.0,0.0,0.0,0.0,0.0,0.0,0.0,0.0,0.0,0.0,0.0,0.0,0.0,0.0,0.0,0.02289826445412674,0.0705782159036871,0.032330526503729036,0.0,0.0,0.027928347414626895,0.0,0.0,0.0,0.0,0.0,0.012353724434828545,0.0,0.0,0.0,0.012966552875081042,0.10780881111202098,0.0,0.013499332595398428,0.060943611157415464,0.0,0.0,0.0,0.0,0.0,0.0,0.0,0.0,0.0,0.0,0.029100062346626862,0.0,0.0,0.0,0.0,0.0,0.0,0.012353724434828545,0.0,0.0,0.0,0.0,0.0,0.05704979936169047,0.08288577146459891,0.0,0.0,0.0,0.0,0.0,0.0,0.0,0.0,0.0,0.0,0.0,0.0,0.02300272989231802,0.06441668654674146,0.0,0.0,0.0,0.0,0.0,0.0,0.0,0.0,0.0,0.0,0.0,0.0046356531599856966,0.011767349428534295,0.0006648804465581373,0.0,0.0,0.0,0.0,0.0,0.02289826445412674,0.0,0.0,0.0,0.0,0.0046356531599856966,0.0,0.33514111268520064,0.12693123796262964,0.0,0.0,0.0,0.0,0.0,0.0705782159036871,0.012966552875081042,0.0,0.05704979936169047,0.02300272989231802,0.011767349428534295,0.33514111268520064,0.0,0.3191433654767824,0.0003775030671697363,0.0,0.0,0.0,0.0,0.032330526503729036,0.10780881111202098,0.029100062346626862,0.08288577146459891,0.06441668654674146,0.0006648804465581373,0.12693123796262964,0.3191433654767824,0.0,0.004106028624117801,0.0,0.0,0.0,0.0,0.0,0.0,0.0,0.0,0.0,0.0,0.0,0.0003775030671697363,0.004106028624117801,0.0
78.0,0.0,0.22831910934113733,0.10048622992998303,0.03224991886333556,0.0,0.0,0.0,0.0,0.0,0.0,0.0,0.0,0.0,0.0,0.22831910934113733,0.0,0.2773286775623664,0.09676214772497596,0.0,0.0,0.0,0.0,0.0,0.0,0.0,0.0,0.0,0.0,0.10048622992998303,0.2773286775623664,0.0,0.11247325622341142,0.0,0.0,0.03666245290003899,0.0,0.0,0.0,0.0,0.0,0.0,0.0,0.03224991886333556,0.09676214772497596,0.11247325622341142,0.0,0.0,0.0,0.0,0.0,0.0,0.0,0.0,0.0,0.0,0.0,0.0,0.0,0.0,0.0,0.0,0.006307585360375732,0.0,0.0,0.0,0.0,0.0,0.0,0.008570387606042541,0.0,0.0,0.0,0.0,0.0,0.006307585360375732,0.0,0.0,0.0,0.0,0.0,0.0,0.012255949306766913,0.0,0.0,0.0,0.0,0.03666245290003899,0.0,0.0,0.0,0.0,0.0,0.0,0.0,0.0,0.0,0.0,0.0,0.0,0.0,0.0,0.0,0.0,0.0,0.0,0.0,0.0,0.0,0.03945495469037265,0.1275359044444554,0.056879122919089045,0.0,0.0,0.0,0.0,0.0,0.0,0.0,0.0,0.0,0.0,0.0014081925471280624,0.0,0.03602579218908121,0.03885673028082437,0.0,0.0,0.0,0.0,0.0,0.0,0.0,0.0,0.0,0.0014081925471280624,0.0,0.03444330910180367,0.02652445123747094,0.058381418174156485,0.0,0.0,0.0,0.0,0.0,0.0,0.0,0.0,0.03945495469037265,0.0,0.03444330910180367,0.0,0.46510027672393717,0.13559467702480255,0.0,0.0,0.0,0.0,0.0,0.0,0.012255949306766913,0.0,0.1275359044444554,0.03602579218908121,0.02652445123747094,0.46510027672393717,0.0,0.21463493937201247,0.0,0.0,0.0,0.0,0.0,0.008570387606042541,0.0,0.0,0.056879122919089045,0.03885673028082437,0.058381418174156485,0.13559467702480255,0.21463493937201247,0.0,0.0,0.0,0.0,0.0,0.0,0.0,0.0,0.0,0.0,0.0,0.0,0.0,0.0,0.0,0.0
79.0,0.0,0.21176366763435606,0.0,0.007843410398541032,0.0,0.0,0.0,0.0,0.0,0.0,0.0,0.0,0.0,0.0,0.21176366763435606,0.0,0.09438798448583896,0.22275633372248238,0.0,0.0,0.045852556349649985,0.0,0.0,0.0,0.0,0.0,0.0,0.0,0.0,0.09438798448583896,0.0,0.03766883530110639,0.0,0.0,0.0,0.0,0.0,0.0,0.0,0.0,0.0,0.0,0.007843410398541032,0.22275633372248238,0.03766883530110639,0.0,0.0,0.0,0.0,0.0,0.0,0.0,0.0,0.0,0.0,0.0,0.0,0.0,0.0,0.0,0.0,0.0,0.0,0.0,0.0,0.0,0.0,0.0,0.0376721411475324,0.0,0.0,0.0,0.0,0.0,0.0,0.0,0.0,0.0,0.0,0.027388674859141787,0.019384400921057313,0.05993633562787509,0.0,0.0,0.0,0.045852556349649985,0.0,0.0,0.0,0.0,0.0,0.0,0.0,0.0,0.0,0.0,0.002165281652271025,0.0,0.0,0.0,0.0,0.0,0.0,0.0,0.0,0.0,0.0,0.010867855987458638,0.0,0.034790797607278046,0.02683008263780455,0.0,0.0,0.0,0.0,0.0,0.0,0.0,0.0,0.0,0.0,0.07114775541214194,0.043574791227421965,0.16106682674581954,0.1021713512059629,0.0037067453861901137,0.0,0.0,0.0,0.0,0.0,0.027388674859141787,0.0,0.010867855987458638,0.07114775541214194,0.0,0.1412554608122636,0.2341285605002512,0.1235345005072905,0.005844020430213577,0.0,0.0,0.0,0.0,0.0,0.019384400921057313,0.0,0.0,0.043574791227421965,0.1412554608122636,0.0,0.3828218437669613,0.06904100085870686,0.0,0.0,0.0,0.0,0.0,0.0,0.05993633562787509,0.0,0.034790797607278046,0.16106682674581954,0.2341285605002512,0.3828218437669613,0.0,0.2599946146842619,0.010996314660706673,0.0,0.0,0.0,0.0,0.0376721411475324,0.0,0.002165281652271025,0.02683008263780455,0.1021713512059629,0.1235345005072905,0.06904100085870686,0.2599946146842619,0.0,0.012833099681467196,0.0,0.0,0.0,0.0,0.0,0.0,0.0,0.0,0.0037067453861901137,0.005844020430213577,0.0,0.010996314660706673,0.012833099681467196,0.0
80.0,0.0,0.0850745392471804,0.021155321222616458,0.0,0.0,0.0,0.0,0.0,0.0,0.0,0.0,0.0,0.0,0.0,0.0850745392471804,0.0,0.444905808231861,0.0,0.0,0.0,0.02927448385381333,0.0,0.0,0.0,0.0,0.0,0.0,0.0,0.021155321222616458,0.444905808231861,0.0,0.03416194448114331,0.0,0.0,0.0,0.0,0.0,0.0,0.0,0.0,0.0,0.0,0.0,0.0,0.03416194448114331,0.0,0.0,0.0,0.0,0.0,0.0,0.0,0.0,0.0,0.0,0.0,0.0,0.0,0.0,0.0,0.0,0.0,0.0,0.0,0.0,0.0,0.0,0.0818394365857544,0.04846614571641952,0.0,0.0,0.0,0.0,0.0,0.0,0.0,0.0,0.0,0.0,0.0,0.0293126924065983,0.008407635108272984,0.04963164544790214,0.0,0.0,0.02927448385381333,0.0,0.0,0.0,0.0,0.0,0.0,0.0,0.0,0.0,0.018020829204777863,0.0,0.0,0.0,0.0,0.0,0.0,0.0,0.0,0.0,0.0,0.0,0.0,0.0,0.0016114866327113786,0.03849449769616666,0.0,0.0,0.0,0.0,0.0,0.0,0.0,0.0,0.0,0.0,0.0,0.01625742805803467,0.057892544214663305,0.026132288072231828,0.0,0.0,0.0,0.0,0.0,0.0,0.0,0.0,0.0,0.0,0.0,0.11505768030643118,0.0916087466596122,0.0747897289542245,0.0,0.0,0.0,0.0,0.0,0.0,0.0293126924065983,0.0,0.0,0.01625742805803467,0.11505768030643118,0.0,0.49527747283076035,0.24636599267464998,0.029303087324579397,0.0,0.0,0.0,0.0,0.0818394365857544,0.008407635108272984,0.018020829204777863,0.0016114866327113786,0.057892544214663305,0.0916087466596122,0.49527747283076035,0.0,0.18852211265913277,0.0,0.0,0.0,0.0,0.0,0.04846614571641952,0.04963164544790214,0.0,0.03849449769616666,0.026132288072231828,0.0747897289542245,0.24636599267464998,0.18852211265913277,0.0,0.019132082816191463,0.0,0.0,0.0,0.0,0.0,0.0,0.0,0.0,0.0,0.0,0.029303087324579397,0.0,0.019132082816191463,0.0
81.0,0.0,0.03964129337071307,0.004934722875721246,0.0,0.0,0.0,0.0,0.0,0.0,0.0,0.0,0.0,0.0,0.0,0.03964129337071307,0.0,0.17144654290984282,0.12206814331708829,0.08661003896111302,0.0,0.0,0.0035935688154728196,0.0,0.0,0.0,0.0,0.0,0.0,0.004934722875721246,0.17144654290984282,0.0,0.029826065407922146,0.0,0.0,0.0,0.0,0.013061496479097438,0.0,0.0,0.0,0.0,0.0,0.0,0.12206814331708829,0.029826065407922146,0.0,0.0,0.0,0.0,0.0,0.0,0.0,0.0,0.0,0.0,0.0,0.0,0.08661003896111302,0.0,0.0,0.0,0.0,0.0,0.0,0.0,0.0,0.0,0.0,0.0,0.0,0.0,0.0,0.0,0.0,0.0,0.0,0.0,0.0,0.0,0.0,0.0,0.1145939662504795,0.0,0.0,0.0,0.0,0.0,0.0,0.0,0.0,0.0,0.0,0.0,0.0,0.0,0.0,0.0,0.0,0.0,0.0035935688154728196,0.0,0.0,0.0,0.0,0.0,0.0,0.0,0.0,0.0,0.06341025857226747,0.0,0.0,0.0,0.0,0.013061496479097438,0.0,0.0,0.0,0.0,0.0,0.0,0.0,0.0,0.12117783896881049,0.035255077170777194,0.0,0.0,0.0,0.0,0.0,0.0,0.0,0.0,0.0,0.0,0.0,0.035270291041148594,0.01717292461871733,0.06785834850643498,0.0,0.0,0.0,0.0,0.0,0.0,0.0,0.0,0.0,0.0,0.035270291041148594,0.0,0.1842774257842602,0.12849021552980103,0.0,0.0,0.0,0.0,0.0,0.0,0.1145939662504795,0.0,0.06341025857226747,0.12117783896881049,0.01717292461871733,0.1842774257842602,0.0,0.30454872366845875,0.021761777833094426,0.0,0.0,0.0,0.0,0.0,0.0,0.0,0.0,0.035255077170777194,0.06785834850643498,0.12849021552980103,0.30454872366845875,0.0,0.00010480128432566486,0.0,0.0,0.0,0.0,0.0,0.0,0.0,0.0,0.0,0.0,0.0,0.021761777833094426,0.00010480128432566486,0.0
82.0,0.0,0.11214835301483575,0.03364683018760141,0.017377105461983806,0.00477855308118467,0.0,0.0,0.0,0.0,0.0,0.0,0.0,0.0,0.0,0.11214835301483575,0.0,0.33790272083694356,0.15682762161126307,0.029653383916499236,0.0039030562797911714,0.0,0.0,0.0,0.0,0.0,0.0,0.0,0.0,0.03364683018760141,0.33790272083694356,0.0,0.17015941665142528,0.0,0.03535003893562344,0.0,0.029810731952551312,0.0,0.0,0.0,0.0,0.0,0.0,0.017377105461983806,0.15682762161126307,0.17015941665142528,0.0,0.012813471042527697,0.0,0.0,0.0032677367951318183,0.0,0.0,0.0,0.0,0.0,0.0,0.00477855308118467,0.029653383916499236,0.0,0.012813471042527697,0.0,0.005041861261628679,0.0,0.0035969486112607148,0.009531992789162242,0.0,0.0,0.0,0.0026624502987691173,0.0,0.0,0.0039030562797911714,0.03535003893562344,0.0,0.005041861261628679,0.0,0.0,0.0,0.0,0.0,0.0,0.0,0.0,0.0,0.0,0.0,0.0,0.0,0.0,0.0,0.0,0.0,0.0,0.0,0.03368313261193748,0.0,0.03572369072520962,0.0,0.0,0.0,0.029810731952551312,0.0032677367951318183,0.0035969486112607148,0.0,0.0,0.0,0.0,0.0,0.0,0.004650326396682537,0.001742985156571751,0.0,0.0,0.0,0.0,0.0,0.009531992789162242,0.0,0.0,0.0,0.0,0.0,0.0,0.017352973017754132,0.019712507236398197,0.0,0.0,0.0,0.0,0.0,0.0,0.0,0.0,0.0,0.0,0.0,0.19410275376858924,0.16455718032080938,0.1123724687089333,0.0005887291320834341,0.0,0.0,0.0,0.0,0.0,0.0,0.03368313261193748,0.0,0.0,0.19410275376858924,0.0,0.5009527795879609,0.22328192169655112,0.025358565851085466,0.0,0.0,0.0,0.0,0.0,0.0,0.0,0.004650326396682537,0.017352973017754132,0.16455718032080938,0.5009527795879609,0.0,0.205648433147339,0.01817348251029772,0.0,0.0,0.0,0.0,0.0026624502987691173,0.0,0.03572369072520962,0.001742985156571751,0.019712507236398197,0.1123724687089333,0.22328192169655112,0.205648433147339,0.0,0.02836354966569874,0.0,0.0,0.0,0.0,0.0,0.0,0.0,0.0,0.0,0.0005887291320834341,0.025358565851085466,0.01817348251029772,0.02836354966569874,0.0
83.0,0.0,0.24493441095883903,0.0,0.022642594140138448,0.0,0.0,0.0,0.0,0.0,0.0,0.0,0.0,0.0,0.0,0.24493441095883903,0.0,0.0936605436649764,0.10788090899321061,0.074870943538446,0.09974997783843917,0.0,0.0,0.0,0.0,0.0,0.0,0.0,0.0,0.0,0.0936605436649764,0.0,0.02289495308214146,0.0,0.0,0.0,0.0,0.0,0.0,0.0,0.0,0.0,0.0,0.022642594140138448,0.10788090899321061,0.02289495308214146,0.0,0.0,0.0,0.0,0.0,0.0,0.0,0.0,0.0,0.0,0.0,0.0,0.074870943538446,0.0,0.0,0.0,0.0005898568981969436,0.0,0.0,0.0,0.0,0.007564321617358476,0.0,0.01695532202571548,0.0,0.0,0.09974997783843917,0.0,0.0,0.0005898568981969436,0.0,0.0,0.0,0.0,0.0,0.0,0.0,0.019539152469313575,0.0,0.0,0.0,0.0,0.0,0.0,0.0,0.0,0.0,0.0,0.041220958192491525,0.09172570394734463,0.14935788136801667,0.0,0.0,0.0,0.0,0.0,0.0,0.0,0.0,0.0,0.0,0.0,0.0,0.0,0.04778252604309022,0.0,0.0,0.0,0.0,0.0,0.0,0.0,0.0,0.0,0.0,0.0,0.03280164591321755,0.04819196946117943,0.07950271207958043,0.0,0.0,0.0,0.0,0.0,0.0,0.0,0.0,0.041220958192491525,0.0,0.03280164591321755,0.0,0.19530991971270378,0.25274751435477766,0.039049927490091035,0.0,0.0,0.0,0.0,0.0,0.007564321617358476,0.0,0.09172570394734463,0.0,0.04819196946117943,0.19530991971270378,0.0,0.48283158578641433,0.15265860753332652,0.0,0.0,0.0,0.0,0.0,0.0,0.0,0.14935788136801667,0.04778252604309022,0.07950271207958043,0.25274751435477766,0.48283158578641433,0.0,0.19803398009004794,0.0,0.0,0.0,0.0,0.0,0.01695532202571548,0.019539152469313575,0.0,0.0,0.0,0.039049927490091035,0.15265860753332652,0.19803398009004794,0.0,0.0,0.0,0.0,0.0,0.0,0.0,0.0,0.0,0.0,0.0,0.0,0.0,0.0,0.0,0.0
84.0,0.0,0.21939698373810157,0.18419791419949827,0.002972995035016076,0.0,0.0,0.0,0.0,0.0,0.0,0.0,0.0,0.0,0.0,0.21939698373810157,0.0,0.46250257136229617,0.0215923731506939,0.0,0.0,0.0,0.0,0.0,0.0,0.0,0.0,0.0,0.0,0.18419791419949827,0.46250257136229617,0.0,0.1057660348187404,0.0,0.0,0.0,0.008474086795265744,0.03230117900987549,0.0,0.0,0.0,0.0,0.0,0.002972995035016076,0.0215923731506939,0.1057660348187404,0.0,0.0,0.0,0.0,0.0,0.0,0.0,0.0,0.0,0.0,0.0,0.0,0.0,0.0,0.0,0.0,0.0,0.0,0.0,0.0,0.0,0.0,0.0,0.05379939250364475,0.0,0.0,0.0,0.0,0.0,0.0,0.0,0.0,0.0,0.0,0.0,0.055204431661351375,0.2310497974681363,0.029627377639793465,0.0,0.0,0.0,0.0,0.0,0.0,0.0,0.0,0.0,0.0,0.0,0.031131146075869854,0.14106249770941315,0.07045665774863882,0.0,0.0,0.0,0.008474086795265744,0.0,0.0,0.0,0.0,0.0,0.0,0.0,0.0,0.08200408207172798,0.03857825570803211,0.0,0.0,0.0,0.03230117900987549,0.0,0.0,0.0,0.0,0.0,0.0,0.0,0.0,0.033615860018575125,0.03467545181874114,0.0,0.0,0.0,0.0,0.0,0.0,0.0,0.0,0.0,0.0,0.0,0.0,0.03493029381402822,0.05382265383195292,0.0,0.0,0.0,0.0,0.0,0.0,0.055204431661351375,0.031131146075869854,0.0,0.0,0.0,0.0,0.32410568711554916,0.1248153764139994,0.0,0.0,0.0,0.0,0.0,0.0,0.2310497974681363,0.14106249770941315,0.08200408207172798,0.033615860018575125,0.03493029381402822,0.32410568711554916,0.0,0.2953505155957839,0.009117473520034232,0.0,0.0,0.0,0.0,0.05379939250364475,0.029627377639793465,0.07045665774863882,0.03857825570803211,0.03467545181874114,0.05382265383195292,0.1248153764139994,0.2953505155957839,0.0,0.034147114823858675,0.0,0.0,0.0,0.0,0.0,0.0,0.0,0.0,0.0,0.0,0.0,0.009117473520034232,0.034147114823858675,0.0
85.0,0.0,0.3392421254639028,0.0,0.04802134239734265,0.0,0.0,0.0,0.0,0.0,0.0,0.0,0.0,0.0,0.0,0.3392421254639028,0.0,0.06392898895935732,0.20275096622279792,0.0,0.0,0.0058954538213416875,0.0,0.026740105435210562,0.0,0.0,0.0,0.0,0.0,0.0,0.06392898895935732,0.0,0.048549961030266126,0.0,0.0,0.0,0.0,0.0,0.0,0.0,0.0,0.0,0.0,0.04802134239734265,0.20275096622279792,0.048549961030266126,0.0,0.0,0.0,0.0,0.0,0.0,0.0,0.0,0.0,0.0,0.0,0.0,0.0,0.0,0.0,0.0,0.0,0.0,0.02661854931856801,0.0,0.0,0.0,0.11649096362297329,0.0,0.0,0.0,0.0,0.0,0.0,0.0,0.0,0.0,0.0,0.0,0.0,0.06537784430433116,0.23957120465289233,0.029283350733234025,0.0,0.0,0.0058954538213416875,0.0,0.0,0.0,0.0,0.0,0.0,0.0,0.0,0.0,0.0014354258009887273,0.0,0.0,0.0,0.0,0.0,0.0,0.02661854931856801,0.0,0.0,0.0,0.0,0.0,0.02220632678527027,0.1381543895888992,0.00017752333525615505,0.0,0.0,0.026740105435210562,0.0,0.0,0.0,0.0,0.0,0.0,0.0,0.0,0.0,0.024418883950947823,0.0,0.0,0.0,0.0,0.0,0.0,0.0,0.0,0.0,0.0,0.0,0.0,0.09725067872974671,0.13494602219345364,0.048224518601717385,0.0,0.0,0.0,0.0,0.0,0.0,0.06537784430433116,0.0,0.02220632678527027,0.0,0.09725067872974671,0.0,0.4295192011197686,0.16549003113067104,0.0,0.0,0.0,0.0,0.0,0.11649096362297329,0.23957120465289233,0.0014354258009887273,0.1381543895888992,0.024418883950947823,0.13494602219345364,0.4295192011197686,0.0,0.21778670247488374,0.0,0.0,0.0,0.0,0.0,0.0,0.029283350733234025,0.0,0.00017752333525615505,0.0,0.048224518601717385,0.16549003113067104,0.21778670247488374,0.0,0.0,0.0,0.0,0.0,0.0,0.0,0.0,0.0,0.0,0.0,0.0,0.0,0.0,0.0,0.0
86.0,0.0,0.241055050631302,0.12711590535986597,0.07300303720848922,0.008243667233103987,0.0,0.0,0.0,0.0,0.0,0.0,0.0,0.0,0.0,0.241055050631302,0.0,0.3433273862361109,0.19874093536922605,0.0,0.0,0.04238893795914642,0.0,0.0,0.0,0.0,0.0,0.0,0.0,0.12711590535986597,0.3433273862361109,0.0,0.18222418587910924,0.0,0.0,0.04222402613857609,0.0,0.0,0.0,0.0,0.0,0.0,0.0,0.07300303720848922,0.19874093536922605,0.18222418587910924,0.0,0.0,0.0,0.0,0.0,0.0,0.0,0.0,0.0,0.0,0.0,0.008243667233103987,0.0,0.0,0.0,0.0,0.0,0.0,0.0,0.0,0.0,0.0,0.0,0.07376988841853019,0.0,0.0,0.0,0.0,0.0,0.0,0.0,0.0,0.0,0.0,0.019955950287605603,0.13305700803956594,0.07878082218204163,0.08737842699118259,0.0,0.0,0.04238893795914642,0.04222402613857609,0.0,0.0,0.0,0.0,0.0,0.0,0.0,0.0,0.0,0.0,0.0,0.0,0.0,0.0,0.0,0.0,0.0,0.0,0.0,0.0,0.0,0.03126231348970051,0.12551395234692578,0.030487436443611085,0.0,0.0,0.0,0.0,0.0,0.0,0.0,0.0,0.0,0.0,0.03417670618469171,0.0907914709371722,0.14834425251817346,0.03835627815201452,0.0,0.0,0.0,0.0,0.0,0.0,0.019955950287605603,0.0,0.0,0.03417670618469171,0.0,0.14592629964701312,0.16507250189599257,0.08709154556470844,0.0,0.0,0.0,0.0,0.0,0.0,0.13305700803956594,0.0,0.03126231348970051,0.0907914709371722,0.14592629964701312,0.0,0.4516108397512961,0.20034983200823753,0.0,0.0,0.0,0.0,0.0,0.0,0.07878082218204163,0.0,0.12551395234692578,0.14834425251817346,0.16507250189599257,0.4516108397512961,0.0,0.23572168239268151,0.0,0.0,0.0,0.0,0.0,0.07376988841853019,0.08737842699118259,0.0,0.030487436443611085,0.03835627815201452,0.08709154556470844,0.20034983200823753,0.23572168239268151,0.0,0.009406242015925959,0.0,0.0,0.0,0.0,0.0,0.0,0.0,0.0,0.0,0.0,0.0,0.0,0.009406242015925959,0.0
87.0,0.0,0.24703841490093298,0.05881687461173412,0.003005826807267343,0.0,0.0,0.007453224834803346,0.0,0.0,0.0,0.0,0.0,0.0,0.0,0.24703841490093298,0.0,0.26138594588201564,0.047076480633351195,0.0,0.035942862896202216,0.04933826402420609,0.0023101545827518416,0.0,0.0,0.0,0.0,0.0,0.0,0.05881687461173412,0.26138594588201564,0.0,0.07205181801427958,0.0,0.0,0.0,0.0,0.0,0.0,0.0,0.0,0.0,0.0,0.003005826807267343,0.047076480633351195,0.07205181801427958,0.0,0.0,0.0,0.0,0.0,0.0,0.0,0.0,0.0,0.0,0.0,0.0,0.0,0.0,0.0,0.0,0.0,0.0,0.0,0.0,0.0,0.0,0.10217580544253317,0.032378992280701666,0.0,0.0,0.035942862896202216,0.0,0.0,0.0,0.0,0.0,0.0,0.0,0.0,0.0,0.0073910350680114895,0.0,0.0,0.007453224834803346,0.04933826402420609,0.0,0.0,0.0,0.0,0.0,0.0,0.0,0.0,0.0,0.0,0.014161342994329841,0.0,0.0,0.0023101545827518416,0.0,0.0,0.0,0.0,0.0,0.0,0.0,0.0008606328338220774,0.01011354979709455,0.048127449918488795,0.0569230247451,0.0,0.0,0.0,0.0,0.0,0.0,0.0,0.0,0.0,0.0,0.04673602777668996,0.06353586598175032,0.17990283382098013,0.06074642478318848,0.0,0.0,0.0,0.0,0.0,0.0,0.0,0.0,0.0008606328338220774,0.04673602777668996,0.0,0.15003456121226766,0.2537031975961568,0.07590906126601185,0.0,0.0,0.0,0.0,0.0,0.0,0.0,0.0,0.01011354979709455,0.06353586598175032,0.15003456121226766,0.0,0.43733802223036367,0.10322765476266678,0.0,0.0,0.0,0.0,0.0,0.10217580544253317,0.0073910350680114895,0.0,0.048127449918488795,0.17990283382098013,0.2537031975961568,0.43733802223036367,0.0,0.19616140565119347,0.0,0.0,0.0,0.0,0.0,0.032378992280701666,0.0,0.014161342994329841,0.0569230247451,0.06074642478318848,0.07590906126601185,0.10322765476266678,0.19616140565119347,0.0,0.0,0.0,0.0,0.0,0.0,0.0,0.0,0.0,0.0,0.0,0.0,0.0,0.0,0.0,0.0
88.0,0.0,0.15015878125286403,0.06589295687198579,0.03662848985765951,0.0,0.0,0.0,0.0,0.0,0.0,0.0,0.0,0.0,0.0,0.15015878125286403,0.0,0.3501197301122572,0.22842659388569483,0.0,0.014333185365539777,0.006095956796826653,0.0,0.0,0.0,0.0,0.0,0.0,0.0,0.06589295687198579,0.3501197301122572,0.0,0.18343226832425366,0.0,0.0,0.0,0.05885703020069041,0.0,0.0,0.0,0.0,0.0,0.0,0.03662848985765951,0.22842659388569483,0.18343226832425366,0.0,0.0,0.0,0.0,0.0,0.0,0.0,0.0,0.0,0.0,0.0,0.0,0.0,0.0,0.0,0.0,0.0,0.0,0.0,0.0,0.0,0.0,0.0,0.0,0.0,0.0,0.014333185365539777,0.0,0.0,0.0,0.0,0.0,0.0,0.0,0.0,0.0,0.1313869984951267,0.0,0.0,0.0,0.006095956796826653,0.0,0.0,0.0,0.0,0.0,0.0,0.0,0.0,0.0,0.033027031957966205,0.019625122015225392,0.0,0.0,0.0,0.05885703020069041,0.0,0.0,0.0,0.0,0.0,0.0,0.0,0.0,0.039327576494898354,0.046846139957097244,0.0,0.0,0.0,0.0,0.0,0.0,0.0,0.0,0.0,0.0,0.0,0.0,0.17425294655103363,0.07903941344618795,0.0,0.0,0.0,0.0,0.0,0.0,0.0,0.0,0.0,0.0,0.0,0.0,0.01619805733762619,0.023343975479540934,0.0,0.0,0.0,0.0,0.0,0.0,0.0,0.0,0.0,0.0,0.0,0.0,0.3707633097439714,0.14293212332626995,0.0015099413379217035,0.0,0.0,0.0,0.0,0.0,0.1313869984951267,0.033027031957966205,0.039327576494898354,0.17425294655103363,0.01619805733762619,0.3707633097439714,0.0,0.3703423029642131,0.02683005468218382,0.0,0.0,0.0,0.0,0.0,0.0,0.019625122015225392,0.046846139957097244,0.07903941344618795,0.023343975479540934,0.14293212332626995,0.3703423029642131,0.0,0.02938242795364506,0.0,0.0,0.0,0.0,0.0,0.0,0.0,0.0,0.0,0.0,0.0015099413379217035,0.02683005468218382,0.02938242795364506,0.0
89.0,0.0,0.08135557490559389,0.06119426663830712,0.007351829292109036,0.0,0.0,0.0,0.0,0.0,0.0,0.0,0.0,0.0,0.0,0.08135557490559389,0.0,0.35582648298934616,0.04368352293132312,0.0,0.02595786165578106,0.10693890453017259,0.011380722243594793,0.0,0.0,0.0,0.0,0.0,0.0,0.06119426663830712,0.35582648298934616,0.0,0.08885800799760565,0.0,0.0,0.0,0.0,0.0,0.0,0.0,0.0,0.0,0.0,0.007351829292109036,0.04368352293132312,0.08885800799760565,0.0,0.0,0.0,0.0,0.0,0.0,0.0,0.0,0.0,0.0,0.0,0.0,0.0,0.0,0.0,0.0,0.0,0.0,0.0,0.0,0.0,0.0,0.08721271296390734,0.0,0.0,0.0,0.02595786165578106,0.0,0.0,0.0,0.0,0.0,0.0,0.0,0.0,0.0,0.020903020820688872,0.0,0.0,0.0,0.10693890453017259,0.0,0.0,0.0,0.0,0.0,0.0,0.0,0.0,0.0,0.0,0.05388726945273413,0.0,0.0,0.011380722243594793,0.0,0.0,0.0,0.0,0.0,0.0,0.0,0.0,0.016837419326076318,0.041671266316732944,0.03368962830372075,0.0,0.0,0.0,0.0,0.0,0.0,0.0,0.0,0.0,0.0,0.0,0.0,0.10216453061722025,0.03332885784780839,0.0,0.0,0.0,0.0,0.0,0.0,0.0,0.0,0.0,0.0,0.0,0.12389403723679437,0.21677029299376702,0.021341005315397347,0.0,0.0,0.0,0.0,0.0,0.0,0.0,0.0,0.016837419326076318,0.0,0.12389403723679437,0.0,0.4673323710493923,0.08619586410646528,0.0022585542323469605,0.0,0.0,0.0,0.0,0.08721271296390734,0.020903020820688872,0.0,0.041671266316732944,0.10216453061722025,0.21677029299376702,0.4673323710493923,0.0,0.22051601493631812,0.009505099358660039,0.0,0.0,0.0,0.0,0.0,0.0,0.05388726945273413,0.03368962830372075,0.03332885784780839,0.021341005315397347,0.08619586410646528,0.22051601493631812,0.0,0.0,0.0,0.0,0.0,0.0,0.0,0.0,0.0,0.0,0.0,0.0,0.0022585542323469605,0.009505099358660039,0.0,0.0
90.0,0.0,0.1099178209781808,0.0,0.0,0.0,0.0,0.0,0.0,0.0,0.0,0.0,0.0,0.0,0.0,0.1099178209781808,0.0,0.34495216114412386,0.158111841579178,0.008413831241130057,0.0,0.0,0.07472449822745467,0.08357897612649665,0.0,0.0,0.0,0.0,0.0,0.0,0.34495216114412386,0.0,0.1115039128113276,0.0,0.0,0.002551163132848394,0.00553891905825115,0.0,0.0,0.0,0.0,0.0,0.0,0.0,0.158111841579178,0.1115039128113276,0.0,0.0,0.0,0.0,0.0,0.0,0.0,0.0,0.0,0.0,0.0,0.0,0.008413831241130057,0.0,0.0,0.0,0.0,0.0,0.0,0.0,0.0,0.0,0.0,0.04014256334485462,0.0,0.0,0.0,0.0,0.0,0.0,0.0,0.0,0.0,0.0,0.0,0.0,0.0,0.03054157374395122,0.0,0.0,0.0,0.002551163132848394,0.0,0.0,0.0,0.0,0.0,0.0,0.0,0.04070435779570705,0.0,0.10062260771083306,0.0024176951182199435,0.0,0.07472449822745467,0.00553891905825115,0.0,0.0,0.0,0.0,0.0,0.0,0.0,0.0,0.0,0.0,0.0,0.0,0.08357897612649665,0.0,0.0,0.0,0.0,0.0,0.0,0.0,0.005848728989034193,0.0,0.02517036493376724,0.0,0.0,0.0,0.0,0.0,0.0,0.0,0.0,0.0,0.0,0.005848728989034193,0.0,0.22941122414132745,0.15362837323912298,0.1264304869478919,0.00314375708425565,0.0,0.0,0.0,0.0,0.0,0.0,0.04070435779570705,0.0,0.0,0.22941122414132745,0.0,0.47981999378891743,0.34698880846762575,0.044514229931512474,0.0,0.0,0.0,0.0,0.0,0.0,0.0,0.0,0.02517036493376724,0.15362837323912298,0.47981999378891743,0.0,0.1554309130277213,0.0,0.0,0.0,0.0,0.0,0.04014256334485462,0.03054157374395122,0.10062260771083306,0.0,0.0,0.1264304869478919,0.34698880846762575,0.1554309130277213,0.0,0.041414861542613673,0.0,0.0,0.0,0.0,0.0,0.0,0.0024176951182199435,0.0,0.0,0.00314375708425565,0.044514229931512474,0.0,0.041414861542613673,0.0
91.0,0.0,0.1604199382629935,0.0,0.0,0.0,0.0,0.0,0.0,0.0,0.0,0.0,0.0,0.0,0.0,0.1604199382629935,0.0,0.3674594062804637,0.11523025144234951,0.0,0.0,0.0,0.09461224048437716,0.0,0.0,0.0,0.0,0.0,0.0,0.0,0.3674594062804637,0.0,0.12862008787539236,0.0,0.0,0.0,0.014979356161434969,0.0,0.0,0.0,0.0,0.0,0.0,0.0,0.11523025144234951,0.12862008787539236,0.0,0.0,0.0,0.0,0.004528955616333992,0.0,0.0,0.0,0.0,0.0,0.0,0.0,0.0,0.0,0.0,0.0,0.0,0.0,0.0,0.0,0.0,0.0,0.040179403228021854,0.0,0.0,0.0,0.0,0.0,0.0,0.0,0.0,0.0,0.0,0.0,0.0,0.0,0.13266726911185664,0.0,0.0,0.0,0.0,0.0,0.0,0.0,0.0,0.0,0.0,0.0,0.01475836761994879,0.0,0.04859606174038193,0.02217710240324082,0.0,0.0,0.09461224048437716,0.014979356161434969,0.004528955616333992,0.0,0.0,0.0,0.0,0.0,0.0,0.0,0.0,0.0,0.0,0.0,0.0,0.0,0.0,0.0,0.0,0.0,0.0,0.0,0.0,0.0,0.11213494697305332,0.0,0.0,0.0,0.0,0.0,0.0,0.0,0.0,0.01475836761994879,0.0,0.0,0.0,0.06947391349602557,0.268702045476697,0.06967161837065061,0.0,0.0,0.0,0.0,0.0,0.0,0.0,0.0,0.0,0.0,0.06947391349602557,0.0,0.30856118676529626,0.09161016895253857,0.0,0.0,0.0,0.0,0.0,0.040179403228021854,0.13266726911185664,0.04859606174038193,0.0,0.11213494697305332,0.268702045476697,0.30856118676529626,0.0,0.16606374601459814,0.0,0.0,0.0,0.0,0.0,0.0,0.0,0.02217710240324082,0.0,0.0,0.06967161837065061,0.09161016895253857,0.16606374601459814,0.0,0.0,0.0,0.0,0.0,0.0,0.0,0.0,0.0,0.0,0.0,0.0,0.0,0.0,0.0,0.0
92.0,0.0,0.186996490939528,0.059843985771253765,0.020334512871493748,0.0,0.0,0.0,0.0,0.0,0.0,0.0,0.0,0.0,0.0,0.186996490939528,0.0,0.2385728392793647,0.1903596561258998,0.0,0.0,0.11282989885547014,0.0,0.0,0.0,0.0,0.0,0.0,0.0,0.059843985771253765,0.2385728392793647,0.0,0.14143669433300968,0.0,0.0,0.024434837036625776,0.0,0.006751321430092647,0.0,0.0,0.0,0.0,0.0,0.020334512871493748,0.1903596561258998,0.14143669433300968,0.0,0.0,0.0,0.0,0.0,0.0,0.0,0.0,0.0,0.0,0.0,0.0,0.0,0.0,0.0,0.0,0.0,0.0,0.0,0.0,0.0,0.0,0.0,0.0,0.0,0.0,0.0,0.0,0.0,0.0,0.0,0.0,0.0,0.0,0.0,0.026654833211469532,0.08544007142730667,0.023223531446147784,0.0,0.0,0.11282989885547014,0.024434837036625776,0.0,0.0,0.0,0.0,0.0,0.0,0.0,0.0,0.0,0.0,0.0,0.0,0.0,0.0,0.0,0.0,0.0,0.0,0.0,0.0,0.0,0.0,0.10475578611233399,0.017747324566506642,0.0,0.0,0.0,0.006751321430092647,0.0,0.0,0.0,0.0,0.0,0.0,0.00022713284390981064,0.0,0.03156568885897046,0.0530618776661367,0.0,0.0,0.0,0.0,0.0,0.0,0.0,0.0,0.0,0.00022713284390981064,0.0,0.04225354482984817,0.15196497916422572,0.13288119561157982,0.005219243161595853,0.0,0.0,0.0,0.0,0.0,0.026654833211469532,0.0,0.0,0.0,0.04225354482984817,0.0,0.3403013908882985,0.10265759552857791,0.0,0.0,0.0,0.0,0.0,0.0,0.08544007142730667,0.0,0.10475578611233399,0.03156568885897046,0.15196497916422572,0.3403013908882985,0.0,0.4069475429516758,0.032219842433241414,0.0,0.0,0.0,0.0,0.0,0.023223531446147784,0.0,0.017747324566506642,0.0530618776661367,0.13288119561157982,0.10265759552857791,0.4069475429516758,0.0,0.05317529396451181,0.0,0.0,0.0,0.0,0.0,0.0,0.0,0.0,0.0,0.005219243161595853,0.0,0.032219842433241414,0.05317529396451181,0.0
93.0,0.0,0.24953387090530238,0.09861550982514837,0.0,0.0,0.013279209678938935,0.0,0.0,0.0,0.0,0.0,0.0,0.0,0.0,0.24953387090530238,0.0,0.4837071207725965,0.018984862771346433,0.0,0.0,0.0,0.0,0.0,0.0,0.0,0.0,0.0,0.0,0.09861550982514837,0.4837071207725965,0.0,0.11503715703552705,0.0,0.0,0.0,0.0,0.0,0.0,0.0,0.0,0.0,0.0,0.0,0.018984862771346433,0.11503715703552705,0.0,0.0,0.0,0.0,0.0,0.0,0.0,0.0,0.0,0.0,0.0,0.0,0.0,0.0,0.0,0.0,0.0,0.0,0.0,0.0,0.0,0.0,0.019054767935086522,0.00011846257746879474,0.0,0.013279209678938935,0.0,0.0,0.0,0.0,0.0,0.0,0.0,0.0,0.0,0.06407760073512478,0.001547498627367555,0.03360256591943272,0.0,0.0,0.0,0.0,0.0,0.0,0.0,0.0,0.0,0.0,0.0,0.01657407937074378,0.0,0.0,0.0,0.0,0.0,0.0,0.0,0.0,0.0,0.0,0.0,0.0,0.0,0.12585065162245698,0.14098186783760794,0.022000728157633515,0.0,0.0,0.0,0.0,0.0,0.0,0.0,0.0,0.0,0.0,0.0,0.09304525469573473,0.13550475592370018,0.04656557254378506,0.0,0.0,0.0,0.0,0.0,0.0,0.0,0.0,0.0,0.0,0.0,0.149392524402864,0.14819548460854035,0.020665367316692045,0.0,0.0,0.0,0.0,0.0,0.0,0.06407760073512478,0.01657407937074378,0.12585065162245698,0.09304525469573473,0.149392524402864,0.0,0.5365853978093954,0.08532386067947448,0.0,0.0,0.0,0.0,0.0,0.019054767935086522,0.001547498627367555,0.0,0.14098186783760794,0.13550475592370018,0.14819548460854035,0.5365853978093954,0.0,0.14750306240010475,0.0,0.0,0.0,0.0,0.0,0.00011846257746879474,0.03360256591943272,0.0,0.022000728157633515,0.04656557254378506,0.020665367316692045,0.08532386067947448,0.14750306240010475,0.0,0.0,0.0,0.0,0.0,0.0,0.0,0.0,0.0,0.0,0.0,0.0,0.0,0.0,0.0,0.0
94.0,0.0,0.28743785391451687,0.11184285250753634,0.04608348838816901,0.03492043632393967,0.0,0.0,0.0,0.0,0.0,0.0,0.0,0.0,0.0,0.28743785391451687,0.0,0.2623351545643646,0.2358748312907992,0.123261786941959,0.0,0.0,0.0,0.0,0.0,0.0,0.0,0.0,0.0,0.11184285250753634,0.2623351545643646,0.0,0.0461020862796266,0.0,0.0,0.0,0.0,0.0,0.0,0.0,0.0,0.0,0.0,0.04608348838816901,0.2358748312907992,0.0461020862796266,0.0,0.0,0.0,0.0,0.0,0.0,0.0,0.0,0.0,0.0,0.0,0.03492043632393967,0.123261786941959,0.0,0.0,0.0,0.0,0.0,0.0,0.0,0.0,0.0,0.0,0.0,0.0,0.0,0.0,0.0,0.0,0.0,0.0,0.0,0.0,0.0,0.037763469547707554,0.0,0.08953036780900112,0.053659774105322314,0.0,0.0,0.0,0.0,0.0,0.0,0.0,0.0,0.0,0.0,0.015221256444829023,0.019912441506576655,0.024334886873573845,0.055702074296348096,0.0,0.0,0.0,0.0,0.0,0.0,0.0,0.0,0.0,0.0,0.035531793703766544,0.02774729851521492,0.10248373350840909,0.06527326370239925,0.0,0.0,0.0,0.0,0.0,0.0,0.0,0.0,0.0,0.0,0.08640852955646722,0.03479677352583252,0.15885409676192702,0.1137274185907643,0.0,0.0,0.0,0.0,0.0,0.0,0.037763469547707554,0.015221256444829023,0.035531793703766544,0.08640852955646722,0.0,0.17835426885583325,0.26878652857286883,0.2517109128989799,0.009242203672870507,0.0,0.0,0.0,0.0,0.0,0.0,0.019912441506576655,0.02774729851521492,0.03479677352583252,0.17835426885583325,0.0,0.28864649266153053,0.2400343893496389,0.008726529515700908,0.0,0.0,0.0,0.0,0.0,0.08953036780900112,0.024334886873573845,0.10248373350840909,0.15885409676192702,0.26878652857286883,0.28864649266153053,0.0,0.2768872800202336,0.0,0.0,0.0,0.0,0.0,0.0,0.053659774105322314,0.055702074296348096,0.06527326370239925,0.1137274185907643,0.2517109128989799,0.2400343893496389,0.2768872800202336,0.0,0.029791334917417586,0.0,0.0,0.0,0.0,0.0,0.0,0.0,0.0,0.0,0.009242203672870507,0.008726529515700908,0.0,0.029791334917417586,0.0
95.0,0.0,0.23995480581036957,0.13596730452697953,0.09908198699855046,0.030277741850896253,0.0,0.0,0.0,0.0,0.0,0.0,0.0,0.0,0.0,0.23995480581036957,0.0,0.43177925145806256,0.22168473863859653,0.07540314372092088,0.0,0.0,0.0,0.0,0.0,0.0,0.0,0.0,0.0,0.13596730452697953,0.43177925145806256,0.0,0.22491514723192801,0.0,0.0,0.0,0.0,0.0,0.0,0.0,0.0,0.0,0.0,0.09908198699855046,0.22168473863859653,0.22491514723192801,0.0,0.020999115623512605,0.0,0.0,0.0,0.0,0.0,0.0,0.0,0.0,0.0,0.030277741850896253,0.07540314372092088,0.0,0.020999115623512605,0.0,0.0,0.0,0.0,0.0,0.0,0.0,0.0,0.0,0.0,0.0,0.0,0.0,0.0,0.0,0.0,0.0,0.0,0.0,0.0,0.0,0.06005593865053214,0.0,0.0,0.0,0.0,0.0,0.0,0.0,0.0,0.0,0.0,0.0,0.0,0.0,0.06614299265283867,0.0,0.0,0.0,0.0,0.0,0.0,0.0,0.0,0.0,0.0,0.0,0.0,0.023363677480335424,0.10404022380121378,0.0,0.0,0.0,0.0,0.0,0.0,0.0,0.0,0.0,0.0,0.0,0.0,0.04041290042210278,0.26428076803465483,0.0,0.0,0.0,0.0,0.0,0.0,0.0,0.0,0.0,0.0,0.0,0.0,0.0,0.06327765199600441,0.033496580651609945,0.0,0.0,0.0,0.0,0.0,0.0,0.0,0.0,0.023363677480335424,0.04041290042210278,0.0,0.0,0.47848079022602075,0.12416212493907508,0.0,0.0,0.0,0.0,0.0,0.0,0.06005593865053214,0.06614299265283867,0.10404022380121378,0.26428076803465483,0.06327765199600441,0.47848079022602075,0.0,0.09760339158132653,0.0,0.0,0.0,0.0,0.0,0.0,0.0,0.0,0.0,0.0,0.033496580651609945,0.12416212493907508,0.09760339158132653,0.0,0.010307897637264411,0.0,0.0,0.0,0.0,0.0,0.0,0.0,0.0,0.0,0.0,0.0,0.0,0.010307897637264411,0.0
96.0,0.0,0.30422492285314434,0.051495101223695425,0.0,0.014958450129977516,0.0,0.0,0.0,0.0,0.0,0.0,0.0,0.0,0.0,0.30422492285314434,0.0,0.1378794575905721,0.012434753804995893,0.10701811717009,0.00497370135914324,0.0,0.0,0.0,0.0,0.0,0.0,0.0,0.0,0.051495101223695425,0.1378794575905721,0.0,0.04680961948642141,0.0,0.026225998469324663,0.0,0.0,0.0,0.0,0.0,0.0,0.0,0.0,0.0,0.012434753804995893,0.04680961948642141,0.0,0.0,0.0,0.0,0.0,0.0,0.0,0.0,0.0,0.0,0.0,0.014958450129977516,0.10701811717009,0.0,0.0,0.0,0.0,0.0,0.0,0.0,0.0,0.0,0.0,0.0,0.0,0.0,0.00497370135914324,0.026225998469324663,0.0,0.0,0.0,0.0,0.0,0.0,0.0,0.0,0.0,0.025520575749480197,0.0,0.0,0.0,0.0,0.0,0.0,0.0,0.0,0.0,0.0,0.0,0.0,0.046952253014458205,0.0,0.0,0.0,0.0,0.0,0.0,0.0,0.0,0.0,0.0,0.0,0.0,0.0,0.04894899026438936,0.07436646354639354,0.0,0.0,0.0,0.0,0.0,0.0,0.0,0.0,0.0,0.0,0.041317770456534356,0.012432744196931023,0.15266752706732645,0.12015083526834598,0.0,0.0,0.0,0.0,0.0,0.0,0.0,0.0,0.0,0.041317770456534356,0.0,0.03976811928888184,0.12530612461326016,0.15306107786376194,0.0,0.0,0.0,0.0,0.0,0.0,0.0,0.0,0.0,0.012432744196931023,0.03976811928888184,0.0,0.2196355296017163,0.11810971481178074,0.0,0.0,0.0,0.0,0.0,0.0,0.0,0.046952253014458205,0.04894899026438936,0.15266752706732645,0.12530612461326016,0.2196355296017163,0.0,0.46686713491711923,0.02808102580033,0.0,0.0,0.0,0.0,0.0,0.025520575749480197,0.0,0.07436646354639354,0.12015083526834598,0.15306107786376194,0.11810971481178074,0.46686713491711923,0.0,0.030937826662211496,0.0,0.0,0.0,0.0,0.0,0.0,0.0,0.0,0.0,0.0,0.0,0.02808102580033,0.030937826662211496,0.0
97.0,0.0,0.130582340554623,0.12574372600031364,0.03292706075999844,0.013697776169929395,0.0,0.0,0.0,0.0,0.0,0.0,0.0,0.0,0.0,0.130582340554623,0.0,0.46138144203918235,0.14106587018343195,0.10843219393475902,0.0,0.0,0.025654008418501958,0.0,0.0,0.0,0.0,0.0,0.0,0.12574372600031364,0.46138144203918235,0.0,0.19520028682102195,0.0,0.03621089852725505,0.0,0.02898472006245449,0.0,0.0,0.0,0.0,0.0,0.0,0.03292706075999844,0.14106587018343195,0.19520028682102195,0.0,0.0,0.0,0.0,0.0,0.0,0.0,0.0,0.0,0.0,0.0,0.013697776169929395,0.10843219393475902,0.0,0.0,0.0,0.0,0.0,0.0,0.0,0.0,0.0,0.0,0.01043372817486737,0.0,0.0,0.0,0.03621089852725505,0.0,0.0,0.0,0.0,0.0,0.0,0.0,0.0,0.010057228307054564,0.0,0.0,0.0,0.0,0.0,0.0,0.0,0.0,0.0,0.0,0.0,0.0,0.02144508072676203,0.02211825486116732,0.012940242516889092,0.0,0.0,0.025654008418501958,0.02898472006245449,0.0,0.0,0.0,0.0,0.0,0.0,0.0,0.0,0.0,0.0,0.0,0.0,0.0,0.0,0.0,0.0,0.0,0.0,0.0,0.0,0.0,0.0,0.0,0.0,0.0,0.0,0.0,0.0,0.0,0.0,0.0,0.0,0.0,0.0,0.0,0.2526740290216474,0.18644866430914062,0.03243217819143354,0.0,0.0,0.0,0.0,0.0,0.0,0.0,0.02144508072676203,0.0,0.0,0.2526740290216474,0.0,0.6019212656769612,0.06674860504909041,0.007515654735895369,0.0,0.0,0.0,0.0,0.0,0.010057228307054564,0.02211825486116732,0.0,0.0,0.18644866430914062,0.6019212656769612,0.0,0.0766865678130622,0.0,0.0,0.0,0.0,0.0,0.01043372817486737,0.0,0.012940242516889092,0.0,0.0,0.03243217819143354,0.06674860504909041,0.0766865678130622,0.0,0.0,0.0,0.0,0.0,0.0,0.0,0.0,0.0,0.0,0.0,0.0,0.007515654735895369,0.0,0.0,0.0
98.0,0.0,0.1305413757266811,0.0,0.02980822571118075,0.00786174641439942,0.0,0.0,0.0,0.0,0.0,0.0,0.0,0.0,0.0,0.1305413757266811,0.0,0.131131405223336,0.20965047373739587,0.1982143555445272,0.018924436032155656,0.0,0.0850709892456604,0.0,0.0,0.0,0.0,0.0,0.0,0.0,0.131131405223336,0.0,0.001725742348863489,0.0,0.0,0.0,0.0,0.0,0.0,0.0,0.0,0.0,0.0,0.02980822571118075,0.20965047373739587,0.001725742348863489,0.0,0.0,0.0,0.0,0.0,0.0,0.0,0.0,0.0,0.0,0.0,0.00786174641439942,0.1982143555445272,0.0,0.0,0.0,0.0,0.0,0.0,0.0,0.0,0.0,0.0,0.0,0.0,0.0,0.018924436032155656,0.0,0.0,0.0,0.0,0.0,0.0,0.0,0.0015604156428680564,0.0,0.017516920454815225,0.010948740952871225,0.0,0.0,0.0,0.0,0.0,0.0,0.0,0.0,0.0,0.0,0.026391031834830568,0.03506500406072813,0.046419867880302196,0.09159575642171813,0.0,0.0,0.0850709892456604,0.0,0.0,0.0,0.0,0.0,0.0,0.0,0.0,0.0,0.0,0.0,0.0,0.0,0.0,0.0,0.0,0.0,0.0,0.0,0.0,0.0,0.014232537761429801,0.0,0.07266798910802638,0.03363515179649668,0.0,0.0,0.0,0.0,0.0,0.0,0.0015604156428680564,0.026391031834830568,0.0,0.014232537761429801,0.0,0.14147585791209866,0.1651012222634584,0.19041892198633897,0.009101293359980441,0.0,0.0,0.0,0.0,0.0,0.0,0.03506500406072813,0.0,0.0,0.14147585791209866,0.0,0.28570782087249663,0.29695050508100895,0.02300450949260226,0.0,0.0,0.0,0.0,0.0,0.017516920454815225,0.046419867880302196,0.0,0.07266798910802638,0.1651012222634584,0.28570782087249663,0.0,0.3613606029352683,0.018842767354388525,0.0,0.0,0.0,0.0,0.0,0.010948740952871225,0.09159575642171813,0.0,0.03363515179649668,0.19041892198633897,0.29695050508100895,0.3613606029352683,0.0,0.04411399646347297,0.0,0.0,0.0,0.0,0.0,0.0,0.0,0.0,0.0,0.009101293359980441,0.02300450949260226,0.018842767354388525,0.04411399646347297,0.0
99.0,0.0,0.051917800629912435,0.0,0.0,0.0,0.0,0.0,0.0,0.0,0.0,0.0,0.0,0.0,0.0,0.051917800629912435,0.0,0.4649757739481471,0.19323160685151164,0.046297754447483054,0.002967307977485168,0.0,0.0,0.0,0.0,0.0,0.0,0.0,0.0,0.0,0.4649757739481471,0.0,0.21603175066493374,0.0,0.0,0.0,0.0,0.0,0.0,0.0,0.0,0.0,0.0,0.0,0.19323160685151164,0.21603175066493374,0.0,0.022340135534523978,0.0,0.0,0.0,0.0,0.0,0.0,0.0,0.0,0.0,0.0,0.046297754447483054,0.0,0.022340135534523978,0.0,0.0,0.0,0.0,0.0,0.0,0.0,0.0,0.0,0.0,0.0,0.002967307977485168,0.0,0.0,0.0,0.0,0.0,0.0,0.0,0.0,0.0,0.0,0.0,0.0,0.0,0.0,0.0,0.0,0.0,0.0,0.0,0.0,0.0,0.0,0.0,0.13082625858185695,0.0,0.0,0.0,0.0,0.0,0.0,0.0,0.0,0.0,0.0,0.0,0.0,0.0,0.1942987616903816,0.0,0.0,0.0,0.0,0.0,0.0,0.0,0.0,0.0,0.0,0.0,0.0,0.0,0.036788158889329986,0.008491197809192334,0.0,0.0,0.0,0.0,0.0,0.0,0.0,0.0,0.0,0.0,0.0,0.007630352426889787,0.10909500656057239,0.04175927160715247,0.0,0.0,0.0,0.0,0.0,0.0,0.0,0.0,0.0,0.0,0.007630352426889787,0.0,0.37860998467107626,0.06721854395300035,0.0,0.0,0.0,0.0,0.0,0.0,0.0,0.13082625858185695,0.1942987616903816,0.036788158889329986,0.10909500656057239,0.37860998467107626,0.0,0.04432221877498945,0.022305049908634574,0.0,0.0,0.0,0.0,0.0,0.0,0.0,0.0,0.008491197809192334,0.04175927160715247,0.06721854395300035,0.04432221877498945,0.0,0.0,0.0,0.0,0.0,0.0,0.0,0.0,0.0,0.0,0.0,0.0,0.0,0.022305049908634574,0.0,0.0
100.0,0.0,0.14689004076538562,0.0,0.0,0.0,0.0,0.0,0.0,0.0,0.0,0.0,0.0,0.0,0.0,0.14689004076538562,0.0,0.07336274288154478,0.02768110756799302,0.0,0.0,0.0,0.0341982834781018,0.0,0.0,0.0,0.0,0.0,0.0,0.0,0.07336274288154478,0.0,0.09389160546772529,0.0,0.0,0.0,0.0,0.0,0.0,0.0,0.0,0.0,0.0,0.0,0.02768110756799302,0.09389160546772529,0.0,0.0,0.0,0.0,0.0,0.0,0.0,0.0,0.0,0.0,0.0,0.0,0.0,0.0,0.0,0.0,0.0,0.0,0.0019301275499375298,0.0,0.0,0.0,0.03582637807253465,0.01308531519547413,0.0,0.0,0.0,0.0,0.0,0.0,0.0,0.0,0.0,0.0,0.0,0.03341288511734307,0.025375623848597685,0.009841748726759036,0.0,0.0,0.0,0.0,0.0,0.0,0.0,0.0,0.0,0.0,0.017053513838317935,0.012179325635722257,0.0024539217654557938,0.14812062512629973,0.007316118258033759,0.0,0.0341982834781018,0.0,0.0,0.0019301275499375298,0.0,0.0,0.0,0.0,0.0,0.0,0.0,0.043937584949945076,0.0,0.0,0.0,0.0,0.0,0.0,0.0,0.0,0.0,0.0,0.019852740113956796,0.0,0.055143824835634424,0.04819063337101113,0.0,0.0,0.0,0.0,0.0,0.0,0.0,0.017053513838317935,0.0,0.019852740113956796,0.0,0.1822778338479861,0.14749250451620918,0.16052385243162215,0.008827894488958501,0.0,0.0,0.0,0.0,0.0,0.03341288511734307,0.012179325635722257,0.0,0.0,0.1822778338479861,0.0,0.36261324538293416,0.28763021395369914,0.031044069049099746,0.0,0.0,0.0,0.0,0.03582637807253465,0.025375623848597685,0.0024539217654557938,0.0,0.055143824835634424,0.14749250451620918,0.36261324538293416,0.0,0.32174456862292744,0.009318128970756335,0.0,0.0,0.0,0.0,0.01308531519547413,0.009841748726759036,0.14812062512629973,0.043937584949945076,0.04819063337101113,0.16052385243162215,0.28763021395369914,0.32174456862292744,0.0,0.05518754897936343,0.0,0.0,0.0,0.0,0.0,0.0,0.007316118258033759,0.0,0.0,0.008827894488958501,0.031044069049099746,0.009318128970756335,0.05518754897936343,0.0
